solid CATIA STL
  facet normal  -0.000000e+000  7.406285e-004  9.999997e-001
    outer loop
      vertex  4.000000e+000 -6.370762e+000  3.499546e+001
      vertex  1.500000e+000 -6.370762e+000  3.499546e+001
      vertex  4.000000e+000 -1.250000e+001  3.500000e+001
    endloop
  endfacet
  facet normal  4.554726e-007  7.408143e-004  9.999997e-001
    outer loop
      vertex  4.000000e+000 -1.250000e+001  3.500000e+001
      vertex  1.500000e+000 -6.370762e+000  3.499546e+001
      vertex  1.500000e+000 -1.637076e+001  3.500287e+001
    endloop
  endfacet
  facet normal  -0.000000e+000  7.411084e-004  9.999997e-001
    outer loop
      vertex  4.000000e+000 -1.250000e+001  3.500000e+001
      vertex  1.500000e+000 -1.637076e+001  3.500287e+001
      vertex  4.000000e+000 -1.637076e+001  3.500287e+001
    endloop
  endfacet
  facet normal  7.070419e-001  5.237237e-004  7.071715e-001
    outer loop
      vertex  1.500000e+000 -6.370762e+000  3.499546e+001
      vertex  1.495460e+000 -6.370759e+000  3.500000e+001
      vertex  1.496562e+000 -7.858772e+000  3.500000e+001
    endloop
  endfacet
  facet normal  7.071074e-001  5.237165e-004  7.071059e-001
    outer loop
      vertex  8.530946e-001 -7.954384e+000  3.564354e+001
      vertex  8.530946e-001 -1.637028e+001  3.564977e+001
      vertex  1.496562e+000 -7.858772e+000  3.500000e+001
    endloop
  endfacet
  facet normal  7.071061e-001  5.239150e-004  7.071073e-001
    outer loop
      vertex  1.496562e+000 -7.858772e+000  3.500000e+001
      vertex  8.530946e-001 -1.637028e+001  3.564977e+001
      vertex  1.500000e+000 -1.637076e+001  3.500287e+001
    endloop
  endfacet
  facet normal  7.070074e-001  5.239084e-004  7.072059e-001
    outer loop
      vertex  1.496562e+000 -7.858772e+000  3.500000e+001
      vertex  1.500000e+000 -1.637076e+001  3.500287e+001
      vertex  1.500000e+000 -6.370762e+000  3.499546e+001
    endloop
  endfacet
  facet normal -9.999999e-001  0.000000e+000  0.000000e+000
    outer loop
      vertex  4.000000e+000 -6.370759e+000  3.500000e+001
      vertex  4.000000e+000 -6.370762e+000  3.499546e+001
      vertex  4.000000e+000 -1.250000e+001  3.500000e+001
    endloop
  endfacet
  facet normal  0.000000e+000  0.000000e+000  1.000000e+000
    outer loop
      vertex  4.000000e+000  1.250000e+001  3.500000e+001
      vertex  6.496204e+000  1.242875e+001  3.500000e+001
      vertex  5.500000e+000  1.250000e+001  3.500000e+001
    endloop
  endfacet
  facet normal  0.000000e+000  0.000000e+000  1.000000e+000
    outer loop
      vertex -5.500000e+000  1.250000e+001  3.500000e+001
      vertex -6.496204e+000  1.242875e+001  3.500000e+001
      vertex -4.000000e+000  1.250000e+001  3.500000e+001
    endloop
  endfacet
  facet normal  0.000000e+000  0.000000e+000  1.000000e+000
    outer loop
      vertex  1.250000e+001 -5.500000e+000  3.500000e+001
      vertex  1.250000e+001 -4.000000e+000  3.500000e+001
      vertex  1.142543e+000 -4.015622e+000  3.500000e+001
    endloop
  endfacet
  facet normal  0.000000e+000  0.000000e+000  1.000000e+000
    outer loop
      vertex  1.250000e+001 -5.500000e+000  3.500000e+001
      vertex  1.142543e+000 -4.015622e+000  3.500000e+001
      vertex  3.852204e-001 -4.157190e+000  3.500000e+001
    endloop
  endfacet
  facet normal  0.000000e+000  0.000000e+000  1.000000e+000
    outer loop
      vertex  1.250000e+001 -5.500000e+000  3.500000e+001
      vertex  3.852204e-001 -4.157190e+000  3.500000e+001
      vertex  1.495460e+000 -6.370759e+000  3.500000e+001
    endloop
  endfacet
  facet normal  0.000000e+000  0.000000e+000  1.000000e+000
    outer loop
      vertex  1.250000e+001 -5.500000e+000  3.500000e+001
      vertex  1.495460e+000 -6.370759e+000  3.500000e+001
      vertex  4.000000e+000 -6.370759e+000  3.500000e+001
    endloop
  endfacet
  facet normal  -0.000000e+000  0.000000e+000  1.000000e+000
    outer loop
      vertex  1.250000e+001 -5.500000e+000  3.500000e+001
      vertex  4.000000e+000 -6.370759e+000  3.500000e+001
      vertex  1.242875e+001 -6.496204e+000  3.500000e+001
    endloop
  endfacet
  facet normal  0.000000e+000  0.000000e+000  1.000000e+000
    outer loop
      vertex -1.250000e+001  4.000000e+000  3.500000e+001
      vertex -1.250000e+001 -4.000000e+000  3.500000e+001
      vertex -2.516000e+000  3.331722e+000  3.500000e+001
    endloop
  endfacet
  facet normal  0.000000e+000  -0.000000e+000  1.000000e+000
    outer loop
      vertex -1.250000e+001  4.000000e+000  3.500000e+001
      vertex -2.516000e+000  3.331722e+000  3.500000e+001
      vertex -1.860958e+000  3.737307e+000  3.500000e+001
    endloop
  endfacet
  facet normal  0.000000e+000  -0.000000e+000  1.000000e+000
    outer loop
      vertex -1.250000e+001  4.000000e+000  3.500000e+001
      vertex -1.860958e+000  3.737307e+000  3.500000e+001
      vertex -1.142543e+000  4.015622e+000  3.500000e+001
    endloop
  endfacet
  facet normal  0.000000e+000  -0.000000e+000  1.000000e+000
    outer loop
      vertex -1.250000e+001  4.000000e+000  3.500000e+001
      vertex -1.142543e+000  4.015622e+000  3.500000e+001
      vertex -3.852204e-001  4.157190e+000  3.500000e+001
    endloop
  endfacet
  facet normal  0.000000e+000  0.000000e+000  1.000000e+000
    outer loop
      vertex -1.250000e+001  4.000000e+000  3.500000e+001
      vertex -3.852204e-001  4.157190e+000  3.500000e+001
      vertex -1.250000e+001  5.500000e+000  3.500000e+001
    endloop
  endfacet
  facet normal  0.000000e+000  0.000000e+000  1.000000e+000
    outer loop
      vertex -3.852204e-001 -4.157190e+000  3.500000e+001
      vertex -1.142543e+000 -4.015622e+000  3.500000e+001
      vertex -1.250000e+001 -4.000000e+000  3.500000e+001
    endloop
  endfacet
  facet normal  0.000000e+000  0.000000e+000  1.000000e+000
    outer loop
      vertex -3.852204e-001 -4.157190e+000  3.500000e+001
      vertex -1.250000e+001 -4.000000e+000  3.500000e+001
      vertex -1.250000e+001 -5.000000e+000  3.500000e+001
    endloop
  endfacet
  facet normal  0.000000e+000  0.000000e+000  1.000000e+000
    outer loop
      vertex -3.852204e-001 -4.157190e+000  3.500000e+001
      vertex -1.250000e+001 -5.000000e+000  3.500000e+001
      vertex -6.244998e+000 -5.000000e+000  3.500000e+001
    endloop
  endfacet
  facet normal  -0.000000e+000  0.000000e+000  1.000000e+000
    outer loop
      vertex -3.852204e-001 -4.157190e+000  3.500000e+001
      vertex -6.244998e+000 -5.000000e+000  3.500000e+001
      vertex -5.512440e+000 -5.797672e+000  3.500000e+001
    endloop
  endfacet
  facet normal  -0.000000e+000  0.000000e+000  1.000000e+000
    outer loop
      vertex -3.852204e-001 -4.157190e+000  3.500000e+001
      vertex -5.512440e+000 -5.797672e+000  3.500000e+001
      vertex -4.678857e+000 -6.489091e+000  3.500000e+001
    endloop
  endfacet
  facet normal  -0.000000e+000  0.000000e+000  1.000000e+000
    outer loop
      vertex -3.852204e-001 -4.157190e+000  3.500000e+001
      vertex -4.678857e+000 -6.489091e+000  3.500000e+001
      vertex -3.759524e+000 -7.061584e+000  3.500000e+001
    endloop
  endfacet
  facet normal  -0.000000e+000  0.000000e+000  1.000000e+000
    outer loop
      vertex -3.852204e-001 -4.157190e+000  3.500000e+001
      vertex -3.759524e+000 -7.061584e+000  3.500000e+001
      vertex -2.771291e+000 -7.504662e+000  3.500000e+001
    endloop
  endfacet
  facet normal  -0.000000e+000  0.000000e+000  1.000000e+000
    outer loop
      vertex -3.852204e-001 -4.157190e+000  3.500000e+001
      vertex -2.771291e+000 -7.504662e+000  3.500000e+001
      vertex -1.732269e+000 -7.810201e+000  3.500000e+001
    endloop
  endfacet
  facet normal  -0.000000e+000  0.000000e+000  1.000000e+000
    outer loop
      vertex -3.852204e-001 -4.157190e+000  3.500000e+001
      vertex -1.732269e+000 -7.810201e+000  3.500000e+001
      vertex -6.615002e-001 -7.972604e+000  3.500000e+001
    endloop
  endfacet
  facet normal  0.000000e+000  0.000000e+000  1.000000e+000
    outer loop
      vertex  1.250000e+001  5.500000e+000  3.500000e+001
      vertex  1.242875e+001  6.496204e+000  3.500000e+001
      vertex  1.221645e+001  7.472128e+000  3.500000e+001
    endloop
  endfacet
  facet normal  0.000000e+000  0.000000e+000  1.000000e+000
    outer loop
      vertex  1.250000e+001  5.500000e+000  3.500000e+001
      vertex  1.221645e+001  7.472128e+000  3.500000e+001
      vertex  1.186742e+001  8.407905e+000  3.500000e+001
    endloop
  endfacet
  facet normal  0.000000e+000  0.000000e+000  9.999999e-001
    outer loop
      vertex  1.250000e+001  5.500000e+000  3.500000e+001
      vertex  1.186742e+001  8.407905e+000  3.500000e+001
      vertex  1.138877e+001  9.284486e+000  3.500000e+001
    endloop
  endfacet
  facet normal  0.000000e+000  0.000000e+000  1.000000e+000
    outer loop
      vertex  1.250000e+001  5.500000e+000  3.500000e+001
      vertex  1.138877e+001  9.284486e+000  3.500000e+001
      vertex  1.079025e+001  1.008403e+001  3.500000e+001
    endloop
  endfacet
  facet normal  0.000000e+000  0.000000e+000  1.000000e+000
    outer loop
      vertex  1.250000e+001  5.500000e+000  3.500000e+001
      vertex  1.079025e+001  1.008403e+001  3.500000e+001
      vertex  1.008403e+001  1.079025e+001  3.500000e+001
    endloop
  endfacet
  facet normal  0.000000e+000  0.000000e+000  1.000000e+000
    outer loop
      vertex  1.250000e+001  5.500000e+000  3.500000e+001
      vertex  1.008403e+001  1.079025e+001  3.500000e+001
      vertex  9.284486e+000  1.138877e+001  3.500000e+001
    endloop
  endfacet
  facet normal  0.000000e+000  0.000000e+000  1.000000e+000
    outer loop
      vertex  1.250000e+001  5.500000e+000  3.500000e+001
      vertex  9.284486e+000  1.138877e+001  3.500000e+001
      vertex  8.407905e+000  1.186742e+001  3.500000e+001
    endloop
  endfacet
  facet normal  0.000000e+000  0.000000e+000  1.000000e+000
    outer loop
      vertex  1.250000e+001  5.500000e+000  3.500000e+001
      vertex  8.407905e+000  1.186742e+001  3.500000e+001
      vertex  7.472128e+000  1.221645e+001  3.500000e+001
    endloop
  endfacet
  facet normal  0.000000e+000  0.000000e+000  1.000000e+000
    outer loop
      vertex  1.250000e+001  5.500000e+000  3.500000e+001
      vertex  7.472128e+000  1.221645e+001  3.500000e+001
      vertex  6.496204e+000  1.242875e+001  3.500000e+001
    endloop
  endfacet
  facet normal  0.000000e+000  0.000000e+000  1.000000e+000
    outer loop
      vertex  1.250000e+001  5.500000e+000  3.500000e+001
      vertex  6.496204e+000  1.242875e+001  3.500000e+001
      vertex  4.000000e+000  1.250000e+001  3.500000e+001
    endloop
  endfacet
  facet normal  0.000000e+000  0.000000e+000  1.000000e+000
    outer loop
      vertex  1.250000e+001  5.500000e+000  3.500000e+001
      vertex  4.000000e+000  1.250000e+001  3.500000e+001
      vertex  3.852204e-001  4.157190e+000  3.500000e+001
    endloop
  endfacet
  facet normal  -0.000000e+000  0.000000e+000  1.000000e+000
    outer loop
      vertex  1.250000e+001  5.500000e+000  3.500000e+001
      vertex  3.852204e-001  4.157190e+000  3.500000e+001
      vertex  1.142543e+000  4.015622e+000  3.500000e+001
    endloop
  endfacet
  facet normal  -0.000000e+000  0.000000e+000  1.000000e+000
    outer loop
      vertex  1.250000e+001  5.500000e+000  3.500000e+001
      vertex  1.142543e+000  4.015622e+000  3.500000e+001
      vertex  1.250000e+001  4.000000e+000  3.500000e+001
    endloop
  endfacet
  facet normal  0.000000e+000  -0.000000e+000  1.000000e+000
    outer loop
      vertex -3.852204e-001  4.157190e+000  3.500000e+001
      vertex  3.852204e-001  4.157190e+000  3.500000e+001
      vertex  4.000000e+000  1.250000e+001  3.500000e+001
    endloop
  endfacet
  facet normal  0.000000e+000  0.000000e+000  1.000000e+000
    outer loop
      vertex -3.852204e-001  4.157190e+000  3.500000e+001
      vertex  4.000000e+000  1.250000e+001  3.500000e+001
      vertex -4.000000e+000  1.250000e+001  3.500000e+001
    endloop
  endfacet
  facet normal  0.000000e+000  0.000000e+000  1.000000e+000
    outer loop
      vertex -3.852204e-001  4.157190e+000  3.500000e+001
      vertex -4.000000e+000  1.250000e+001  3.500000e+001
      vertex -6.496204e+000  1.242875e+001  3.500000e+001
    endloop
  endfacet
  facet normal  0.000000e+000  0.000000e+000  1.000000e+000
    outer loop
      vertex -3.852204e-001  4.157190e+000  3.500000e+001
      vertex -6.496204e+000  1.242875e+001  3.500000e+001
      vertex -7.472128e+000  1.221645e+001  3.500000e+001
    endloop
  endfacet
  facet normal  0.000000e+000  0.000000e+000  9.999999e-001
    outer loop
      vertex -3.852204e-001  4.157190e+000  3.500000e+001
      vertex -7.472128e+000  1.221645e+001  3.500000e+001
      vertex -8.407905e+000  1.186742e+001  3.500000e+001
    endloop
  endfacet
  facet normal  0.000000e+000  0.000000e+000  1.000000e+000
    outer loop
      vertex -3.852204e-001  4.157190e+000  3.500000e+001
      vertex -8.407905e+000  1.186742e+001  3.500000e+001
      vertex -9.284486e+000  1.138877e+001  3.500000e+001
    endloop
  endfacet
  facet normal  0.000000e+000  0.000000e+000  9.999999e-001
    outer loop
      vertex -3.852204e-001  4.157190e+000  3.500000e+001
      vertex -9.284486e+000  1.138877e+001  3.500000e+001
      vertex -1.008403e+001  1.079025e+001  3.500000e+001
    endloop
  endfacet
  facet normal  0.000000e+000  0.000000e+000  1.000000e+000
    outer loop
      vertex -3.852204e-001  4.157190e+000  3.500000e+001
      vertex -1.008403e+001  1.079025e+001  3.500000e+001
      vertex -1.079025e+001  1.008403e+001  3.500000e+001
    endloop
  endfacet
  facet normal  0.000000e+000  0.000000e+000  1.000000e+000
    outer loop
      vertex -3.852204e-001  4.157190e+000  3.500000e+001
      vertex -1.079025e+001  1.008403e+001  3.500000e+001
      vertex -1.138877e+001  9.284486e+000  3.500000e+001
    endloop
  endfacet
  facet normal  0.000000e+000  0.000000e+000  1.000000e+000
    outer loop
      vertex -3.852204e-001  4.157190e+000  3.500000e+001
      vertex -1.138877e+001  9.284486e+000  3.500000e+001
      vertex -1.186742e+001  8.407905e+000  3.500000e+001
    endloop
  endfacet
  facet normal  0.000000e+000  0.000000e+000  1.000000e+000
    outer loop
      vertex -3.852204e-001  4.157190e+000  3.500000e+001
      vertex -1.186742e+001  8.407905e+000  3.500000e+001
      vertex -1.221645e+001  7.472128e+000  3.500000e+001
    endloop
  endfacet
  facet normal  0.000000e+000  0.000000e+000  1.000000e+000
    outer loop
      vertex -3.852204e-001  4.157190e+000  3.500000e+001
      vertex -1.221645e+001  7.472128e+000  3.500000e+001
      vertex -1.242875e+001  6.496204e+000  3.500000e+001
    endloop
  endfacet
  facet normal  0.000000e+000  0.000000e+000  1.000000e+000
    outer loop
      vertex -3.852204e-001  4.157190e+000  3.500000e+001
      vertex -1.242875e+001  6.496204e+000  3.500000e+001
      vertex -1.250000e+001  5.500000e+000  3.500000e+001
    endloop
  endfacet
  facet normal  0.000000e+000  0.000000e+000  1.000000e+000
    outer loop
      vertex  1.250000e+001 -4.000000e+000  3.500000e+001
      vertex  2.516000e+000  3.331722e+000  3.500000e+001
      vertex  3.085362e+000  2.812679e+000  3.500000e+001
    endloop
  endfacet
  facet normal  0.000000e+000  0.000000e+000  1.000000e+000
    outer loop
      vertex  1.250000e+001 -4.000000e+000  3.500000e+001
      vertex  3.085362e+000  2.812679e+000  3.500000e+001
      vertex  3.549657e+000  2.197854e+000  3.500000e+001
    endloop
  endfacet
  facet normal  0.000000e+000  0.000000e+000  1.000000e+000
    outer loop
      vertex  1.250000e+001 -4.000000e+000  3.500000e+001
      vertex  3.549657e+000  2.197854e+000  3.500000e+001
      vertex  3.893072e+000  1.508184e+000  3.500000e+001
    endloop
  endfacet
  facet normal  0.000000e+000  0.000000e+000  1.000000e+000
    outer loop
      vertex  1.250000e+001 -4.000000e+000  3.500000e+001
      vertex  3.893072e+000  1.508184e+000  3.500000e+001
      vertex  4.103913e+000  7.671542e-001  3.500000e+001
    endloop
  endfacet
  facet normal  0.000000e+000  0.000000e+000  1.000000e+000
    outer loop
      vertex  1.250000e+001 -4.000000e+000  3.500000e+001
      vertex  4.103913e+000  7.671542e-001  3.500000e+001
      vertex  4.175000e+000  0.000000e+000  3.500000e+001
    endloop
  endfacet
  facet normal  0.000000e+000  0.000000e+000  1.000000e+000
    outer loop
      vertex  1.250000e+001 -4.000000e+000  3.500000e+001
      vertex  4.175000e+000  0.000000e+000  3.500000e+001
      vertex  4.103913e+000 -7.671542e-001  3.500000e+001
    endloop
  endfacet
  facet normal  0.000000e+000  0.000000e+000  1.000000e+000
    outer loop
      vertex  1.250000e+001 -4.000000e+000  3.500000e+001
      vertex  4.103913e+000 -7.671542e-001  3.500000e+001
      vertex  3.893072e+000 -1.508184e+000  3.500000e+001
    endloop
  endfacet
  facet normal  0.000000e+000  0.000000e+000  1.000000e+000
    outer loop
      vertex  1.250000e+001 -4.000000e+000  3.500000e+001
      vertex  3.893072e+000 -1.508184e+000  3.500000e+001
      vertex  3.549657e+000 -2.197854e+000  3.500000e+001
    endloop
  endfacet
  facet normal  0.000000e+000  0.000000e+000  1.000000e+000
    outer loop
      vertex  1.250000e+001 -4.000000e+000  3.500000e+001
      vertex  3.549657e+000 -2.197854e+000  3.500000e+001
      vertex  3.085362e+000 -2.812679e+000  3.500000e+001
    endloop
  endfacet
  facet normal  0.000000e+000  0.000000e+000  1.000000e+000
    outer loop
      vertex  1.250000e+001 -4.000000e+000  3.500000e+001
      vertex  3.085362e+000 -2.812679e+000  3.500000e+001
      vertex  2.516000e+000 -3.331722e+000  3.500000e+001
    endloop
  endfacet
  facet normal  0.000000e+000  0.000000e+000  1.000000e+000
    outer loop
      vertex  1.250000e+001 -4.000000e+000  3.500000e+001
      vertex  2.516000e+000 -3.331722e+000  3.500000e+001
      vertex  1.860958e+000 -3.737307e+000  3.500000e+001
    endloop
  endfacet
  facet normal  0.000000e+000  0.000000e+000  1.000000e+000
    outer loop
      vertex  1.250000e+001 -4.000000e+000  3.500000e+001
      vertex  1.860958e+000 -3.737307e+000  3.500000e+001
      vertex  1.142543e+000 -4.015622e+000  3.500000e+001
    endloop
  endfacet
  facet normal  0.000000e+000  0.000000e+000  1.000000e+000
    outer loop
      vertex  1.250000e+001  4.000000e+000  3.500000e+001
      vertex  1.142543e+000  4.015622e+000  3.500000e+001
      vertex  1.860958e+000  3.737307e+000  3.500000e+001
    endloop
  endfacet
  facet normal  -0.000000e+000  0.000000e+000  1.000000e+000
    outer loop
      vertex  1.250000e+001  4.000000e+000  3.500000e+001
      vertex  1.860958e+000  3.737307e+000  3.500000e+001
      vertex  2.516000e+000  3.331722e+000  3.500000e+001
    endloop
  endfacet
  facet normal  -0.000000e+000  0.000000e+000  1.000000e+000
    outer loop
      vertex  1.250000e+001  4.000000e+000  3.500000e+001
      vertex  2.516000e+000  3.331722e+000  3.500000e+001
      vertex  1.250000e+001 -4.000000e+000  3.500000e+001
    endloop
  endfacet
  facet normal  0.000000e+000  -0.000000e+000  1.000000e+000
    outer loop
      vertex  4.000000e+000 -1.250000e+001  3.500000e+001
      vertex  5.500000e+000 -1.250000e+001  3.500000e+001
      vertex  6.496204e+000 -1.242875e+001  3.500000e+001
    endloop
  endfacet
  facet normal  0.000000e+000  -0.000000e+000  1.000000e+000
    outer loop
      vertex  4.000000e+000 -1.250000e+001  3.500000e+001
      vertex  6.496204e+000 -1.242875e+001  3.500000e+001
      vertex  7.472128e+000 -1.221645e+001  3.500000e+001
    endloop
  endfacet
  facet normal  0.000000e+000  -0.000000e+000  1.000000e+000
    outer loop
      vertex  4.000000e+000 -1.250000e+001  3.500000e+001
      vertex  7.472128e+000 -1.221645e+001  3.500000e+001
      vertex  8.407905e+000 -1.186742e+001  3.500000e+001
    endloop
  endfacet
  facet normal  0.000000e+000  -0.000000e+000  1.000000e+000
    outer loop
      vertex  4.000000e+000 -1.250000e+001  3.500000e+001
      vertex  8.407905e+000 -1.186742e+001  3.500000e+001
      vertex  9.284486e+000 -1.138877e+001  3.500000e+001
    endloop
  endfacet
  facet normal  0.000000e+000  -0.000000e+000  1.000000e+000
    outer loop
      vertex  4.000000e+000 -1.250000e+001  3.500000e+001
      vertex  9.284486e+000 -1.138877e+001  3.500000e+001
      vertex  1.008403e+001 -1.079025e+001  3.500000e+001
    endloop
  endfacet
  facet normal  0.000000e+000  -0.000000e+000  1.000000e+000
    outer loop
      vertex  4.000000e+000 -1.250000e+001  3.500000e+001
      vertex  1.008403e+001 -1.079025e+001  3.500000e+001
      vertex  1.079025e+001 -1.008403e+001  3.500000e+001
    endloop
  endfacet
  facet normal  0.000000e+000  -0.000000e+000  1.000000e+000
    outer loop
      vertex  4.000000e+000 -1.250000e+001  3.500000e+001
      vertex  1.079025e+001 -1.008403e+001  3.500000e+001
      vertex  1.138877e+001 -9.284486e+000  3.500000e+001
    endloop
  endfacet
  facet normal  0.000000e+000  -0.000000e+000  1.000000e+000
    outer loop
      vertex  4.000000e+000 -1.250000e+001  3.500000e+001
      vertex  1.138877e+001 -9.284486e+000  3.500000e+001
      vertex  1.186742e+001 -8.407905e+000  3.500000e+001
    endloop
  endfacet
  facet normal  0.000000e+000  -0.000000e+000  1.000000e+000
    outer loop
      vertex  4.000000e+000 -1.250000e+001  3.500000e+001
      vertex  1.186742e+001 -8.407905e+000  3.500000e+001
      vertex  1.221645e+001 -7.472128e+000  3.500000e+001
    endloop
  endfacet
  facet normal  0.000000e+000  -0.000000e+000  1.000000e+000
    outer loop
      vertex  4.000000e+000 -1.250000e+001  3.500000e+001
      vertex  1.221645e+001 -7.472128e+000  3.500000e+001
      vertex  1.242875e+001 -6.496204e+000  3.500000e+001
    endloop
  endfacet
  facet normal  0.000000e+000  0.000000e+000  1.000000e+000
    outer loop
      vertex  4.000000e+000 -1.250000e+001  3.500000e+001
      vertex  1.242875e+001 -6.496204e+000  3.500000e+001
      vertex  4.000000e+000 -6.370759e+000  3.500000e+001
    endloop
  endfacet
  facet normal  0.000000e+000  0.000000e+000  1.000000e+000
    outer loop
      vertex -1.250000e+001 -4.000000e+000  3.500000e+001
      vertex -1.142543e+000 -4.015622e+000  3.500000e+001
      vertex -1.860958e+000 -3.737307e+000  3.500000e+001
    endloop
  endfacet
  facet normal  0.000000e+000  0.000000e+000  1.000000e+000
    outer loop
      vertex -1.250000e+001 -4.000000e+000  3.500000e+001
      vertex -1.860958e+000 -3.737307e+000  3.500000e+001
      vertex -2.516000e+000 -3.331722e+000  3.500000e+001
    endloop
  endfacet
  facet normal  0.000000e+000  0.000000e+000  1.000000e+000
    outer loop
      vertex -1.250000e+001 -4.000000e+000  3.500000e+001
      vertex -2.516000e+000 -3.331722e+000  3.500000e+001
      vertex -3.085362e+000 -2.812679e+000  3.500000e+001
    endloop
  endfacet
  facet normal  0.000000e+000  0.000000e+000  1.000000e+000
    outer loop
      vertex -1.250000e+001 -4.000000e+000  3.500000e+001
      vertex -3.085362e+000 -2.812679e+000  3.500000e+001
      vertex -3.549657e+000 -2.197854e+000  3.500000e+001
    endloop
  endfacet
  facet normal  0.000000e+000  0.000000e+000  1.000000e+000
    outer loop
      vertex -1.250000e+001 -4.000000e+000  3.500000e+001
      vertex -3.549657e+000 -2.197854e+000  3.500000e+001
      vertex -3.893072e+000 -1.508184e+000  3.500000e+001
    endloop
  endfacet
  facet normal  0.000000e+000  0.000000e+000  1.000000e+000
    outer loop
      vertex -1.250000e+001 -4.000000e+000  3.500000e+001
      vertex -3.893072e+000 -1.508184e+000  3.500000e+001
      vertex -4.103913e+000 -7.671542e-001  3.500000e+001
    endloop
  endfacet
  facet normal  0.000000e+000  0.000000e+000  1.000000e+000
    outer loop
      vertex -1.250000e+001 -4.000000e+000  3.500000e+001
      vertex -4.103913e+000 -7.671542e-001  3.500000e+001
      vertex -4.175000e+000  5.112732e-016  3.500000e+001
    endloop
  endfacet
  facet normal  0.000000e+000  -0.000000e+000  9.999999e-001
    outer loop
      vertex -1.250000e+001 -4.000000e+000  3.500000e+001
      vertex -4.175000e+000  5.112732e-016  3.500000e+001
      vertex -4.103913e+000  7.671542e-001  3.500000e+001
    endloop
  endfacet
  facet normal  0.000000e+000  -0.000000e+000  9.999999e-001
    outer loop
      vertex -1.250000e+001 -4.000000e+000  3.500000e+001
      vertex -4.103913e+000  7.671542e-001  3.500000e+001
      vertex -3.893072e+000  1.508184e+000  3.500000e+001
    endloop
  endfacet
  facet normal  0.000000e+000  -0.000000e+000  1.000000e+000
    outer loop
      vertex -1.250000e+001 -4.000000e+000  3.500000e+001
      vertex -3.893072e+000  1.508184e+000  3.500000e+001
      vertex -3.549657e+000  2.197854e+000  3.500000e+001
    endloop
  endfacet
  facet normal  0.000000e+000  -0.000000e+000  1.000000e+000
    outer loop
      vertex -1.250000e+001 -4.000000e+000  3.500000e+001
      vertex -3.549657e+000  2.197854e+000  3.500000e+001
      vertex -3.085362e+000  2.812679e+000  3.500000e+001
    endloop
  endfacet
  facet normal  0.000000e+000  -0.000000e+000  1.000000e+000
    outer loop
      vertex -1.250000e+001 -4.000000e+000  3.500000e+001
      vertex -3.085362e+000  2.812679e+000  3.500000e+001
      vertex -2.516000e+000  3.331722e+000  3.500000e+001
    endloop
  endfacet
  facet normal  0.000000e+000  0.000000e+000  1.000000e+000
    outer loop
      vertex -6.615002e-001 -7.972604e+000  3.500000e+001
      vertex  4.213923e-001 -7.988894e+000  3.500000e+001
      vertex -3.852204e-001 -4.157190e+000  3.500000e+001
    endloop
  endfacet
  facet normal  -0.000000e+000  0.000000e+000  1.000000e+000
    outer loop
      vertex -3.852204e-001 -4.157190e+000  3.500000e+001
      vertex  4.213923e-001 -7.988894e+000  3.500000e+001
      vertex  3.852204e-001 -4.157190e+000  3.500000e+001
    endloop
  endfacet
  facet normal  0.000000e+000  0.000000e+000  1.000000e+000
    outer loop
      vertex  4.213923e-001 -7.988894e+000  3.500000e+001
      vertex  1.496562e+000 -7.858772e+000  3.500000e+001
      vertex  3.852204e-001 -4.157190e+000  3.500000e+001
    endloop
  endfacet
  facet normal  0.000000e+000  0.000000e+000  1.000000e+000
    outer loop
      vertex  3.852204e-001 -4.157190e+000  3.500000e+001
      vertex  1.496562e+000 -7.858772e+000  3.500000e+001
      vertex  1.495460e+000 -6.370759e+000  3.500000e+001
    endloop
  endfacet
  facet normal  9.999999e-001  0.000000e+000  -0.000000e+000
    outer loop
      vertex  4.000000e+000 -1.839637e+001  2.476625e+001
      vertex  4.000000e+000 -1.835410e+001  2.029366e+001
      vertex  4.000000e+000 -1.797125e+001  2.454964e+001
    endloop
  endfacet
  facet normal  1.000000e+000  -0.000000e+000  0.000000e+000
    outer loop
      vertex  4.000000e+000 -1.637076e+001  3.500287e+001
      vertex  4.000000e+000 -1.637298e+001  3.200000e+001
      vertex  4.000000e+000 -1.626625e+001  2.689637e+001
    endloop
  endfacet
  facet normal  1.000000e+000  -0.000000e+000  -0.000000e+000
    outer loop
      vertex  4.000000e+000 -1.637076e+001  3.500287e+001
      vertex  4.000000e+000 -1.626625e+001  2.689637e+001
      vertex  4.000000e+000 -1.604964e+001  2.647125e+001
    endloop
  endfacet
  facet normal  9.999999e-001  -0.000000e+000  -0.000000e+000
    outer loop
      vertex  4.000000e+000 -1.637076e+001  3.500287e+001
      vertex  4.000000e+000 -1.604964e+001  2.647125e+001
      vertex  4.000000e+000 -1.597500e+001  2.600000e+001
    endloop
  endfacet
  facet normal  1.000000e+000  0.000000e+000  -0.000000e+000
    outer loop
      vertex  4.000000e+000 -1.637076e+001  3.500287e+001
      vertex  4.000000e+000 -1.597500e+001  2.600000e+001
      vertex  4.000000e+000 -1.250000e+001  3.500000e+001
    endloop
  endfacet
  facet normal  1.000000e+000  -0.000000e+000  -0.000000e+000
    outer loop
      vertex  4.000000e+000 -1.597500e+001  2.600000e+001
      vertex  4.000000e+000 -1.580541e+001  1.993923e+001
      vertex  4.000000e+000 -1.513192e+001  1.975877e+001
    endloop
  endfacet
  facet normal  1.000000e+000  -0.000000e+000  -0.000000e+000
    outer loop
      vertex  4.000000e+000 -1.597500e+001  2.600000e+001
      vertex  4.000000e+000 -1.513192e+001  1.975877e+001
      vertex  4.000000e+000 -1.450000e+001  1.946410e+001
    endloop
  endfacet
  facet normal  1.000000e+000  -0.000000e+000  -0.000000e+000
    outer loop
      vertex  4.000000e+000 -1.597500e+001  2.600000e+001
      vertex  4.000000e+000 -1.450000e+001  1.946410e+001
      vertex  4.000000e+000 -1.392885e+001  1.906418e+001
    endloop
  endfacet
  facet normal  1.000000e+000  -0.000000e+000  -0.000000e+000
    outer loop
      vertex  4.000000e+000 -1.597500e+001  2.600000e+001
      vertex  4.000000e+000 -1.392885e+001  1.906418e+001
      vertex  4.000000e+000 -1.343582e+001  1.857115e+001
    endloop
  endfacet
  facet normal  1.000000e+000  -0.000000e+000  -0.000000e+000
    outer loop
      vertex  4.000000e+000 -1.597500e+001  2.600000e+001
      vertex  4.000000e+000 -1.343582e+001  1.857115e+001
      vertex  4.000000e+000 -1.303590e+001  1.800000e+001
    endloop
  endfacet
  facet normal  1.000000e+000  0.000000e+000  -0.000000e+000
    outer loop
      vertex  4.000000e+000 -1.597500e+001  2.600000e+001
      vertex  4.000000e+000 -1.303590e+001  1.800000e+001
      vertex  4.000000e+000 -1.250000e+001  1.800000e+001
    endloop
  endfacet
  facet normal  1.000000e+000  0.000000e+000  -0.000000e+000
    outer loop
      vertex  4.000000e+000 -1.597500e+001  2.600000e+001
      vertex  4.000000e+000 -1.250000e+001  1.800000e+001
      vertex  4.000000e+000 -1.250000e+001  3.500000e+001
    endloop
  endfacet
  facet normal  1.000000e+000  0.000000e+000  0.000000e+000
    outer loop
      vertex  4.000000e+000 -1.650000e+001  2.000000e+001
      vertex  4.000000e+000 -1.580541e+001  1.993923e+001
      vertex  4.000000e+000 -1.597500e+001  2.600000e+001
    endloop
  endfacet
  facet normal  1.000000e+000  0.000000e+000  0.000000e+000
    outer loop
      vertex  4.000000e+000 -1.650000e+001  2.000000e+001
      vertex  4.000000e+000 -1.597500e+001  2.600000e+001
      vertex  4.000000e+000 -1.604964e+001  2.552875e+001
    endloop
  endfacet
  facet normal  1.000000e+000  0.000000e+000  0.000000e+000
    outer loop
      vertex  4.000000e+000 -1.650000e+001  2.000000e+001
      vertex  4.000000e+000 -1.604964e+001  2.552875e+001
      vertex  4.000000e+000 -1.626625e+001  2.510363e+001
    endloop
  endfacet
  facet normal  1.000000e+000  0.000000e+000  0.000000e+000
    outer loop
      vertex  4.000000e+000 -1.650000e+001  2.000000e+001
      vertex  4.000000e+000 -1.626625e+001  2.510363e+001
      vertex  4.000000e+000 -1.660363e+001  2.476625e+001
    endloop
  endfacet
  facet normal  1.000000e+000  0.000000e+000  0.000000e+000
    outer loop
      vertex  4.000000e+000 -1.650000e+001  2.000000e+001
      vertex  4.000000e+000 -1.660363e+001  2.476625e+001
      vertex  4.000000e+000 -1.702875e+001  2.454964e+001
    endloop
  endfacet
  facet normal  1.000000e+000  0.000000e+000  0.000000e+000
    outer loop
      vertex  4.000000e+000 -1.650000e+001  2.000000e+001
      vertex  4.000000e+000 -1.702875e+001  2.454964e+001
      vertex  4.000000e+000 -1.743861e+001  2.007387e+001
    endloop
  endfacet
  facet normal  1.000000e+000  0.000000e+000  0.000000e+000
    outer loop
      vertex  4.000000e+000 -1.922394e+001  2.065396e+001
      vertex  4.000000e+000 -1.835410e+001  2.029366e+001
      vertex  4.000000e+000 -1.839637e+001  2.476625e+001
    endloop
  endfacet
  facet normal  1.000000e+000  0.000000e+000  0.000000e+000
    outer loop
      vertex  4.000000e+000 -1.922394e+001  2.065396e+001
      vertex  4.000000e+000 -1.839637e+001  2.476625e+001
      vertex  4.000000e+000 -1.873375e+001  2.510363e+001
    endloop
  endfacet
  facet normal  1.000000e+000  0.000000e+000  0.000000e+000
    outer loop
      vertex  4.000000e+000 -1.922394e+001  2.065396e+001
      vertex  4.000000e+000 -1.873375e+001  2.510363e+001
      vertex  4.000000e+000 -1.895036e+001  2.552875e+001
    endloop
  endfacet
  facet normal  1.000000e+000  0.000000e+000  0.000000e+000
    outer loop
      vertex  4.000000e+000 -1.922394e+001  2.065396e+001
      vertex  4.000000e+000 -1.895036e+001  2.552875e+001
      vertex  4.000000e+000 -1.902500e+001  2.600000e+001
    endloop
  endfacet
  facet normal  1.000000e+000  0.000000e+000  0.000000e+000
    outer loop
      vertex  4.000000e+000 -1.922394e+001  2.065396e+001
      vertex  4.000000e+000 -1.902500e+001  2.600000e+001
      vertex  4.000000e+000 -2.250000e+001  2.600000e+001
    endloop
  endfacet
  facet normal  1.000000e+000  -0.000000e+000  -0.000000e+000
    outer loop
      vertex  4.000000e+000 -2.250000e+001  2.600000e+001
      vertex  4.000000e+000 -2.242613e+001  2.506139e+001
      vertex  4.000000e+000 -2.220634e+001  2.414590e+001
    endloop
  endfacet
  facet normal  1.000000e+000  -0.000000e+000  -0.000000e+000
    outer loop
      vertex  4.000000e+000 -2.250000e+001  2.600000e+001
      vertex  4.000000e+000 -2.220634e+001  2.414590e+001
      vertex  4.000000e+000 -2.184604e+001  2.327606e+001
    endloop
  endfacet
  facet normal  1.000000e+000  -0.000000e+000  -0.000000e+000
    outer loop
      vertex  4.000000e+000 -2.250000e+001  2.600000e+001
      vertex  4.000000e+000 -2.184604e+001  2.327606e+001
      vertex  4.000000e+000 -2.135410e+001  2.247329e+001
    endloop
  endfacet
  facet normal  1.000000e+000  -0.000000e+000  -0.000000e+000
    outer loop
      vertex  4.000000e+000 -2.250000e+001  2.600000e+001
      vertex  4.000000e+000 -2.135410e+001  2.247329e+001
      vertex  4.000000e+000 -2.074264e+001  2.175736e+001
    endloop
  endfacet
  facet normal  9.999999e-001  -0.000000e+000  -0.000000e+000
    outer loop
      vertex  4.000000e+000 -2.250000e+001  2.600000e+001
      vertex  4.000000e+000 -2.074264e+001  2.175736e+001
      vertex  4.000000e+000 -2.002671e+001  2.114590e+001
    endloop
  endfacet
  facet normal  1.000000e+000  -0.000000e+000  -0.000000e+000
    outer loop
      vertex  4.000000e+000 -2.250000e+001  2.600000e+001
      vertex  4.000000e+000 -2.002671e+001  2.114590e+001
      vertex  4.000000e+000 -1.922394e+001  2.065396e+001
    endloop
  endfacet
  facet normal  1.000000e+000  0.000000e+000  -0.000000e+000
    outer loop
      vertex  4.000000e+000 -1.922394e+001  3.134604e+001
      vertex  4.000000e+000 -1.902500e+001  2.600000e+001
      vertex  4.000000e+000 -1.895036e+001  2.647125e+001
    endloop
  endfacet
  facet normal  1.000000e+000  0.000000e+000  -0.000000e+000
    outer loop
      vertex  4.000000e+000 -1.922394e+001  3.134604e+001
      vertex  4.000000e+000 -1.895036e+001  2.647125e+001
      vertex  4.000000e+000 -1.873375e+001  2.689637e+001
    endloop
  endfacet
  facet normal  1.000000e+000  0.000000e+000  -0.000000e+000
    outer loop
      vertex  4.000000e+000 -1.922394e+001  3.134604e+001
      vertex  4.000000e+000 -1.873375e+001  2.689637e+001
      vertex  4.000000e+000 -1.839637e+001  2.723375e+001
    endloop
  endfacet
  facet normal  1.000000e+000  0.000000e+000  -0.000000e+000
    outer loop
      vertex  4.000000e+000 -1.922394e+001  3.134604e+001
      vertex  4.000000e+000 -1.839637e+001  2.723375e+001
      vertex  4.000000e+000 -1.835410e+001  3.170634e+001
    endloop
  endfacet
  facet normal  1.000000e+000  0.000000e+000  0.000000e+000
    outer loop
      vertex  4.000000e+000 -2.250000e+001  2.600000e+001
      vertex  4.000000e+000 -1.902500e+001  2.600000e+001
      vertex  4.000000e+000 -1.922394e+001  3.134604e+001
    endloop
  endfacet
  facet normal  1.000000e+000  0.000000e+000  0.000000e+000
    outer loop
      vertex  4.000000e+000 -2.250000e+001  2.600000e+001
      vertex  4.000000e+000 -1.922394e+001  3.134604e+001
      vertex  4.000000e+000 -2.002671e+001  3.085410e+001
    endloop
  endfacet
  facet normal  9.999999e-001  0.000000e+000  0.000000e+000
    outer loop
      vertex  4.000000e+000 -2.250000e+001  2.600000e+001
      vertex  4.000000e+000 -2.002671e+001  3.085410e+001
      vertex  4.000000e+000 -2.074264e+001  3.024264e+001
    endloop
  endfacet
  facet normal  1.000000e+000  0.000000e+000  0.000000e+000
    outer loop
      vertex  4.000000e+000 -2.250000e+001  2.600000e+001
      vertex  4.000000e+000 -2.074264e+001  3.024264e+001
      vertex  4.000000e+000 -2.135410e+001  2.952671e+001
    endloop
  endfacet
  facet normal  1.000000e+000  0.000000e+000  0.000000e+000
    outer loop
      vertex  4.000000e+000 -2.250000e+001  2.600000e+001
      vertex  4.000000e+000 -2.135410e+001  2.952671e+001
      vertex  4.000000e+000 -2.184604e+001  2.872394e+001
    endloop
  endfacet
  facet normal  1.000000e+000  0.000000e+000  0.000000e+000
    outer loop
      vertex  4.000000e+000 -2.250000e+001  2.600000e+001
      vertex  4.000000e+000 -2.184604e+001  2.872394e+001
      vertex  4.000000e+000 -2.220634e+001  2.785410e+001
    endloop
  endfacet
  facet normal  1.000000e+000  0.000000e+000  0.000000e+000
    outer loop
      vertex  4.000000e+000 -2.250000e+001  2.600000e+001
      vertex  4.000000e+000 -2.220634e+001  2.785410e+001
      vertex  4.000000e+000 -2.242613e+001  2.693861e+001
    endloop
  endfacet
  facet normal  1.000000e+000  -0.000000e+000  0.000000e+000
    outer loop
      vertex  4.000000e+000 -1.702875e+001  2.454964e+001
      vertex  4.000000e+000 -1.750000e+001  2.447500e+001
      vertex  4.000000e+000 -1.743861e+001  2.007387e+001
    endloop
  endfacet
  facet normal  1.000000e+000  0.000000e+000  0.000000e+000
    outer loop
      vertex  4.000000e+000 -1.743861e+001  2.007387e+001
      vertex  4.000000e+000 -1.750000e+001  2.447500e+001
      vertex  4.000000e+000 -1.797125e+001  2.454964e+001
    endloop
  endfacet
  facet normal  9.999999e-001  0.000000e+000  0.000000e+000
    outer loop
      vertex  4.000000e+000 -1.743861e+001  2.007387e+001
      vertex  4.000000e+000 -1.797125e+001  2.454964e+001
      vertex  4.000000e+000 -1.835410e+001  2.029366e+001
    endloop
  endfacet
  facet normal  1.000000e+000  0.000000e+000  0.000000e+000
    outer loop
      vertex  4.000000e+000 -1.750000e+001  2.752500e+001
      vertex  4.000000e+000 -1.702875e+001  2.745036e+001
      vertex  4.000000e+000 -1.743861e+001  3.192613e+001
    endloop
  endfacet
  facet normal  1.000000e+000  0.000000e+000  0.000000e+000
    outer loop
      vertex  4.000000e+000 -1.743861e+001  3.192613e+001
      vertex  4.000000e+000 -1.702875e+001  2.745036e+001
      vertex  4.000000e+000 -1.660363e+001  2.723375e+001
    endloop
  endfacet
  facet normal  1.000000e+000  0.000000e+000  -0.000000e+000
    outer loop
      vertex  4.000000e+000 -1.743861e+001  3.192613e+001
      vertex  4.000000e+000 -1.660363e+001  2.723375e+001
      vertex  4.000000e+000 -1.650000e+001  3.200000e+001
    endloop
  endfacet
  facet normal  1.000000e+000  0.000000e+000  0.000000e+000
    outer loop
      vertex  4.000000e+000 -1.650000e+001  3.200000e+001
      vertex  4.000000e+000 -1.660363e+001  2.723375e+001
      vertex  4.000000e+000 -1.626625e+001  2.689637e+001
    endloop
  endfacet
  facet normal  1.000000e+000  0.000000e+000  0.000000e+000
    outer loop
      vertex  4.000000e+000 -1.650000e+001  3.200000e+001
      vertex  4.000000e+000 -1.626625e+001  2.689637e+001
      vertex  4.000000e+000 -1.637298e+001  3.200000e+001
    endloop
  endfacet
  facet normal  9.999999e-001  0.000000e+000  0.000000e+000
    outer loop
      vertex  4.000000e+000 -1.839637e+001  2.723375e+001
      vertex  4.000000e+000 -1.797125e+001  2.745036e+001
      vertex  4.000000e+000 -1.835410e+001  3.170634e+001
    endloop
  endfacet
  facet normal  1.000000e+000  0.000000e+000  0.000000e+000
    outer loop
      vertex  4.000000e+000 -1.835410e+001  3.170634e+001
      vertex  4.000000e+000 -1.797125e+001  2.745036e+001
      vertex  4.000000e+000 -1.750000e+001  2.752500e+001
    endloop
  endfacet
  facet normal  1.000000e+000  0.000000e+000  -0.000000e+000
    outer loop
      vertex  4.000000e+000 -1.835410e+001  3.170634e+001
      vertex  4.000000e+000 -1.750000e+001  2.752500e+001
      vertex  4.000000e+000 -1.743861e+001  3.192613e+001
    endloop
  endfacet
  facet normal  0.000000e+000 -9.999996e-001  7.412496e-004
    outer loop
      vertex  0.000000e+000 -1.637298e+001  3.200000e+001
      vertex  4.000000e+000 -1.637298e+001  3.200000e+001
      vertex  4.000000e+000 -1.637076e+001  3.500287e+001
    endloop
  endfacet
  facet normal  0.000000e+000 -9.999997e-001  7.412496e-004
    outer loop
      vertex  0.000000e+000 -1.637298e+001  3.200000e+001
      vertex  4.000000e+000 -1.637076e+001  3.500287e+001
      vertex  1.500000e+000 -1.637076e+001  3.500287e+001
    endloop
  endfacet
  facet normal  7.968279e-007 -9.999996e-001  7.408515e-004
    outer loop
      vertex  0.000000e+000 -1.637298e+001  3.200000e+001
      vertex  1.500000e+000 -1.637076e+001  3.500287e+001
      vertex  8.530946e-001 -1.637028e+001  3.564977e+001
    endloop
  endfacet
  facet normal  3.079420e-007 -9.999998e-001  7.409658e-004
    outer loop
      vertex  0.000000e+000 -1.637298e+001  3.200000e+001
      vertex  8.530946e-001 -1.637028e+001  3.564977e+001
      vertex -2.753353e-014 -1.636965e+001  3.650217e+001
    endloop
  endfacet
  facet normal  2.429247e-006 -9.999997e-001  7.409658e-004
    outer loop
      vertex  0.000000e+000 -1.637298e+001  3.200000e+001
      vertex -2.753353e-014 -1.636965e+001  3.650217e+001
      vertex -3.333333e-001 -1.636940e+001  3.683532e+001
    endloop
  endfacet
  facet normal  0.000000e+000 -9.999998e-001  7.407984e-004
    outer loop
      vertex  0.000000e+000 -1.637298e+001  3.200000e+001
      vertex -3.333333e-001 -1.636940e+001  3.683532e+001
      vertex -2.500000e+000 -1.637298e+001  3.200000e+001
    endloop
  endfacet
  facet normal -3.179539e-007 -9.999997e-001  7.406972e-004
    outer loop
      vertex -3.333333e-001 -1.636940e+001  3.683532e+001
      vertex -4.500000e+000 -1.636632e+001  4.100000e+001
      vertex -4.000000e+000 -1.636928e+001  3.700370e+001
    endloop
  endfacet
  facet normal -3.027647e-007 -9.999996e-001  7.410279e-004
    outer loop
      vertex -3.333333e-001 -1.636940e+001  3.683532e+001
      vertex -4.000000e+000 -1.636928e+001  3.700370e+001
      vertex -4.000000e+000 -1.637298e+001  3.200000e+001
    endloop
  endfacet
  facet normal  0.000000e+000 -9.999997e-001  7.407984e-004
    outer loop
      vertex -3.333333e-001 -1.636940e+001  3.683532e+001
      vertex -4.000000e+000 -1.637298e+001  3.200000e+001
      vertex -2.500000e+000 -1.637298e+001  3.200000e+001
    endloop
  endfacet
  facet normal  0.000000e+000 -9.999998e-001  7.407370e-004
    outer loop
      vertex -4.500000e+000 -1.636632e+001  4.100000e+001
      vertex -1.250000e+001 -1.636632e+001  4.100000e+001
      vertex -4.000000e+000 -1.636928e+001  3.700370e+001
    endloop
  endfacet
  facet normal  0.000000e+000 -9.999996e-001  7.407370e-004
    outer loop
      vertex -4.000000e+000 -1.636928e+001  3.700370e+001
      vertex -1.250000e+001 -1.636632e+001  4.100000e+001
      vertex -1.250000e+001 -1.636928e+001  3.700370e+001
    endloop
  endfacet
  facet normal -1.201027e-001  9.923846e-001  2.735149e-002
    outer loop
      vertex  1.496562e+000 -7.858772e+000  3.500000e+001
      vertex  4.213923e-001 -7.988894e+000  3.500000e+001
      vertex  8.530946e-001 -7.954384e+000  3.564354e+001
    endloop
  endfacet
  facet normal -6.395763e-002  9.978962e-001 -1.060758e-002
    outer loop
      vertex  4.213923e-001 -7.988894e+000  3.500000e+001
      vertex -2.765586e-014 -8.000000e+000  3.649597e+001
      vertex  8.530946e-001 -7.954384e+000  3.564354e+001
    endloop
  endfacet
  facet normal  5.358377e-001  8.443149e-001  3.202495e-003
    outer loop
      vertex -4.031746e+000 -6.909777e+000  4.052496e+001
      vertex -3.759524e+000 -7.061584e+000  3.500000e+001
      vertex -4.500000e+000 -6.614378e+000  4.099277e+001
    endloop
  endfacet
  facet normal  4.736256e-001  8.807259e-001 -8.632293e-004
    outer loop
      vertex -3.552590e+000 -7.167921e+000  4.004623e+001
      vertex -3.759524e+000 -7.061584e+000  3.500000e+001
      vertex -4.031746e+000 -6.909777e+000  4.052496e+001
    endloop
  endfacet
  facet normal  4.091132e-001  9.124804e-001  2.451420e-003
    outer loop
      vertex -2.771291e+000 -7.504662e+000  3.500000e+001
      vertex -3.759524e+000 -7.061584e+000  3.500000e+001
      vertex -3.552590e+000 -7.167921e+000  4.004623e+001
    endloop
  endfacet
  facet normal  3.811606e-001  9.245050e-001 -2.678848e-003
    outer loop
      vertex -2.568933e+000 -7.576317e+000  3.906334e+001
      vertex -2.771291e+000 -7.504662e+000  3.500000e+001
      vertex -3.552590e+000 -7.167921e+000  4.004623e+001
    endloop
  endfacet
  facet normal  2.821183e-001  9.593753e-001  2.868489e-003
    outer loop
      vertex -1.732269e+000 -7.810201e+000  3.500000e+001
      vertex -2.771291e+000 -7.504662e+000  3.500000e+001
      vertex -2.568933e+000 -7.576317e+000  3.906334e+001
    endloop
  endfacet
  facet normal  5.620530e-001  8.271012e-001  3.709431e-005
    outer loop
      vertex -4.492780e+000 -6.619285e+000  4.099278e+001
      vertex -4.500000e+000 -6.614378e+000  4.099277e+001
      vertex -4.500000e+000 -6.614378e+000  4.100000e+001
    endloop
  endfacet
  facet normal  7.365292e-001  6.764058e-001  -0.000000e+000
    outer loop
      vertex -5.512440e+000 -5.797672e+000  3.500000e+001
      vertex -6.244998e+000 -5.000000e+000  3.500000e+001
      vertex -6.244998e+000 -5.000000e+000  1.020000e+002
    endloop
  endfacet
  facet normal  7.732793e-001  6.340649e-001  9.059082e-004
    outer loop
      vertex -5.512440e+000 -5.797672e+000  3.500000e+001
      vertex -6.244998e+000 -5.000000e+000  1.020000e+002
      vertex -6.210909e+000 -5.042290e+000  1.025019e+002
    endloop
  endfacet
  facet normal  7.700105e-001  6.380307e-001  8.277036e-004
    outer loop
      vertex -5.512440e+000 -5.797672e+000  3.500000e+001
      vertex -6.210909e+000 -5.042290e+000  1.025019e+002
      vertex -6.141907e+000 -5.126031e+000  1.028604e+002
    endloop
  endfacet
  facet normal  7.607097e-001  6.490918e-001  6.319548e-004
    outer loop
      vertex -5.512440e+000 -5.797672e+000  3.500000e+001
      vertex -6.141907e+000 -5.126031e+000  1.028604e+002
      vertex -6.034624e+000 -5.252097e+000  1.032038e+002
    endloop
  endfacet
  facet normal  7.441794e-001  6.679797e-001  3.543066e-004
    outer loop
      vertex -5.512440e+000 -5.797672e+000  3.500000e+001
      vertex -6.034624e+000 -5.252097e+000  1.032038e+002
      vertex -5.885215e+000 -5.418722e+000  1.035287e+002
    endloop
  endfacet
  facet normal  7.245185e-001  6.892553e-001  1.297083e-004
    outer loop
      vertex -5.512440e+000 -5.797672e+000  3.500000e+001
      vertex -5.885215e+000 -5.418722e+000  1.035287e+002
      vertex -5.699753e+000 -5.613727e+000  1.038182e+002
    endloop
  endfacet
  facet normal  6.981100e-001  7.159905e-001 -1.363343e-005
    outer loop
      vertex -5.512440e+000 -5.797672e+000  3.500000e+001
      vertex -5.699753e+000 -5.613727e+000  1.038182e+002
      vertex -5.471893e+000 -5.835891e+000  1.040777e+002
    endloop
  endfacet
  facet normal  6.384203e-001  7.696879e-001  5.111235e-005
    outer loop
      vertex -4.678857e+000 -6.489091e+000  3.500000e+001
      vertex -5.512440e+000 -5.797672e+000  3.500000e+001
      vertex -5.471893e+000 -5.835891e+000  1.040777e+002
    endloop
  endfacet
  facet normal  6.667231e-001  7.453053e-001  6.066015e-004
    outer loop
      vertex -4.678857e+000 -6.489091e+000  3.500000e+001
      vertex -5.471893e+000 -5.835891e+000  1.040777e+002
      vertex -5.195709e+000 -6.083143e+000  1.043077e+002
    endloop
  endfacet
  facet normal  6.289136e-001  7.774751e-001  1.362186e-004
    outer loop
      vertex -4.678857e+000 -6.489091e+000  3.500000e+001
      vertex -5.195709e+000 -6.083143e+000  1.043077e+002
      vertex -4.862911e+000 -6.352384e+000  1.045071e+002
    endloop
  endfacet
  facet normal  5.853441e-001  8.107850e-001 -4.466729e-005
    outer loop
      vertex -4.678857e+000 -6.489091e+000  3.500000e+001
      vertex -4.862911e+000 -6.352384e+000  1.045071e+002
      vertex -4.500000e+000 -6.614378e+000  1.046608e+002
    endloop
  endfacet
  facet normal  5.737320e-001  8.190431e-001  0.000000e+000
    outer loop
      vertex -4.678857e+000 -6.489091e+000  3.500000e+001
      vertex -4.500000e+000 -6.614378e+000  1.046608e+002
      vertex -4.500000e+000 -6.614378e+000  4.100000e+001
    endloop
  endfacet
  facet normal  5.728808e-001  8.196387e-001  3.780892e-005
    outer loop
      vertex -4.678857e+000 -6.489091e+000  3.500000e+001
      vertex -4.500000e+000 -6.614378e+000  4.100000e+001
      vertex -4.500000e+000 -6.614378e+000  4.099277e+001
    endloop
  endfacet
  facet normal  5.286100e-001  8.488625e-001  1.970060e-003
    outer loop
      vertex -4.678857e+000 -6.489091e+000  3.500000e+001
      vertex -4.500000e+000 -6.614378e+000  4.099277e+001
      vertex -3.759524e+000 -7.061584e+000  3.500000e+001
    endloop
  endfacet
  facet normal  2.559753e-001  9.666789e-001 -2.934890e-003
    outer loop
      vertex -2.568933e+000 -7.576317e+000  3.906334e+001
      vertex -1.561693e+000 -7.846089e+000  3.805679e+001
      vertex -1.732269e+000 -7.810201e+000  3.500000e+001
    endloop
  endfacet
  facet normal  1.596449e-001  9.871708e-001  2.681155e-003
    outer loop
      vertex -1.732269e+000 -7.810201e+000  3.500000e+001
      vertex -1.561693e+000 -7.846089e+000  3.805679e+001
      vertex -9.489390e-001 -7.943520e+000  3.744439e+001
    endloop
  endfacet
  facet normal  1.499520e-001  9.886759e-001  5.869429e-003
    outer loop
      vertex -1.732269e+000 -7.810201e+000  3.500000e+001
      vertex -9.489390e-001 -7.943520e+000  3.744439e+001
      vertex -6.615002e-001 -7.972604e+000  3.500000e+001
    endloop
  endfacet
  facet normal  7.746762e-002  9.969911e-001 -2.753029e-003
    outer loop
      vertex -9.489390e-001 -7.943520e+000  3.744439e+001
      vertex -3.333333e-001 -7.993052e+000  3.682912e+001
      vertex -6.615002e-001 -7.972604e+000  3.500000e+001
    endloop
  endfacet
  facet normal  2.713721e-002  9.996118e-001  6.306166e-003
    outer loop
      vertex -6.615002e-001 -7.972604e+000  3.500000e+001
      vertex -3.333333e-001 -7.993052e+000  3.682912e+001
      vertex -2.765586e-014 -8.000000e+000  3.649597e+001
    endloop
  endfacet
  facet normal  1.504005e-002  9.998189e-001  1.165918e-002
    outer loop
      vertex -6.615002e-001 -7.972604e+000  3.500000e+001
      vertex -2.765586e-014 -8.000000e+000  3.649597e+001
      vertex  4.213923e-001 -7.988894e+000  3.500000e+001
    endloop
  endfacet
  facet normal  0.000000e+000 -9.999997e-001  7.352940e-004
    outer loop
      vertex  1.500000e+000 -6.370762e+000  3.499546e+001
      vertex  4.000000e+000 -6.370759e+000  3.500000e+001
      vertex  1.495460e+000 -6.370759e+000  3.500000e+001
    endloop
  endfacet
  facet normal  0.000000e+000 -9.999998e-001  7.352940e-004
    outer loop
      vertex  1.500000e+000 -6.370762e+000  3.499546e+001
      vertex  4.000000e+000 -6.370762e+000  3.499546e+001
      vertex  4.000000e+000 -6.370759e+000  3.500000e+001
    endloop
  endfacet
  facet normal  7.068164e-001  5.239320e-004  7.073968e-001
    outer loop
      vertex  8.530946e-001 -7.954384e+000  3.564354e+001
      vertex -2.765586e-014 -8.000000e+000  3.649597e+001
      vertex  8.530946e-001 -1.637028e+001  3.564977e+001
    endloop
  endfacet
  facet normal  7.068173e-001  5.241165e-004  7.073959e-001
    outer loop
      vertex  8.530946e-001 -1.637028e+001  3.564977e+001
      vertex -2.765586e-014 -8.000000e+000  3.649597e+001
      vertex -4.860160e-007 -1.344150e+001  3.650000e+001
    endloop
  endfacet
  facet normal  7.068164e-001  5.235710e-004  7.073969e-001
    outer loop
      vertex  8.530946e-001 -1.637028e+001  3.564977e+001
      vertex -4.860160e-007 -1.344150e+001  3.650000e+001
      vertex -2.753353e-014 -1.636965e+001  3.650217e+001
    endloop
  endfacet
  facet normal  0.000000e+000 -1.000000e+000  0.000000e+000
    outer loop
      vertex  4.000000e+000 -1.250000e+001  1.800000e+001
      vertex  5.500000e+000 -1.250000e+001  1.800000e+001
      vertex  4.000000e+000 -1.250000e+001  3.500000e+001
    endloop
  endfacet
  facet normal  0.000000e+000 -1.000000e+000  0.000000e+000
    outer loop
      vertex  4.000000e+000 -1.250000e+001  3.500000e+001
      vertex  5.500000e+000 -1.250000e+001  1.800000e+001
      vertex  5.500000e+000 -1.250000e+001  3.500000e+001
    endloop
  endfacet
  facet normal -2.830491e-003 -7.409939e-004 -9.999956e-001
    outer loop
      vertex -4.860160e-007 -1.344150e+001  3.650000e+001
      vertex -2.765586e-014 -8.000000e+000  3.649597e+001
      vertex  4.042880e-003 -7.999999e+000  3.649596e+001
    endloop
  endfacet
  facet normal -2.358917e-004  1.000000e+000 -6.547835e-007
    outer loop
      vertex -2.765586e-014 -8.000000e+000  3.649597e+001
      vertex -1.122409e-005 -8.000000e+000  3.650001e+001
      vertex  4.042880e-003 -7.999999e+000  3.649596e+001
    endloop
  endfacet
  facet normal  7.071869e-001 -9.141847e-008  7.070267e-001
    outer loop
      vertex  4.042880e-003 -7.999999e+000  3.649596e+001
      vertex -1.122409e-005 -8.000000e+000  3.650001e+001
      vertex -4.860160e-007 -1.344150e+001  3.650000e+001
    endloop
  endfacet
  facet normal -9.999961e-001 -1.967521e-006 -2.775769e-003
    outer loop
      vertex -1.122409e-005 -8.000000e+000  3.650001e+001
      vertex -2.765586e-014 -8.000000e+000  3.649597e+001
      vertex -4.860160e-007 -1.344150e+001  3.650000e+001
    endloop
  endfacet
  facet normal  7.069193e-001  5.237521e-004  7.072940e-001
    outer loop
      vertex -3.333333e-001 -1.636940e+001  3.683532e+001
      vertex -2.753353e-014 -1.636965e+001  3.650217e+001
      vertex -3.333333e-001 -7.993052e+000  3.682912e+001
    endloop
  endfacet
  facet normal  7.069160e-001  5.234950e-004  7.072972e-001
    outer loop
      vertex -3.333333e-001 -7.993052e+000  3.682912e+001
      vertex -2.753353e-014 -1.636965e+001  3.650217e+001
      vertex -4.860160e-007 -1.344150e+001  3.650000e+001
    endloop
  endfacet
  facet normal  7.069206e-001  5.240389e-004  7.072928e-001
    outer loop
      vertex -3.333333e-001 -7.993052e+000  3.682912e+001
      vertex -4.860160e-007 -1.344150e+001  3.650000e+001
      vertex -2.765586e-014 -8.000000e+000  3.649597e+001
    endloop
  endfacet
  facet normal  0.000000e+000  0.000000e+000  1.000000e+000
    outer loop
      vertex  4.000000e+000 -1.650000e+001  3.200000e+001
      vertex  4.000000e+000 -1.637298e+001  3.200000e+001
      vertex  0.000000e+000 -1.637298e+001  3.200000e+001
    endloop
  endfacet
  facet normal  0.000000e+000  0.000000e+000  1.000000e+000
    outer loop
      vertex  4.000000e+000 -1.650000e+001  3.200000e+001
      vertex  0.000000e+000 -1.637298e+001  3.200000e+001
      vertex -2.500000e+000 -1.637298e+001  3.200000e+001
    endloop
  endfacet
  facet normal  0.000000e+000  0.000000e+000  1.000000e+000
    outer loop
      vertex  4.000000e+000 -1.650000e+001  3.200000e+001
      vertex -2.500000e+000 -1.637298e+001  3.200000e+001
      vertex -4.000000e+000 -1.637298e+001  3.200000e+001
    endloop
  endfacet
  facet normal  0.000000e+000  0.000000e+000  1.000000e+000
    outer loop
      vertex  4.000000e+000 -1.650000e+001  3.200000e+001
      vertex -4.000000e+000 -1.637298e+001  3.200000e+001
      vertex -4.000000e+000 -1.650000e+001  3.200000e+001
    endloop
  endfacet
  facet normal  7.069380e-001  5.237383e-004  7.072753e-001
    outer loop
      vertex -4.500000e+000 -1.636632e+001  4.100000e+001
      vertex -3.333333e-001 -1.636940e+001  3.683532e+001
      vertex -3.333333e-001 -7.993052e+000  3.682912e+001
    endloop
  endfacet
  facet normal  7.069364e-001  5.253110e-004  7.072769e-001
    outer loop
      vertex -4.500000e+000 -1.636632e+001  4.100000e+001
      vertex -3.333333e-001 -7.993052e+000  3.682912e+001
      vertex -9.489390e-001 -7.943520e+000  3.744439e+001
    endloop
  endfacet
  facet normal  7.069393e-001  5.228305e-004  7.072740e-001
    outer loop
      vertex -4.500000e+000 -1.636632e+001  4.100000e+001
      vertex -9.489390e-001 -7.943520e+000  3.744439e+001
      vertex -1.561693e+000 -7.846089e+000  3.805679e+001
    endloop
  endfacet
  facet normal  7.069375e-001  5.241198e-004  7.072759e-001
    outer loop
      vertex -4.500000e+000 -1.636632e+001  4.100000e+001
      vertex -1.561693e+000 -7.846089e+000  3.805679e+001
      vertex -2.568933e+000 -7.576317e+000  3.906334e+001
    endloop
  endfacet
  facet normal  7.069386e-001  5.236172e-004  7.072747e-001
    outer loop
      vertex -4.500000e+000 -1.636632e+001  4.100000e+001
      vertex -2.568933e+000 -7.576317e+000  3.906334e+001
      vertex -3.552590e+000 -7.167921e+000  4.004623e+001
    endloop
  endfacet
  facet normal  7.069354e-001  5.242808e-004  7.072780e-001
    outer loop
      vertex -4.500000e+000 -1.636632e+001  4.100000e+001
      vertex -3.552590e+000 -7.167921e+000  4.004623e+001
      vertex -4.031746e+000 -6.909777e+000  4.052496e+001
    endloop
  endfacet
  facet normal  7.069385e-001  5.239728e-004  7.072749e-001
    outer loop
      vertex -4.500000e+000 -1.636632e+001  4.100000e+001
      vertex -4.031746e+000 -6.909777e+000  4.052496e+001
      vertex -4.500000e+000 -6.614378e+000  4.099277e+001
    endloop
  endfacet
  facet normal  2.490347e-005 -7.408820e-004 -9.999997e-001
    outer loop
      vertex -4.500000e+000 -1.636632e+001  4.100000e+001
      vertex -4.500000e+000 -6.614378e+000  4.099277e+001
      vertex -4.492780e+000 -6.619285e+000  4.099278e+001
    endloop
  endfacet
  facet normal  7.071535e-001  0.000000e+000  7.070601e-001
    outer loop
      vertex -4.492780e+000 -6.619285e+000  4.099278e+001
      vertex -4.500000e+000 -6.614378e+000  4.100000e+001
      vertex -4.500000e+000 -1.636632e+001  4.100000e+001
    endloop
  endfacet
  facet normal  0.000000e+000 -8.405932e-001 -5.416670e-001
    outer loop
      vertex -1.250000e+001 -1.811397e+001  4.371212e+001
      vertex -1.250000e+001 -1.636632e+001  4.100000e+001
      vertex -4.500000e+000 -1.811397e+001  4.371212e+001
    endloop
  endfacet
  facet normal  0.000000e+000 -8.405932e-001 -5.416670e-001
    outer loop
      vertex -4.500000e+000 -1.811397e+001  4.371212e+001
      vertex -1.250000e+001 -1.636632e+001  4.100000e+001
      vertex -4.500000e+000 -1.636632e+001  4.100000e+001
    endloop
  endfacet
  facet normal  1.000000e+000  0.000000e+000  0.000000e+000
    outer loop
      vertex -4.500000e+000 -2.398680e+001  5.360609e+001
      vertex -4.500000e+000 -1.650000e+001  5.250000e+001
      vertex -4.500000e+000 -2.435893e+001  5.385611e+001
    endloop
  endfacet
  facet normal  1.000000e+000  0.000000e+000  0.000000e+000
    outer loop
      vertex -4.500000e+000 -2.370519e+001  5.325727e+001
      vertex -4.500000e+000 -1.650000e+001  5.250000e+001
      vertex -4.500000e+000 -2.398680e+001  5.360609e+001
    endloop
  endfacet
  facet normal  1.000000e+000  0.000000e+000  0.000000e+000
    outer loop
      vertex -4.500000e+000 -2.353923e+001  5.284080e+001
      vertex -4.500000e+000 -1.650000e+001  5.250000e+001
      vertex -4.500000e+000 -2.370519e+001  5.325727e+001
    endloop
  endfacet
  facet normal  1.000000e+000  -0.000000e+000  0.000000e+000
    outer loop
      vertex -4.500000e+000 -1.650000e+001  1.010000e+002
      vertex -4.500000e+000 -2.411832e+001  9.978648e+001
      vertex -4.500000e+000 -2.453647e+001  9.957342e+001
    endloop
  endfacet
  facet normal  1.000000e+000  -0.000000e+000  0.000000e+000
    outer loop
      vertex -4.500000e+000 -1.650000e+001  1.010000e+002
      vertex -4.500000e+000 -2.378647e+001  1.001183e+002
      vertex -4.500000e+000 -2.411832e+001  9.978648e+001
    endloop
  endfacet
  facet normal  1.000000e+000  -0.000000e+000  0.000000e+000
    outer loop
      vertex -4.500000e+000 -1.650000e+001  1.010000e+002
      vertex -4.500000e+000 -2.357342e+001  1.005365e+002
      vertex -4.500000e+000 -2.378647e+001  1.001183e+002
    endloop
  endfacet
  facet normal  1.000000e+000  -0.000000e+000  0.000000e+000
    outer loop
      vertex -4.500000e+000 -1.650000e+001  1.010000e+002
      vertex -4.500000e+000 -2.350000e+001  1.010000e+002
      vertex -4.500000e+000 -2.357342e+001  1.005365e+002
    endloop
  endfacet
  facet normal  1.000000e+000  0.000000e+000  0.000000e+000
    outer loop
      vertex -4.500000e+000 -2.411832e+001  1.022135e+002
      vertex -4.500000e+000 -1.650000e+001  1.010000e+002
      vertex -4.500000e+000 -2.453647e+001  1.024266e+002
    endloop
  endfacet
  facet normal  1.000000e+000  0.000000e+000  0.000000e+000
    outer loop
      vertex -4.500000e+000 -2.378647e+001  1.018817e+002
      vertex -4.500000e+000 -1.650000e+001  1.010000e+002
      vertex -4.500000e+000 -2.411832e+001  1.022135e+002
    endloop
  endfacet
  facet normal  1.000000e+000  0.000000e+000  0.000000e+000
    outer loop
      vertex -4.500000e+000 -2.357342e+001  1.014635e+002
      vertex -4.500000e+000 -1.650000e+001  1.010000e+002
      vertex -4.500000e+000 -2.378647e+001  1.018817e+002
    endloop
  endfacet
  facet normal  1.000000e+000  0.000000e+000  0.000000e+000
    outer loop
      vertex -4.500000e+000 -2.350000e+001  1.010000e+002
      vertex -4.500000e+000 -1.650000e+001  1.010000e+002
      vertex -4.500000e+000 -2.357342e+001  1.014635e+002
    endloop
  endfacet
  facet normal  1.000000e+000  0.000000e+000  0.000000e+000
    outer loop
      vertex -4.500000e+000 -3.200000e+001  4.508712e+001
      vertex -4.500000e+000 -3.500000e+001  4.808712e+001
      vertex -4.500000e+000 -3.492479e+001  4.741956e+001
    endloop
  endfacet
  facet normal  1.000000e+000  0.000000e+000  0.000000e+000
    outer loop
      vertex -4.500000e+000 -3.200000e+001  4.508712e+001
      vertex -4.500000e+000 -3.492479e+001  4.741956e+001
      vertex -4.500000e+000 -3.470291e+001  4.678547e+001
    endloop
  endfacet
  facet normal  1.000000e+000  0.000000e+000  0.000000e+000
    outer loop
      vertex -4.500000e+000 -3.200000e+001  4.508712e+001
      vertex -4.500000e+000 -3.470291e+001  4.678547e+001
      vertex -4.500000e+000 -3.434549e+001  4.621665e+001
    endloop
  endfacet
  facet normal  1.000000e+000  0.000000e+000  0.000000e+000
    outer loop
      vertex -4.500000e+000 -3.200000e+001  4.508712e+001
      vertex -4.500000e+000 -3.434549e+001  4.621665e+001
      vertex -4.500000e+000 -3.387047e+001  4.574163e+001
    endloop
  endfacet
  facet normal  1.000000e+000  0.000000e+000  0.000000e+000
    outer loop
      vertex -4.500000e+000 -3.200000e+001  4.508712e+001
      vertex -4.500000e+000 -3.387047e+001  4.574163e+001
      vertex -4.500000e+000 -3.330165e+001  4.538421e+001
    endloop
  endfacet
  facet normal  1.000000e+000  0.000000e+000  0.000000e+000
    outer loop
      vertex -4.500000e+000 -3.200000e+001  4.508712e+001
      vertex -4.500000e+000 -3.330165e+001  4.538421e+001
      vertex -4.500000e+000 -3.266756e+001  4.516234e+001
    endloop
  endfacet
  facet normal  9.999999e-001  0.000000e+000  0.000000e+000
    outer loop
      vertex -4.500000e+000 -2.650000e+001  1.010000e+002
      vertex -4.500000e+000 -3.200000e+001  1.050000e+002
      vertex -4.500000e+000 -3.256234e+001  1.049468e+002
    endloop
  endfacet
  facet normal  1.000000e+000  0.000000e+000  0.000000e+000
    outer loop
      vertex -4.500000e+000 -2.650000e+001  1.010000e+002
      vertex -4.500000e+000 -3.256234e+001  1.049468e+002
      vertex -4.500000e+000 -3.310474e+001  1.047892e+002
    endloop
  endfacet
  facet normal  1.000000e+000  0.000000e+000  0.000000e+000
    outer loop
      vertex -4.500000e+000 -2.650000e+001  1.010000e+002
      vertex -4.500000e+000 -3.310474e+001  1.047892e+002
      vertex -4.500000e+000 -3.360798e+001  1.045327e+002
    endloop
  endfacet
  facet normal  1.000000e+000  0.000000e+000  0.000000e+000
    outer loop
      vertex -4.500000e+000 -2.650000e+001  1.010000e+002
      vertex -4.500000e+000 -3.360798e+001  1.045327e+002
      vertex -4.500000e+000 -3.405421e+001  1.041864e+002
    endloop
  endfacet
  facet normal  1.000000e+000  0.000000e+000  0.000000e+000
    outer loop
      vertex -4.500000e+000 -2.650000e+001  1.010000e+002
      vertex -4.500000e+000 -3.405421e+001  1.041864e+002
      vertex -4.500000e+000 -3.442764e+001  1.037626e+002
    endloop
  endfacet
  facet normal  1.000000e+000  0.000000e+000  0.000000e+000
    outer loop
      vertex -4.500000e+000 -2.650000e+001  1.010000e+002
      vertex -4.500000e+000 -3.442764e+001  1.037626e+002
      vertex -4.500000e+000 -3.471499e+001  1.032763e+002
    endloop
  endfacet
  facet normal  1.000000e+000  0.000000e+000  0.000000e+000
    outer loop
      vertex -4.500000e+000 -2.650000e+001  1.010000e+002
      vertex -4.500000e+000 -3.471499e+001  1.032763e+002
      vertex -4.500000e+000 -3.492788e+001  1.026538e+002
    endloop
  endfacet
  facet normal  1.000000e+000  0.000000e+000  0.000000e+000
    outer loop
      vertex -4.500000e+000 -2.650000e+001  1.010000e+002
      vertex -4.500000e+000 -3.492788e+001  1.026538e+002
      vertex -4.500000e+000 -3.500000e+001  1.020000e+002
    endloop
  endfacet
  facet normal  1.000000e+000  0.000000e+000  0.000000e+000
    outer loop
      vertex -4.500000e+000 -2.650000e+001  1.010000e+002
      vertex -4.500000e+000 -3.500000e+001  1.020000e+002
      vertex -4.500000e+000 -3.025000e+001  9.700000e+001
    endloop
  endfacet
  facet normal  1.000000e+000  0.000000e+000  0.000000e+000
    outer loop
      vertex -4.500000e+000 -6.614378e+000  4.100000e+001
      vertex -4.500000e+000 -6.614378e+000  1.046608e+002
      vertex -4.500000e+000 -9.750000e+000  9.700000e+001
    endloop
  endfacet
  facet normal  1.000000e+000  0.000000e+000  0.000000e+000
    outer loop
      vertex -4.500000e+000 -6.614378e+000  4.100000e+001
      vertex -4.500000e+000 -9.750000e+000  9.700000e+001
      vertex -4.500000e+000 -9.750000e+000  5.650000e+001
    endloop
  endfacet
  facet normal  1.000000e+000  0.000000e+000  0.000000e+000
    outer loop
      vertex -4.500000e+000 -6.614378e+000  4.100000e+001
      vertex -4.500000e+000 -9.750000e+000  5.650000e+001
      vertex -4.500000e+000 -1.350000e+001  5.250000e+001
    endloop
  endfacet
  facet normal  1.000000e+000  0.000000e+000  0.000000e+000
    outer loop
      vertex -4.500000e+000 -6.614378e+000  4.100000e+001
      vertex -4.500000e+000 -1.350000e+001  5.250000e+001
      vertex -4.500000e+000 -1.357341e+001  5.203648e+001
    endloop
  endfacet
  facet normal  1.000000e+000  0.000000e+000  0.000000e+000
    outer loop
      vertex -4.500000e+000 -6.614378e+000  4.100000e+001
      vertex -4.500000e+000 -1.357341e+001  5.203648e+001
      vertex -4.500000e+000 -1.636632e+001  4.100000e+001
    endloop
  endfacet
  facet normal  1.000000e+000  0.000000e+000  0.000000e+000
    outer loop
      vertex -4.500000e+000 -1.636632e+001  4.100000e+001
      vertex -4.500000e+000 -1.357341e+001  5.203648e+001
      vertex -4.500000e+000 -1.378647e+001  5.161832e+001
    endloop
  endfacet
  facet normal  1.000000e+000  0.000000e+000  0.000000e+000
    outer loop
      vertex -4.500000e+000 -1.636632e+001  4.100000e+001
      vertex -4.500000e+000 -1.378647e+001  5.161832e+001
      vertex -4.500000e+000 -1.411832e+001  5.128648e+001
    endloop
  endfacet
  facet normal  1.000000e+000  0.000000e+000  0.000000e+000
    outer loop
      vertex -4.500000e+000 -1.636632e+001  4.100000e+001
      vertex -4.500000e+000 -1.411832e+001  5.128648e+001
      vertex -4.500000e+000 -1.453647e+001  5.107341e+001
    endloop
  endfacet
  facet normal  1.000000e+000  0.000000e+000  0.000000e+000
    outer loop
      vertex -4.500000e+000 -1.636632e+001  4.100000e+001
      vertex -4.500000e+000 -1.453647e+001  5.107341e+001
      vertex -4.500000e+000 -1.500000e+001  5.100000e+001
    endloop
  endfacet
  facet normal  1.000000e+000  0.000000e+000  0.000000e+000
    outer loop
      vertex -4.500000e+000 -1.636632e+001  4.100000e+001
      vertex -4.500000e+000 -1.500000e+001  5.100000e+001
      vertex -4.500000e+000 -1.535767e+001  5.104327e+001
    endloop
  endfacet
  facet normal  1.000000e+000  0.000000e+000  0.000000e+000
    outer loop
      vertex -4.500000e+000 -1.636632e+001  4.100000e+001
      vertex -4.500000e+000 -1.535767e+001  5.104327e+001
      vertex -4.500000e+000 -1.569470e+001  5.117057e+001
    endloop
  endfacet
  facet normal  1.000000e+000  0.000000e+000  0.000000e+000
    outer loop
      vertex -4.500000e+000 -1.636632e+001  4.100000e+001
      vertex -4.500000e+000 -1.569470e+001  5.117057e+001
      vertex -4.500000e+000 -1.599165e+001  5.137456e+001
    endloop
  endfacet
  facet normal  1.000000e+000  0.000000e+000  0.000000e+000
    outer loop
      vertex -4.500000e+000 -1.636632e+001  4.100000e+001
      vertex -4.500000e+000 -1.599165e+001  5.137456e+001
      vertex -4.500000e+000 -1.626634e+001  5.169603e+001
    endloop
  endfacet
  facet normal  1.000000e+000  0.000000e+000  0.000000e+000
    outer loop
      vertex -4.500000e+000 -1.636632e+001  4.100000e+001
      vertex -4.500000e+000 -1.626634e+001  5.169603e+001
      vertex -4.500000e+000 -1.644040e+001  5.208138e+001
    endloop
  endfacet
  facet normal  1.000000e+000  0.000000e+000  0.000000e+000
    outer loop
      vertex -4.500000e+000 -1.636632e+001  4.100000e+001
      vertex -4.500000e+000 -1.644040e+001  5.208138e+001
      vertex -4.500000e+000 -1.650000e+001  5.250000e+001
    endloop
  endfacet
  facet normal  1.000000e+000  0.000000e+000  0.000000e+000
    outer loop
      vertex -4.500000e+000 -1.636632e+001  4.100000e+001
      vertex -4.500000e+000 -1.650000e+001  5.250000e+001
      vertex -4.500000e+000 -1.811397e+001  4.371212e+001
    endloop
  endfacet
  facet normal  1.000000e+000  -0.000000e+000  -0.000000e+000
    outer loop
      vertex -4.500000e+000 -2.350376e+001  5.239389e+001
      vertex -4.500000e+000 -2.063575e+001  4.508712e+001
      vertex -4.500000e+000 -2.004070e+001  4.502751e+001
    endloop
  endfacet
  facet normal  1.000000e+000  -0.000000e+000  -0.000000e+000
    outer loop
      vertex -4.500000e+000 -2.350376e+001  5.239389e+001
      vertex -4.500000e+000 -2.004070e+001  4.502751e+001
      vertex -4.500000e+000 -1.946929e+001  4.485106e+001
    endloop
  endfacet
  facet normal  1.000000e+000  -0.000000e+000  -0.000000e+000
    outer loop
      vertex -4.500000e+000 -2.350376e+001  5.239389e+001
      vertex -4.500000e+000 -1.946929e+001  4.485106e+001
      vertex -4.500000e+000 -1.894423e+001  4.456477e+001
    endloop
  endfacet
  facet normal  1.000000e+000  -0.000000e+000  -0.000000e+000
    outer loop
      vertex -4.500000e+000 -2.350376e+001  5.239389e+001
      vertex -4.500000e+000 -1.894423e+001  4.456477e+001
      vertex -4.500000e+000 -1.848639e+001  4.418003e+001
    endloop
  endfacet
  facet normal  1.000000e+000  -0.000000e+000  -0.000000e+000
    outer loop
      vertex -4.500000e+000 -2.350376e+001  5.239389e+001
      vertex -4.500000e+000 -1.848639e+001  4.418003e+001
      vertex -4.500000e+000 -1.811397e+001  4.371212e+001
    endloop
  endfacet
  facet normal  9.999999e-001  0.000000e+000  -0.000000e+000
    outer loop
      vertex -4.500000e+000 -2.350376e+001  5.239389e+001
      vertex -4.500000e+000 -1.811397e+001  4.371212e+001
      vertex -4.500000e+000 -1.650000e+001  5.250000e+001
    endloop
  endfacet
  facet normal  1.000000e+000  0.000000e+000  0.000000e+000
    outer loop
      vertex -4.500000e+000 -2.350376e+001  5.239389e+001
      vertex -4.500000e+000 -1.650000e+001  5.250000e+001
      vertex -4.500000e+000 -2.353923e+001  5.284080e+001
    endloop
  endfacet
  facet normal  1.000000e+000  0.000000e+000  0.000000e+000
    outer loop
      vertex -4.500000e+000 -3.200000e+001  4.508712e+001
      vertex -4.500000e+000 -2.415304e+001  5.126200e+001
      vertex -4.500000e+000 -2.455672e+001  5.106700e+001
    endloop
  endfacet
  facet normal  1.000000e+000  0.000000e+000  0.000000e+000
    outer loop
      vertex -4.500000e+000 -3.200000e+001  4.508712e+001
      vertex -4.500000e+000 -2.455672e+001  5.106700e+001
      vertex -4.500000e+000 -2.500000e+001  5.100000e+001
    endloop
  endfacet
  facet normal  1.000000e+000  0.000000e+000  0.000000e+000
    outer loop
      vertex -4.500000e+000 -3.200000e+001  4.508712e+001
      vertex -4.500000e+000 -2.500000e+001  5.100000e+001
      vertex -4.500000e+000 -2.535766e+001  5.104327e+001
    endloop
  endfacet
  facet normal  1.000000e+000  0.000000e+000  0.000000e+000
    outer loop
      vertex -4.500000e+000 -3.200000e+001  4.508712e+001
      vertex -4.500000e+000 -2.535766e+001  5.104327e+001
      vertex -4.500000e+000 -2.569470e+001  5.117057e+001
    endloop
  endfacet
  facet normal  1.000000e+000  0.000000e+000  0.000000e+000
    outer loop
      vertex -4.500000e+000 -3.200000e+001  4.508712e+001
      vertex -4.500000e+000 -2.569470e+001  5.117057e+001
      vertex -4.500000e+000 -2.599165e+001  5.137456e+001
    endloop
  endfacet
  facet normal  1.000000e+000  0.000000e+000  0.000000e+000
    outer loop
      vertex -4.500000e+000 -3.200000e+001  4.508712e+001
      vertex -4.500000e+000 -2.599165e+001  5.137456e+001
      vertex -4.500000e+000 -2.626634e+001  5.169603e+001
    endloop
  endfacet
  facet normal  1.000000e+000  0.000000e+000  0.000000e+000
    outer loop
      vertex -4.500000e+000 -3.200000e+001  4.508712e+001
      vertex -4.500000e+000 -2.626634e+001  5.169603e+001
      vertex -4.500000e+000 -2.644040e+001  5.208138e+001
    endloop
  endfacet
  facet normal  1.000000e+000  0.000000e+000  0.000000e+000
    outer loop
      vertex -4.500000e+000 -3.200000e+001  4.508712e+001
      vertex -4.500000e+000 -2.644040e+001  5.208138e+001
      vertex -4.500000e+000 -2.650000e+001  5.250000e+001
    endloop
  endfacet
  facet normal  9.999999e-001  0.000000e+000  0.000000e+000
    outer loop
      vertex -4.500000e+000 -2.063575e+001  4.508712e+001
      vertex -4.500000e+000 -2.350376e+001  5.239389e+001
      vertex -4.500000e+000 -2.360194e+001  5.195646e+001
    endloop
  endfacet
  facet normal  1.000000e+000  0.000000e+000  0.000000e+000
    outer loop
      vertex -4.500000e+000 -2.063575e+001  4.508712e+001
      vertex -4.500000e+000 -2.360194e+001  5.195646e+001
      vertex -4.500000e+000 -2.382501e+001  5.156758e+001
    endloop
  endfacet
  facet normal  1.000000e+000  0.000000e+000  0.000000e+000
    outer loop
      vertex -4.500000e+000 -2.063575e+001  4.508712e+001
      vertex -4.500000e+000 -2.382501e+001  5.156758e+001
      vertex -4.500000e+000 -2.415304e+001  5.126200e+001
    endloop
  endfacet
  facet normal  1.000000e+000  0.000000e+000  0.000000e+000
    outer loop
      vertex -4.500000e+000 -2.063575e+001  4.508712e+001
      vertex -4.500000e+000 -2.415304e+001  5.126200e+001
      vertex -4.500000e+000 -3.200000e+001  4.508712e+001
    endloop
  endfacet
  facet normal  1.000000e+000  0.000000e+000  -0.000000e+000
    outer loop
      vertex -4.500000e+000 -3.025000e+001  5.650000e+001
      vertex -4.500000e+000 -2.650000e+001  5.250000e+001
      vertex -4.500000e+000 -2.642658e+001  5.296352e+001
    endloop
  endfacet
  facet normal  1.000000e+000  0.000000e+000  -0.000000e+000
    outer loop
      vertex -4.500000e+000 -3.025000e+001  5.650000e+001
      vertex -4.500000e+000 -2.642658e+001  5.296352e+001
      vertex -4.500000e+000 -2.621353e+001  5.338168e+001
    endloop
  endfacet
  facet normal  1.000000e+000  0.000000e+000  -0.000000e+000
    outer loop
      vertex -4.500000e+000 -3.025000e+001  5.650000e+001
      vertex -4.500000e+000 -2.621353e+001  5.338168e+001
      vertex -4.500000e+000 -2.588168e+001  5.371352e+001
    endloop
  endfacet
  facet normal  1.000000e+000  0.000000e+000  -0.000000e+000
    outer loop
      vertex -4.500000e+000 -3.025000e+001  5.650000e+001
      vertex -4.500000e+000 -2.588168e+001  5.371352e+001
      vertex -4.500000e+000 -2.546353e+001  5.392659e+001
    endloop
  endfacet
  facet normal  1.000000e+000  0.000000e+000  -0.000000e+000
    outer loop
      vertex -4.500000e+000 -3.025000e+001  5.650000e+001
      vertex -4.500000e+000 -2.546353e+001  5.392659e+001
      vertex -4.500000e+000 -2.500000e+001  5.400000e+001
    endloop
  endfacet
  facet normal  1.000000e+000  -0.000000e+000  -0.000000e+000
    outer loop
      vertex -4.500000e+000 -3.025000e+001  5.650000e+001
      vertex -4.500000e+000 -2.500000e+001  5.400000e+001
      vertex -4.500000e+000 -2.478832e+001  5.398499e+001
    endloop
  endfacet
  facet normal  1.000000e+000  -0.000000e+000  -0.000000e+000
    outer loop
      vertex -4.500000e+000 -3.025000e+001  5.650000e+001
      vertex -4.500000e+000 -2.478832e+001  5.398499e+001
      vertex -4.500000e+000 -2.435893e+001  5.385611e+001
    endloop
  endfacet
  facet normal  9.999999e-001  -0.000000e+000  -0.000000e+000
    outer loop
      vertex -4.500000e+000 -3.025000e+001  5.650000e+001
      vertex -4.500000e+000 -2.435893e+001  5.385611e+001
      vertex -4.500000e+000 -1.650000e+001  5.250000e+001
    endloop
  endfacet
  facet normal  1.000000e+000  0.000000e+000  -0.000000e+000
    outer loop
      vertex -4.500000e+000 -3.025000e+001  5.650000e+001
      vertex -4.500000e+000 -1.650000e+001  5.250000e+001
      vertex -4.500000e+000 -1.642658e+001  5.296352e+001
    endloop
  endfacet
  facet normal  9.999999e-001  0.000000e+000  -0.000000e+000
    outer loop
      vertex -4.500000e+000 -3.025000e+001  5.650000e+001
      vertex -4.500000e+000 -1.642658e+001  5.296352e+001
      vertex -4.500000e+000 -1.621353e+001  5.338168e+001
    endloop
  endfacet
  facet normal  1.000000e+000  0.000000e+000  -0.000000e+000
    outer loop
      vertex -4.500000e+000 -3.025000e+001  5.650000e+001
      vertex -4.500000e+000 -1.621353e+001  5.338168e+001
      vertex -4.500000e+000 -1.588168e+001  5.371352e+001
    endloop
  endfacet
  facet normal  1.000000e+000  0.000000e+000  -0.000000e+000
    outer loop
      vertex -4.500000e+000 -3.025000e+001  5.650000e+001
      vertex -4.500000e+000 -1.588168e+001  5.371352e+001
      vertex -4.500000e+000 -1.546353e+001  5.392659e+001
    endloop
  endfacet
  facet normal  1.000000e+000  0.000000e+000  -0.000000e+000
    outer loop
      vertex -4.500000e+000 -3.025000e+001  5.650000e+001
      vertex -4.500000e+000 -1.546353e+001  5.392659e+001
      vertex -4.500000e+000 -1.500000e+001  5.400000e+001
    endloop
  endfacet
  facet normal  1.000000e+000  -0.000000e+000  0.000000e+000
    outer loop
      vertex -4.500000e+000 -9.750000e+000  5.650000e+001
      vertex -4.500000e+000 -3.025000e+001  5.650000e+001
      vertex -4.500000e+000 -1.500000e+001  5.400000e+001
    endloop
  endfacet
  facet normal  1.000000e+000  -0.000000e+000  0.000000e+000
    outer loop
      vertex -4.500000e+000 -9.750000e+000  5.650000e+001
      vertex -4.500000e+000 -1.500000e+001  5.400000e+001
      vertex -4.500000e+000 -1.453647e+001  5.392659e+001
    endloop
  endfacet
  facet normal  1.000000e+000  -0.000000e+000  0.000000e+000
    outer loop
      vertex -4.500000e+000 -9.750000e+000  5.650000e+001
      vertex -4.500000e+000 -1.453647e+001  5.392659e+001
      vertex -4.500000e+000 -1.411832e+001  5.371352e+001
    endloop
  endfacet
  facet normal  1.000000e+000  -0.000000e+000  0.000000e+000
    outer loop
      vertex -4.500000e+000 -9.750000e+000  5.650000e+001
      vertex -4.500000e+000 -1.411832e+001  5.371352e+001
      vertex -4.500000e+000 -1.378647e+001  5.338168e+001
    endloop
  endfacet
  facet normal  1.000000e+000  -0.000000e+000  0.000000e+000
    outer loop
      vertex -4.500000e+000 -9.750000e+000  5.650000e+001
      vertex -4.500000e+000 -1.378647e+001  5.338168e+001
      vertex -4.500000e+000 -1.357341e+001  5.296352e+001
    endloop
  endfacet
  facet normal  1.000000e+000  -0.000000e+000  0.000000e+000
    outer loop
      vertex -4.500000e+000 -9.750000e+000  5.650000e+001
      vertex -4.500000e+000 -1.357341e+001  5.296352e+001
      vertex -4.500000e+000 -1.350000e+001  5.250000e+001
    endloop
  endfacet
  facet normal  1.000000e+000  0.000000e+000  0.000000e+000
    outer loop
      vertex -4.500000e+000 -3.025000e+001  9.700000e+001
      vertex -4.500000e+000 -1.500000e+001  9.950000e+001
      vertex -4.500000e+000 -1.535767e+001  9.954327e+001
    endloop
  endfacet
  facet normal  1.000000e+000  0.000000e+000  0.000000e+000
    outer loop
      vertex -4.500000e+000 -3.025000e+001  9.700000e+001
      vertex -4.500000e+000 -1.535767e+001  9.954327e+001
      vertex -4.500000e+000 -1.569470e+001  9.967056e+001
    endloop
  endfacet
  facet normal  1.000000e+000  0.000000e+000  0.000000e+000
    outer loop
      vertex -4.500000e+000 -3.025000e+001  9.700000e+001
      vertex -4.500000e+000 -1.569470e+001  9.967056e+001
      vertex -4.500000e+000 -1.599165e+001  9.987456e+001
    endloop
  endfacet
  facet normal  1.000000e+000  0.000000e+000  0.000000e+000
    outer loop
      vertex -4.500000e+000 -3.025000e+001  9.700000e+001
      vertex -4.500000e+000 -1.599165e+001  9.987456e+001
      vertex -4.500000e+000 -1.626634e+001  1.001960e+002
    endloop
  endfacet
  facet normal  1.000000e+000  0.000000e+000  0.000000e+000
    outer loop
      vertex -4.500000e+000 -3.025000e+001  9.700000e+001
      vertex -4.500000e+000 -1.626634e+001  1.001960e+002
      vertex -4.500000e+000 -1.644040e+001  1.005814e+002
    endloop
  endfacet
  facet normal  1.000000e+000  0.000000e+000  0.000000e+000
    outer loop
      vertex -4.500000e+000 -3.025000e+001  9.700000e+001
      vertex -4.500000e+000 -1.644040e+001  1.005814e+002
      vertex -4.500000e+000 -1.650000e+001  1.010000e+002
    endloop
  endfacet
  facet normal  1.000000e+000  0.000000e+000  0.000000e+000
    outer loop
      vertex -4.500000e+000 -3.025000e+001  9.700000e+001
      vertex -4.500000e+000 -1.650000e+001  1.010000e+002
      vertex -4.500000e+000 -2.453647e+001  9.957342e+001
    endloop
  endfacet
  facet normal  1.000000e+000  0.000000e+000  0.000000e+000
    outer loop
      vertex -4.500000e+000 -3.025000e+001  9.700000e+001
      vertex -4.500000e+000 -2.453647e+001  9.957342e+001
      vertex -4.500000e+000 -2.500000e+001  9.950000e+001
    endloop
  endfacet
  facet normal  1.000000e+000  0.000000e+000  0.000000e+000
    outer loop
      vertex -4.500000e+000 -3.025000e+001  9.700000e+001
      vertex -4.500000e+000 -2.500000e+001  9.950000e+001
      vertex -4.500000e+000 -2.535766e+001  9.954327e+001
    endloop
  endfacet
  facet normal  1.000000e+000  0.000000e+000  0.000000e+000
    outer loop
      vertex -4.500000e+000 -3.025000e+001  9.700000e+001
      vertex -4.500000e+000 -2.535766e+001  9.954327e+001
      vertex -4.500000e+000 -2.569470e+001  9.967056e+001
    endloop
  endfacet
  facet normal  1.000000e+000  0.000000e+000  0.000000e+000
    outer loop
      vertex -4.500000e+000 -3.025000e+001  9.700000e+001
      vertex -4.500000e+000 -2.569470e+001  9.967056e+001
      vertex -4.500000e+000 -2.599165e+001  9.987456e+001
    endloop
  endfacet
  facet normal  1.000000e+000  0.000000e+000  0.000000e+000
    outer loop
      vertex -4.500000e+000 -3.025000e+001  9.700000e+001
      vertex -4.500000e+000 -2.599165e+001  9.987456e+001
      vertex -4.500000e+000 -2.626634e+001  1.001960e+002
    endloop
  endfacet
  facet normal  1.000000e+000  0.000000e+000  0.000000e+000
    outer loop
      vertex -4.500000e+000 -3.025000e+001  9.700000e+001
      vertex -4.500000e+000 -2.626634e+001  1.001960e+002
      vertex -4.500000e+000 -2.644040e+001  1.005814e+002
    endloop
  endfacet
  facet normal  1.000000e+000  0.000000e+000  0.000000e+000
    outer loop
      vertex -4.500000e+000 -3.025000e+001  9.700000e+001
      vertex -4.500000e+000 -2.644040e+001  1.005814e+002
      vertex -4.500000e+000 -2.650000e+001  1.010000e+002
    endloop
  endfacet
  facet normal  1.000000e+000  0.000000e+000  0.000000e+000
    outer loop
      vertex -4.500000e+000 -9.750000e+000  9.700000e+001
      vertex -4.500000e+000 -6.614378e+000  1.046608e+002
      vertex -4.500000e+000 -1.350000e+001  1.010000e+002
    endloop
  endfacet
  facet normal  1.000000e+000  0.000000e+000  0.000000e+000
    outer loop
      vertex -4.500000e+000 -9.750000e+000  9.700000e+001
      vertex -4.500000e+000 -1.350000e+001  1.010000e+002
      vertex -4.500000e+000 -1.357341e+001  1.005365e+002
    endloop
  endfacet
  facet normal  1.000000e+000  0.000000e+000  0.000000e+000
    outer loop
      vertex -4.500000e+000 -9.750000e+000  9.700000e+001
      vertex -4.500000e+000 -1.357341e+001  1.005365e+002
      vertex -4.500000e+000 -1.378647e+001  1.001183e+002
    endloop
  endfacet
  facet normal  9.999999e-001  0.000000e+000  0.000000e+000
    outer loop
      vertex -4.500000e+000 -9.750000e+000  9.700000e+001
      vertex -4.500000e+000 -1.378647e+001  1.001183e+002
      vertex -4.500000e+000 -1.411832e+001  9.978648e+001
    endloop
  endfacet
  facet normal  1.000000e+000  0.000000e+000  0.000000e+000
    outer loop
      vertex -4.500000e+000 -9.750000e+000  9.700000e+001
      vertex -4.500000e+000 -1.411832e+001  9.978648e+001
      vertex -4.500000e+000 -1.453647e+001  9.957342e+001
    endloop
  endfacet
  facet normal  1.000000e+000  0.000000e+000  0.000000e+000
    outer loop
      vertex -4.500000e+000 -9.750000e+000  9.700000e+001
      vertex -4.500000e+000 -1.453647e+001  9.957342e+001
      vertex -4.500000e+000 -1.500000e+001  9.950000e+001
    endloop
  endfacet
  facet normal  1.000000e+000  0.000000e+000  0.000000e+000
    outer loop
      vertex -4.500000e+000 -9.750000e+000  9.700000e+001
      vertex -4.500000e+000 -1.500000e+001  9.950000e+001
      vertex -4.500000e+000 -3.025000e+001  9.700000e+001
    endloop
  endfacet
  facet normal  1.000000e+000  0.000000e+000  -0.000000e+000
    outer loop
      vertex -4.500000e+000 -3.200000e+001  1.050000e+002
      vertex -4.500000e+000 -2.650000e+001  1.010000e+002
      vertex -4.500000e+000 -2.642658e+001  1.014635e+002
    endloop
  endfacet
  facet normal  9.999999e-001  0.000000e+000  -0.000000e+000
    outer loop
      vertex -4.500000e+000 -3.200000e+001  1.050000e+002
      vertex -4.500000e+000 -2.642658e+001  1.014635e+002
      vertex -4.500000e+000 -2.621353e+001  1.018817e+002
    endloop
  endfacet
  facet normal  9.999999e-001  0.000000e+000  -0.000000e+000
    outer loop
      vertex -4.500000e+000 -3.200000e+001  1.050000e+002
      vertex -4.500000e+000 -2.621353e+001  1.018817e+002
      vertex -4.500000e+000 -2.588168e+001  1.022135e+002
    endloop
  endfacet
  facet normal  1.000000e+000  0.000000e+000  -0.000000e+000
    outer loop
      vertex -4.500000e+000 -3.200000e+001  1.050000e+002
      vertex -4.500000e+000 -2.588168e+001  1.022135e+002
      vertex -4.500000e+000 -2.546353e+001  1.024266e+002
    endloop
  endfacet
  facet normal  1.000000e+000  0.000000e+000  -0.000000e+000
    outer loop
      vertex -4.500000e+000 -3.200000e+001  1.050000e+002
      vertex -4.500000e+000 -2.546353e+001  1.024266e+002
      vertex -4.500000e+000 -2.500000e+001  1.025000e+002
    endloop
  endfacet
  facet normal  1.000000e+000  -0.000000e+000  -0.000000e+000
    outer loop
      vertex -4.500000e+000 -3.200000e+001  1.050000e+002
      vertex -4.500000e+000 -2.500000e+001  1.025000e+002
      vertex -4.500000e+000 -2.453647e+001  1.024266e+002
    endloop
  endfacet
  facet normal  1.000000e+000  -0.000000e+000  -0.000000e+000
    outer loop
      vertex -4.500000e+000 -3.200000e+001  1.050000e+002
      vertex -4.500000e+000 -2.453647e+001  1.024266e+002
      vertex -4.500000e+000 -1.650000e+001  1.010000e+002
    endloop
  endfacet
  facet normal  1.000000e+000  0.000000e+000  -0.000000e+000
    outer loop
      vertex -4.500000e+000 -3.200000e+001  1.050000e+002
      vertex -4.500000e+000 -1.650000e+001  1.010000e+002
      vertex -4.500000e+000 -1.642658e+001  1.014635e+002
    endloop
  endfacet
  facet normal  1.000000e+000  0.000000e+000  -0.000000e+000
    outer loop
      vertex -4.500000e+000 -3.200000e+001  1.050000e+002
      vertex -4.500000e+000 -1.642658e+001  1.014635e+002
      vertex -4.500000e+000 -1.621353e+001  1.018817e+002
    endloop
  endfacet
  facet normal  1.000000e+000  0.000000e+000  -0.000000e+000
    outer loop
      vertex -4.500000e+000 -3.200000e+001  1.050000e+002
      vertex -4.500000e+000 -1.621353e+001  1.018817e+002
      vertex -4.500000e+000 -1.588168e+001  1.022135e+002
    endloop
  endfacet
  facet normal  1.000000e+000  0.000000e+000  -0.000000e+000
    outer loop
      vertex -4.500000e+000 -3.200000e+001  1.050000e+002
      vertex -4.500000e+000 -1.588168e+001  1.022135e+002
      vertex -4.500000e+000 -1.546353e+001  1.024266e+002
    endloop
  endfacet
  facet normal  1.000000e+000  0.000000e+000  -0.000000e+000
    outer loop
      vertex -4.500000e+000 -3.200000e+001  1.050000e+002
      vertex -4.500000e+000 -1.546353e+001  1.024266e+002
      vertex -4.500000e+000 -1.500000e+001  1.025000e+002
    endloop
  endfacet
  facet normal  1.000000e+000  -0.000000e+000  0.000000e+000
    outer loop
      vertex -4.500000e+000 -8.000000e+000  1.050000e+002
      vertex -4.500000e+000 -3.200000e+001  1.050000e+002
      vertex -4.500000e+000 -1.500000e+001  1.025000e+002
    endloop
  endfacet
  facet normal  1.000000e+000  -0.000000e+000  0.000000e+000
    outer loop
      vertex -4.500000e+000 -8.000000e+000  1.050000e+002
      vertex -4.500000e+000 -1.500000e+001  1.025000e+002
      vertex -4.500000e+000 -1.453647e+001  1.024266e+002
    endloop
  endfacet
  facet normal  1.000000e+000  -0.000000e+000  0.000000e+000
    outer loop
      vertex -4.500000e+000 -8.000000e+000  1.050000e+002
      vertex -4.500000e+000 -1.453647e+001  1.024266e+002
      vertex -4.500000e+000 -1.411832e+001  1.022135e+002
    endloop
  endfacet
  facet normal  9.999999e-001  -0.000000e+000  0.000000e+000
    outer loop
      vertex -4.500000e+000 -8.000000e+000  1.050000e+002
      vertex -4.500000e+000 -1.411832e+001  1.022135e+002
      vertex -4.500000e+000 -1.378647e+001  1.018817e+002
    endloop
  endfacet
  facet normal  9.999999e-001  -0.000000e+000  0.000000e+000
    outer loop
      vertex -4.500000e+000 -8.000000e+000  1.050000e+002
      vertex -4.500000e+000 -1.378647e+001  1.018817e+002
      vertex -4.500000e+000 -1.357341e+001  1.014635e+002
    endloop
  endfacet
  facet normal  9.999999e-001  -0.000000e+000  0.000000e+000
    outer loop
      vertex -4.500000e+000 -8.000000e+000  1.050000e+002
      vertex -4.500000e+000 -1.357341e+001  1.014635e+002
      vertex -4.500000e+000 -1.350000e+001  1.010000e+002
    endloop
  endfacet
  facet normal  9.999999e-001  0.000000e+000  0.000000e+000
    outer loop
      vertex -4.500000e+000 -1.350000e+001  1.010000e+002
      vertex -4.500000e+000 -6.614378e+000  1.046608e+002
      vertex -4.500000e+000 -7.056098e+000  1.048476e+002
    endloop
  endfacet
  facet normal  1.000000e+000  0.000000e+000  0.000000e+000
    outer loop
      vertex -4.500000e+000 -1.350000e+001  1.010000e+002
      vertex -4.500000e+000 -7.056098e+000  1.048476e+002
      vertex -4.500000e+000 -7.521940e+000  1.049617e+002
    endloop
  endfacet
  facet normal  1.000000e+000  0.000000e+000  0.000000e+000
    outer loop
      vertex -4.500000e+000 -1.350000e+001  1.010000e+002
      vertex -4.500000e+000 -7.521940e+000  1.049617e+002
      vertex -4.500000e+000 -8.000000e+000  1.050000e+002
    endloop
  endfacet
  facet normal  1.000000e+000  0.000000e+000  0.000000e+000
    outer loop
      vertex -4.500000e+000 -3.500000e+001  1.020000e+002
      vertex -4.500000e+000 -3.500000e+001  4.808712e+001
      vertex -4.500000e+000 -3.025000e+001  9.700000e+001
    endloop
  endfacet
  facet normal  1.000000e+000  0.000000e+000  0.000000e+000
    outer loop
      vertex -4.500000e+000 -3.025000e+001  9.700000e+001
      vertex -4.500000e+000 -3.500000e+001  4.808712e+001
      vertex -4.500000e+000 -3.025000e+001  5.650000e+001
    endloop
  endfacet
  facet normal  1.000000e+000  0.000000e+000  -0.000000e+000
    outer loop
      vertex -4.500000e+000 -3.500000e+001  4.808712e+001
      vertex -4.500000e+000 -3.200000e+001  4.508712e+001
      vertex -4.500000e+000 -3.025000e+001  5.650000e+001
    endloop
  endfacet
  facet normal  1.000000e+000  0.000000e+000  0.000000e+000
    outer loop
      vertex -4.500000e+000 -3.025000e+001  5.650000e+001
      vertex -4.500000e+000 -3.200000e+001  4.508712e+001
      vertex -4.500000e+000 -2.650000e+001  5.250000e+001
    endloop
  endfacet
  facet normal  0.000000e+000  0.000000e+000 -1.000000e+000
    outer loop
      vertex  4.000000e+000  1.250000e+001  1.800000e+001
      vertex  3.852204e-001  4.157190e+000  1.800000e+001
      vertex  4.000000e+000  1.303590e+001  1.800000e+001
    endloop
  endfacet
  facet normal  0.000000e+000  0.000000e+000 -1.000000e+000
    outer loop
      vertex  1.250000e+001 -4.000000e+000  1.800000e+001
      vertex  1.142543e+000 -4.015622e+000  1.800000e+001
      vertex  1.860958e+000 -3.737307e+000  1.800000e+001
    endloop
  endfacet
  facet normal  0.000000e+000  0.000000e+000 -1.000000e+000
    outer loop
      vertex  4.000000e+000 -1.250000e+001  1.800000e+001
      vertex  4.000000e+000 -1.303590e+001  1.800000e+001
      vertex  3.852204e-001 -4.157190e+000  1.800000e+001
    endloop
  endfacet
  facet normal  0.000000e+000  0.000000e+000 -1.000000e+000
    outer loop
      vertex -1.250000e+001 -4.000000e+000  1.800000e+001
      vertex -1.303590e+001 -4.000000e+000  1.800000e+001
      vertex -1.860958e+000 -3.737307e+000  1.800000e+001
    endloop
  endfacet
  facet normal  0.000000e+000  -0.000000e+000 -1.000000e+000
    outer loop
      vertex -1.250000e+001 -4.000000e+000  1.800000e+001
      vertex -1.860958e+000 -3.737307e+000  1.800000e+001
      vertex -1.142543e+000 -4.015622e+000  1.800000e+001
    endloop
  endfacet
  facet normal  -0.000000e+000  -0.000000e+000 -1.000000e+000
    outer loop
      vertex -1.250000e+001 -4.000000e+000  1.800000e+001
      vertex -1.142543e+000 -4.015622e+000  1.800000e+001
      vertex -3.852204e-001 -4.157190e+000  1.800000e+001
    endloop
  endfacet
  facet normal  -0.000000e+000  0.000000e+000 -1.000000e+000
    outer loop
      vertex -1.250000e+001 -4.000000e+000  1.800000e+001
      vertex -3.852204e-001 -4.157190e+000  1.800000e+001
      vertex -1.250000e+001 -5.500000e+000  1.800000e+001
    endloop
  endfacet
  facet normal  -0.000000e+000  0.000000e+000 -1.000000e+000
    outer loop
      vertex  1.250000e+001 -5.500000e+000  1.800000e+001
      vertex  1.242875e+001 -6.496204e+000  1.800000e+001
      vertex  1.221645e+001 -7.472128e+000  1.800000e+001
    endloop
  endfacet
  facet normal  -0.000000e+000  0.000000e+000 -1.000000e+000
    outer loop
      vertex  1.250000e+001 -5.500000e+000  1.800000e+001
      vertex  1.221645e+001 -7.472128e+000  1.800000e+001
      vertex  1.186742e+001 -8.407905e+000  1.800000e+001
    endloop
  endfacet
  facet normal  -0.000000e+000  0.000000e+000 -9.999999e-001
    outer loop
      vertex  1.250000e+001 -5.500000e+000  1.800000e+001
      vertex  1.186742e+001 -8.407905e+000  1.800000e+001
      vertex  1.138877e+001 -9.284486e+000  1.800000e+001
    endloop
  endfacet
  facet normal  -0.000000e+000  0.000000e+000 -1.000000e+000
    outer loop
      vertex  1.250000e+001 -5.500000e+000  1.800000e+001
      vertex  1.138877e+001 -9.284486e+000  1.800000e+001
      vertex  1.079025e+001 -1.008403e+001  1.800000e+001
    endloop
  endfacet
  facet normal  -0.000000e+000  0.000000e+000 -1.000000e+000
    outer loop
      vertex  1.250000e+001 -5.500000e+000  1.800000e+001
      vertex  1.079025e+001 -1.008403e+001  1.800000e+001
      vertex  1.008403e+001 -1.079025e+001  1.800000e+001
    endloop
  endfacet
  facet normal  -0.000000e+000  0.000000e+000 -1.000000e+000
    outer loop
      vertex  1.250000e+001 -5.500000e+000  1.800000e+001
      vertex  1.008403e+001 -1.079025e+001  1.800000e+001
      vertex  9.284486e+000 -1.138877e+001  1.800000e+001
    endloop
  endfacet
  facet normal  -0.000000e+000  0.000000e+000 -1.000000e+000
    outer loop
      vertex  1.250000e+001 -5.500000e+000  1.800000e+001
      vertex  9.284486e+000 -1.138877e+001  1.800000e+001
      vertex  8.407905e+000 -1.186742e+001  1.800000e+001
    endloop
  endfacet
  facet normal  -0.000000e+000  0.000000e+000 -9.999999e-001
    outer loop
      vertex  1.250000e+001 -5.500000e+000  1.800000e+001
      vertex  8.407905e+000 -1.186742e+001  1.800000e+001
      vertex  4.000000e+000 -1.250000e+001  1.800000e+001
    endloop
  endfacet
  facet normal  0.000000e+000  0.000000e+000 -1.000000e+000
    outer loop
      vertex  1.250000e+001 -5.500000e+000  1.800000e+001
      vertex  4.000000e+000 -1.250000e+001  1.800000e+001
      vertex  3.852204e-001 -4.157190e+000  1.800000e+001
    endloop
  endfacet
  facet normal  0.000000e+000  0.000000e+000 -1.000000e+000
    outer loop
      vertex  1.250000e+001 -5.500000e+000  1.800000e+001
      vertex  3.852204e-001 -4.157190e+000  1.800000e+001
      vertex  1.142543e+000 -4.015622e+000  1.800000e+001
    endloop
  endfacet
  facet normal  0.000000e+000  0.000000e+000 -1.000000e+000
    outer loop
      vertex  1.250000e+001 -5.500000e+000  1.800000e+001
      vertex  1.142543e+000 -4.015622e+000  1.800000e+001
      vertex  1.250000e+001 -4.000000e+000  1.800000e+001
    endloop
  endfacet
  facet normal  -0.000000e+000  -0.000000e+000 -1.000000e+000
    outer loop
      vertex -3.852204e-001 -4.157190e+000  1.800000e+001
      vertex  3.852204e-001 -4.157190e+000  1.800000e+001
      vertex  4.000000e+000 -1.303590e+001  1.800000e+001
    endloop
  endfacet
  facet normal  0.000000e+000  0.000000e+000 -1.000000e+000
    outer loop
      vertex -3.852204e-001 -4.157190e+000  1.800000e+001
      vertex  4.000000e+000 -1.303590e+001  1.800000e+001
      vertex -4.000000e+000 -1.303590e+001  1.800000e+001
    endloop
  endfacet
  facet normal  0.000000e+000  0.000000e+000 -1.000000e+000
    outer loop
      vertex -3.852204e-001 -4.157190e+000  1.800000e+001
      vertex -4.000000e+000 -1.303590e+001  1.800000e+001
      vertex -4.000000e+000 -1.250000e+001  1.800000e+001
    endloop
  endfacet
  facet normal  0.000000e+000  0.000000e+000 -1.000000e+000
    outer loop
      vertex -3.852204e-001 -4.157190e+000  1.800000e+001
      vertex -4.000000e+000 -1.250000e+001  1.800000e+001
      vertex -8.407905e+000 -1.186742e+001  1.800000e+001
    endloop
  endfacet
  facet normal  0.000000e+000  0.000000e+000 -1.000000e+000
    outer loop
      vertex -3.852204e-001 -4.157190e+000  1.800000e+001
      vertex -8.407905e+000 -1.186742e+001  1.800000e+001
      vertex -9.284486e+000 -1.138877e+001  1.800000e+001
    endloop
  endfacet
  facet normal  0.000000e+000  0.000000e+000 -9.999999e-001
    outer loop
      vertex -3.852204e-001 -4.157190e+000  1.800000e+001
      vertex -9.284486e+000 -1.138877e+001  1.800000e+001
      vertex -1.008403e+001 -1.079025e+001  1.800000e+001
    endloop
  endfacet
  facet normal  0.000000e+000  0.000000e+000 -1.000000e+000
    outer loop
      vertex -3.852204e-001 -4.157190e+000  1.800000e+001
      vertex -1.008403e+001 -1.079025e+001  1.800000e+001
      vertex -1.079025e+001 -1.008403e+001  1.800000e+001
    endloop
  endfacet
  facet normal  0.000000e+000  0.000000e+000 -1.000000e+000
    outer loop
      vertex -3.852204e-001 -4.157190e+000  1.800000e+001
      vertex -1.079025e+001 -1.008403e+001  1.800000e+001
      vertex -1.138877e+001 -9.284486e+000  1.800000e+001
    endloop
  endfacet
  facet normal  0.000000e+000  0.000000e+000 -1.000000e+000
    outer loop
      vertex -3.852204e-001 -4.157190e+000  1.800000e+001
      vertex -1.138877e+001 -9.284486e+000  1.800000e+001
      vertex -1.186742e+001 -8.407905e+000  1.800000e+001
    endloop
  endfacet
  facet normal  0.000000e+000  0.000000e+000 -1.000000e+000
    outer loop
      vertex -3.852204e-001 -4.157190e+000  1.800000e+001
      vertex -1.186742e+001 -8.407905e+000  1.800000e+001
      vertex -1.221645e+001 -7.472128e+000  1.800000e+001
    endloop
  endfacet
  facet normal  0.000000e+000  0.000000e+000 -1.000000e+000
    outer loop
      vertex -3.852204e-001 -4.157190e+000  1.800000e+001
      vertex -1.221645e+001 -7.472128e+000  1.800000e+001
      vertex -1.242875e+001 -6.496204e+000  1.800000e+001
    endloop
  endfacet
  facet normal  0.000000e+000  0.000000e+000 -1.000000e+000
    outer loop
      vertex -3.852204e-001 -4.157190e+000  1.800000e+001
      vertex -1.242875e+001 -6.496204e+000  1.800000e+001
      vertex -1.250000e+001 -5.500000e+000  1.800000e+001
    endloop
  endfacet
  facet normal  0.000000e+000  0.000000e+000 -1.000000e+000
    outer loop
      vertex  1.250000e+001  5.500000e+000  1.800000e+001
      vertex  1.250000e+001  4.000000e+000  1.800000e+001
      vertex  1.142543e+000  4.015622e+000  1.800000e+001
    endloop
  endfacet
  facet normal  0.000000e+000  0.000000e+000 -1.000000e+000
    outer loop
      vertex  1.250000e+001  5.500000e+000  1.800000e+001
      vertex  1.142543e+000  4.015622e+000  1.800000e+001
      vertex  3.852204e-001  4.157190e+000  1.800000e+001
    endloop
  endfacet
  facet normal  0.000000e+000  0.000000e+000 -1.000000e+000
    outer loop
      vertex  1.250000e+001  5.500000e+000  1.800000e+001
      vertex  3.852204e-001  4.157190e+000  1.800000e+001
      vertex  4.000000e+000  1.250000e+001  1.800000e+001
    endloop
  endfacet
  facet normal  0.000000e+000  0.000000e+000 -1.000000e+000
    outer loop
      vertex  1.250000e+001  5.500000e+000  1.800000e+001
      vertex  4.000000e+000  1.250000e+001  1.800000e+001
      vertex  5.500000e+000  1.250000e+001  1.800000e+001
    endloop
  endfacet
  facet normal  0.000000e+000  0.000000e+000 -9.999999e-001
    outer loop
      vertex  1.250000e+001  5.500000e+000  1.800000e+001
      vertex  5.500000e+000  1.250000e+001  1.800000e+001
      vertex  6.496204e+000  1.242875e+001  1.800000e+001
    endloop
  endfacet
  facet normal  0.000000e+000  0.000000e+000 -1.000000e+000
    outer loop
      vertex  1.250000e+001  5.500000e+000  1.800000e+001
      vertex  6.496204e+000  1.242875e+001  1.800000e+001
      vertex  7.472128e+000  1.221645e+001  1.800000e+001
    endloop
  endfacet
  facet normal  0.000000e+000  0.000000e+000 -1.000000e+000
    outer loop
      vertex  1.250000e+001  5.500000e+000  1.800000e+001
      vertex  7.472128e+000  1.221645e+001  1.800000e+001
      vertex  8.407905e+000  1.186742e+001  1.800000e+001
    endloop
  endfacet
  facet normal  0.000000e+000  0.000000e+000 -1.000000e+000
    outer loop
      vertex  1.250000e+001  5.500000e+000  1.800000e+001
      vertex  8.407905e+000  1.186742e+001  1.800000e+001
      vertex  9.284486e+000  1.138877e+001  1.800000e+001
    endloop
  endfacet
  facet normal  0.000000e+000  0.000000e+000 -1.000000e+000
    outer loop
      vertex  1.250000e+001  5.500000e+000  1.800000e+001
      vertex  9.284486e+000  1.138877e+001  1.800000e+001
      vertex  1.008403e+001  1.079025e+001  1.800000e+001
    endloop
  endfacet
  facet normal  0.000000e+000  0.000000e+000 -1.000000e+000
    outer loop
      vertex  1.250000e+001  5.500000e+000  1.800000e+001
      vertex  1.008403e+001  1.079025e+001  1.800000e+001
      vertex  1.079025e+001  1.008403e+001  1.800000e+001
    endloop
  endfacet
  facet normal  0.000000e+000  0.000000e+000 -1.000000e+000
    outer loop
      vertex  1.250000e+001  5.500000e+000  1.800000e+001
      vertex  1.079025e+001  1.008403e+001  1.800000e+001
      vertex  1.138877e+001  9.284486e+000  1.800000e+001
    endloop
  endfacet
  facet normal  0.000000e+000  0.000000e+000 -9.999999e-001
    outer loop
      vertex  1.250000e+001  5.500000e+000  1.800000e+001
      vertex  1.138877e+001  9.284486e+000  1.800000e+001
      vertex  1.186742e+001  8.407905e+000  1.800000e+001
    endloop
  endfacet
  facet normal  0.000000e+000  0.000000e+000 -1.000000e+000
    outer loop
      vertex  1.250000e+001  5.500000e+000  1.800000e+001
      vertex  1.186742e+001  8.407905e+000  1.800000e+001
      vertex  1.221645e+001  7.472128e+000  1.800000e+001
    endloop
  endfacet
  facet normal  0.000000e+000  0.000000e+000 -1.000000e+000
    outer loop
      vertex  1.250000e+001  5.500000e+000  1.800000e+001
      vertex  1.221645e+001  7.472128e+000  1.800000e+001
      vertex  1.242875e+001  6.496204e+000  1.800000e+001
    endloop
  endfacet
  facet normal  -0.000000e+000  0.000000e+000 -1.000000e+000
    outer loop
      vertex -3.852204e-001  4.157190e+000  1.800000e+001
      vertex -1.142543e+000  4.015622e+000  1.800000e+001
      vertex -1.250000e+001  4.000000e+000  1.800000e+001
    endloop
  endfacet
  facet normal  0.000000e+000  0.000000e+000 -1.000000e+000
    outer loop
      vertex -3.852204e-001  4.157190e+000  1.800000e+001
      vertex -1.250000e+001  4.000000e+000  1.800000e+001
      vertex -1.250000e+001  5.500000e+000  1.800000e+001
    endloop
  endfacet
  facet normal  0.000000e+000  0.000000e+000 -1.000000e+000
    outer loop
      vertex -3.852204e-001  4.157190e+000  1.800000e+001
      vertex -1.250000e+001  5.500000e+000  1.800000e+001
      vertex -1.242875e+001  6.496204e+000  1.800000e+001
    endloop
  endfacet
  facet normal  0.000000e+000  0.000000e+000 -1.000000e+000
    outer loop
      vertex -3.852204e-001  4.157190e+000  1.800000e+001
      vertex -1.242875e+001  6.496204e+000  1.800000e+001
      vertex -1.221645e+001  7.472128e+000  1.800000e+001
    endloop
  endfacet
  facet normal  0.000000e+000  0.000000e+000 -1.000000e+000
    outer loop
      vertex -3.852204e-001  4.157190e+000  1.800000e+001
      vertex -1.221645e+001  7.472128e+000  1.800000e+001
      vertex -1.186742e+001  8.407905e+000  1.800000e+001
    endloop
  endfacet
  facet normal  0.000000e+000  0.000000e+000 -1.000000e+000
    outer loop
      vertex -3.852204e-001  4.157190e+000  1.800000e+001
      vertex -1.186742e+001  8.407905e+000  1.800000e+001
      vertex -1.138877e+001  9.284486e+000  1.800000e+001
    endloop
  endfacet
  facet normal  0.000000e+000  0.000000e+000 -1.000000e+000
    outer loop
      vertex -3.852204e-001  4.157190e+000  1.800000e+001
      vertex -1.138877e+001  9.284486e+000  1.800000e+001
      vertex -1.079025e+001  1.008403e+001  1.800000e+001
    endloop
  endfacet
  facet normal  0.000000e+000  0.000000e+000 -1.000000e+000
    outer loop
      vertex -3.852204e-001  4.157190e+000  1.800000e+001
      vertex -1.079025e+001  1.008403e+001  1.800000e+001
      vertex -1.008403e+001  1.079025e+001  1.800000e+001
    endloop
  endfacet
  facet normal  0.000000e+000  0.000000e+000 -9.999999e-001
    outer loop
      vertex -3.852204e-001  4.157190e+000  1.800000e+001
      vertex -1.008403e+001  1.079025e+001  1.800000e+001
      vertex -9.284486e+000  1.138877e+001  1.800000e+001
    endloop
  endfacet
  facet normal  0.000000e+000  0.000000e+000 -1.000000e+000
    outer loop
      vertex -3.852204e-001  4.157190e+000  1.800000e+001
      vertex -9.284486e+000  1.138877e+001  1.800000e+001
      vertex -8.407905e+000  1.186742e+001  1.800000e+001
    endloop
  endfacet
  facet normal  0.000000e+000  0.000000e+000 -9.999999e-001
    outer loop
      vertex -3.852204e-001  4.157190e+000  1.800000e+001
      vertex -8.407905e+000  1.186742e+001  1.800000e+001
      vertex -7.472128e+000  1.221645e+001  1.800000e+001
    endloop
  endfacet
  facet normal  0.000000e+000  0.000000e+000 -1.000000e+000
    outer loop
      vertex -3.852204e-001  4.157190e+000  1.800000e+001
      vertex -7.472128e+000  1.221645e+001  1.800000e+001
      vertex -6.496204e+000  1.242875e+001  1.800000e+001
    endloop
  endfacet
  facet normal  0.000000e+000  0.000000e+000 -1.000000e+000
    outer loop
      vertex -3.852204e-001  4.157190e+000  1.800000e+001
      vertex -6.496204e+000  1.242875e+001  1.800000e+001
      vertex -5.500000e+000  1.250000e+001  1.800000e+001
    endloop
  endfacet
  facet normal  0.000000e+000  0.000000e+000 -1.000000e+000
    outer loop
      vertex -3.852204e-001  4.157190e+000  1.800000e+001
      vertex -5.500000e+000  1.250000e+001  1.800000e+001
      vertex -4.000000e+000  1.250000e+001  1.800000e+001
    endloop
  endfacet
  facet normal  0.000000e+000  0.000000e+000 -1.000000e+000
    outer loop
      vertex -3.852204e-001  4.157190e+000  1.800000e+001
      vertex -4.000000e+000  1.250000e+001  1.800000e+001
      vertex -4.000000e+000  1.303590e+001  1.800000e+001
    endloop
  endfacet
  facet normal  0.000000e+000  0.000000e+000 -1.000000e+000
    outer loop
      vertex -3.852204e-001  4.157190e+000  1.800000e+001
      vertex -4.000000e+000  1.303590e+001  1.800000e+001
      vertex  4.000000e+000  1.303590e+001  1.800000e+001
    endloop
  endfacet
  facet normal  0.000000e+000  0.000000e+000 -9.999999e-001
    outer loop
      vertex -3.852204e-001  4.157190e+000  1.800000e+001
      vertex  4.000000e+000  1.303590e+001  1.800000e+001
      vertex  3.852204e-001  4.157190e+000  1.800000e+001
    endloop
  endfacet
  facet normal  0.000000e+000  0.000000e+000 -1.000000e+000
    outer loop
      vertex  1.303590e+001 -4.000000e+000  1.800000e+001
      vertex  1.250000e+001 -4.000000e+000  1.800000e+001
      vertex  1.860958e+000 -3.737307e+000  1.800000e+001
    endloop
  endfacet
  facet normal  0.000000e+000  0.000000e+000 -1.000000e+000
    outer loop
      vertex  1.303590e+001 -4.000000e+000  1.800000e+001
      vertex  1.860958e+000 -3.737307e+000  1.800000e+001
      vertex  2.516000e+000 -3.331722e+000  1.800000e+001
    endloop
  endfacet
  facet normal  0.000000e+000  0.000000e+000 -1.000000e+000
    outer loop
      vertex  1.303590e+001 -4.000000e+000  1.800000e+001
      vertex  2.516000e+000 -3.331722e+000  1.800000e+001
      vertex  3.085362e+000 -2.812679e+000  1.800000e+001
    endloop
  endfacet
  facet normal  0.000000e+000  0.000000e+000 -1.000000e+000
    outer loop
      vertex  1.303590e+001 -4.000000e+000  1.800000e+001
      vertex  3.085362e+000 -2.812679e+000  1.800000e+001
      vertex  3.549657e+000 -2.197854e+000  1.800000e+001
    endloop
  endfacet
  facet normal  0.000000e+000  0.000000e+000 -9.999999e-001
    outer loop
      vertex  1.303590e+001 -4.000000e+000  1.800000e+001
      vertex  3.549657e+000 -2.197854e+000  1.800000e+001
      vertex  3.893072e+000 -1.508184e+000  1.800000e+001
    endloop
  endfacet
  facet normal  0.000000e+000  0.000000e+000 -1.000000e+000
    outer loop
      vertex  1.303590e+001 -4.000000e+000  1.800000e+001
      vertex  3.893072e+000 -1.508184e+000  1.800000e+001
      vertex  4.103913e+000 -7.671542e-001  1.800000e+001
    endloop
  endfacet
  facet normal  0.000000e+000  0.000000e+000 -1.000000e+000
    outer loop
      vertex  1.303590e+001 -4.000000e+000  1.800000e+001
      vertex  4.103913e+000 -7.671542e-001  1.800000e+001
      vertex  4.175000e+000 -1.022546e-015  1.800000e+001
    endloop
  endfacet
  facet normal  0.000000e+000  0.000000e+000 -1.000000e+000
    outer loop
      vertex  1.303590e+001 -4.000000e+000  1.800000e+001
      vertex  4.175000e+000 -1.022546e-015  1.800000e+001
      vertex  4.103913e+000  7.671542e-001  1.800000e+001
    endloop
  endfacet
  facet normal  0.000000e+000  0.000000e+000 -1.000000e+000
    outer loop
      vertex  1.303590e+001 -4.000000e+000  1.800000e+001
      vertex  4.103913e+000  7.671542e-001  1.800000e+001
      vertex  3.893072e+000  1.508184e+000  1.800000e+001
    endloop
  endfacet
  facet normal  0.000000e+000  0.000000e+000 -1.000000e+000
    outer loop
      vertex  1.303590e+001 -4.000000e+000  1.800000e+001
      vertex  3.893072e+000  1.508184e+000  1.800000e+001
      vertex  3.549657e+000  2.197854e+000  1.800000e+001
    endloop
  endfacet
  facet normal  0.000000e+000  0.000000e+000 -1.000000e+000
    outer loop
      vertex  1.303590e+001 -4.000000e+000  1.800000e+001
      vertex  3.549657e+000  2.197854e+000  1.800000e+001
      vertex  3.085362e+000  2.812679e+000  1.800000e+001
    endloop
  endfacet
  facet normal  0.000000e+000  0.000000e+000 -1.000000e+000
    outer loop
      vertex  1.303590e+001 -4.000000e+000  1.800000e+001
      vertex  3.085362e+000  2.812679e+000  1.800000e+001
      vertex  2.516000e+000  3.331722e+000  1.800000e+001
    endloop
  endfacet
  facet normal  0.000000e+000  0.000000e+000 -1.000000e+000
    outer loop
      vertex  1.303590e+001 -4.000000e+000  1.800000e+001
      vertex  2.516000e+000  3.331722e+000  1.800000e+001
      vertex  1.303590e+001  4.000000e+000  1.800000e+001
    endloop
  endfacet
  facet normal  0.000000e+000  0.000000e+000 -1.000000e+000
    outer loop
      vertex  4.000000e+000 -1.250000e+001  1.800000e+001
      vertex  8.407905e+000 -1.186742e+001  1.800000e+001
      vertex  7.472128e+000 -1.221645e+001  1.800000e+001
    endloop
  endfacet
  facet normal  0.000000e+000  0.000000e+000 -1.000000e+000
    outer loop
      vertex  4.000000e+000 -1.250000e+001  1.800000e+001
      vertex  7.472128e+000 -1.221645e+001  1.800000e+001
      vertex  6.496204e+000 -1.242875e+001  1.800000e+001
    endloop
  endfacet
  facet normal  0.000000e+000  0.000000e+000 -1.000000e+000
    outer loop
      vertex  4.000000e+000 -1.250000e+001  1.800000e+001
      vertex  6.496204e+000 -1.242875e+001  1.800000e+001
      vertex  5.500000e+000 -1.250000e+001  1.800000e+001
    endloop
  endfacet
  facet normal  0.000000e+000  0.000000e+000 -1.000000e+000
    outer loop
      vertex -1.303590e+001 -4.000000e+000  1.800000e+001
      vertex -1.303590e+001  4.000000e+000  1.800000e+001
      vertex -2.516000e+000  3.331722e+000  1.800000e+001
    endloop
  endfacet
  facet normal  0.000000e+000  0.000000e+000 -9.999999e-001
    outer loop
      vertex -1.303590e+001 -4.000000e+000  1.800000e+001
      vertex -2.516000e+000  3.331722e+000  1.800000e+001
      vertex -3.085362e+000  2.812679e+000  1.800000e+001
    endloop
  endfacet
  facet normal  0.000000e+000  0.000000e+000 -1.000000e+000
    outer loop
      vertex -1.303590e+001 -4.000000e+000  1.800000e+001
      vertex -3.085362e+000  2.812679e+000  1.800000e+001
      vertex -3.549657e+000  2.197854e+000  1.800000e+001
    endloop
  endfacet
  facet normal  0.000000e+000  0.000000e+000 -1.000000e+000
    outer loop
      vertex -1.303590e+001 -4.000000e+000  1.800000e+001
      vertex -3.549657e+000  2.197854e+000  1.800000e+001
      vertex -3.893072e+000  1.508184e+000  1.800000e+001
    endloop
  endfacet
  facet normal  0.000000e+000  0.000000e+000 -9.999999e-001
    outer loop
      vertex -1.303590e+001 -4.000000e+000  1.800000e+001
      vertex -3.893072e+000  1.508184e+000  1.800000e+001
      vertex -4.103913e+000  7.671542e-001  1.800000e+001
    endloop
  endfacet
  facet normal  0.000000e+000  0.000000e+000 -1.000000e+000
    outer loop
      vertex -1.303590e+001 -4.000000e+000  1.800000e+001
      vertex -4.103913e+000  7.671542e-001  1.800000e+001
      vertex -4.175000e+000  5.112732e-016  1.800000e+001
    endloop
  endfacet
  facet normal  0.000000e+000  -0.000000e+000 -9.999999e-001
    outer loop
      vertex -1.303590e+001 -4.000000e+000  1.800000e+001
      vertex -4.175000e+000  5.112732e-016  1.800000e+001
      vertex -4.103913e+000 -7.671542e-001  1.800000e+001
    endloop
  endfacet
  facet normal  0.000000e+000  -0.000000e+000 -9.999999e-001
    outer loop
      vertex -1.303590e+001 -4.000000e+000  1.800000e+001
      vertex -4.103913e+000 -7.671542e-001  1.800000e+001
      vertex -3.893072e+000 -1.508184e+000  1.800000e+001
    endloop
  endfacet
  facet normal  0.000000e+000  -0.000000e+000 -9.999999e-001
    outer loop
      vertex -1.303590e+001 -4.000000e+000  1.800000e+001
      vertex -3.893072e+000 -1.508184e+000  1.800000e+001
      vertex -3.549657e+000 -2.197854e+000  1.800000e+001
    endloop
  endfacet
  facet normal  0.000000e+000  -0.000000e+000 -1.000000e+000
    outer loop
      vertex -1.303590e+001 -4.000000e+000  1.800000e+001
      vertex -3.549657e+000 -2.197854e+000  1.800000e+001
      vertex -3.085362e+000 -2.812679e+000  1.800000e+001
    endloop
  endfacet
  facet normal  0.000000e+000  -0.000000e+000 -1.000000e+000
    outer loop
      vertex -1.303590e+001 -4.000000e+000  1.800000e+001
      vertex -3.085362e+000 -2.812679e+000  1.800000e+001
      vertex -2.516000e+000 -3.331722e+000  1.800000e+001
    endloop
  endfacet
  facet normal  0.000000e+000  -0.000000e+000 -1.000000e+000
    outer loop
      vertex -1.303590e+001 -4.000000e+000  1.800000e+001
      vertex -2.516000e+000 -3.331722e+000  1.800000e+001
      vertex -1.860958e+000 -3.737307e+000  1.800000e+001
    endloop
  endfacet
  facet normal  0.000000e+000  0.000000e+000 -1.000000e+000
    outer loop
      vertex -4.000000e+000 -1.250000e+001  1.800000e+001
      vertex -5.500000e+000 -1.250000e+001  1.800000e+001
      vertex -6.496204e+000 -1.242875e+001  1.800000e+001
    endloop
  endfacet
  facet normal  0.000000e+000  0.000000e+000 -1.000000e+000
    outer loop
      vertex -4.000000e+000 -1.250000e+001  1.800000e+001
      vertex -6.496204e+000 -1.242875e+001  1.800000e+001
      vertex -7.472128e+000 -1.221645e+001  1.800000e+001
    endloop
  endfacet
  facet normal  0.000000e+000  0.000000e+000 -1.000000e+000
    outer loop
      vertex -4.000000e+000 -1.250000e+001  1.800000e+001
      vertex -7.472128e+000 -1.221645e+001  1.800000e+001
      vertex -8.407905e+000 -1.186742e+001  1.800000e+001
    endloop
  endfacet
  facet normal  0.000000e+000  0.000000e+000 -1.000000e+000
    outer loop
      vertex  1.303590e+001  4.000000e+000  1.800000e+001
      vertex  2.516000e+000  3.331722e+000  1.800000e+001
      vertex  1.250000e+001  4.000000e+000  1.800000e+001
    endloop
  endfacet
  facet normal  0.000000e+000  0.000000e+000 -1.000000e+000
    outer loop
      vertex  1.250000e+001  4.000000e+000  1.800000e+001
      vertex  2.516000e+000  3.331722e+000  1.800000e+001
      vertex  1.860958e+000  3.737307e+000  1.800000e+001
    endloop
  endfacet
  facet normal  0.000000e+000  0.000000e+000 -1.000000e+000
    outer loop
      vertex  1.250000e+001  4.000000e+000  1.800000e+001
      vertex  1.860958e+000  3.737307e+000  1.800000e+001
      vertex  1.142543e+000  4.015622e+000  1.800000e+001
    endloop
  endfacet
  facet normal  0.000000e+000  0.000000e+000 -1.000000e+000
    outer loop
      vertex -2.516000e+000  3.331722e+000  1.800000e+001
      vertex -1.303590e+001  4.000000e+000  1.800000e+001
      vertex -1.860958e+000  3.737307e+000  1.800000e+001
    endloop
  endfacet
  facet normal  0.000000e+000  0.000000e+000 -1.000000e+000
    outer loop
      vertex -1.860958e+000  3.737307e+000  1.800000e+001
      vertex -1.303590e+001  4.000000e+000  1.800000e+001
      vertex -1.250000e+001  4.000000e+000  1.800000e+001
    endloop
  endfacet
  facet normal  0.000000e+000  0.000000e+000 -1.000000e+000
    outer loop
      vertex -1.860958e+000  3.737307e+000  1.800000e+001
      vertex -1.250000e+001  4.000000e+000  1.800000e+001
      vertex -1.142543e+000  4.015622e+000  1.800000e+001
    endloop
  endfacet
  facet normal -3.494639e-001 -9.369491e-001 -1.137603e-003
    outer loop
      vertex -8.407905e+000 -1.186742e+001  1.800000e+001
      vertex -7.472128e+000 -1.221645e+001  1.800000e+001
      vertex -7.795005e+000 -1.211309e+001  3.205564e+001
    endloop
  endfacet
  facet normal -2.701390e-001 -9.628209e-001  8.748522e-004
    outer loop
      vertex -6.979463e+000 -1.234187e+001  3.209550e+001
      vertex -7.795005e+000 -1.211309e+001  3.205564e+001
      vertex -7.472128e+000 -1.221645e+001  1.800000e+001
    endloop
  endfacet
  facet normal -2.125652e-001 -9.771461e-001 -1.264928e-003
    outer loop
      vertex -7.472128e+000 -1.221645e+001  1.800000e+001
      vertex -6.496204e+000 -1.242875e+001  1.800000e+001
      vertex -6.979463e+000 -1.234187e+001  3.209550e+001
    endloop
  endfacet
  facet normal -9.974782e-001 -7.097343e-002  0.000000e+000
    outer loop
      vertex -1.250000e+001 -5.500000e+000  3.200000e+001
      vertex -1.250000e+001 -5.500000e+000  1.800000e+001
      vertex -1.242948e+001 -6.491125e+000  3.200000e+001
    endloop
  endfacet
  facet normal -9.974520e-001 -7.133923e-002 -2.602854e-005
    outer loop
      vertex -1.242948e+001 -6.491125e+000  3.200000e+001
      vertex -1.250000e+001 -5.500000e+000  1.800000e+001
      vertex -1.242875e+001 -6.496204e+000  1.800000e+001
    endloop
  endfacet
  facet normal -9.773799e-001 -2.114912e-001  2.586391e-005
    outer loop
      vertex -1.242948e+001 -6.491125e+000  3.200000e+001
      vertex -1.242875e+001 -6.496204e+000  1.800000e+001
      vertex -1.221933e+001 -7.462279e+000  3.200000e+001
    endloop
  endfacet
  facet normal -9.771469e-001 -2.125654e-001 -5.174524e-005
    outer loop
      vertex -1.221933e+001 -7.462279e+000  3.200000e+001
      vertex -1.242875e+001 -6.496204e+000  1.800000e+001
      vertex -1.221645e+001 -7.472128e+000  1.800000e+001
    endloop
  endfacet
  facet normal -9.375885e-001 -3.477465e-001  5.150418e-005
    outer loop
      vertex -1.221933e+001 -7.462279e+000  3.200000e+001
      vertex -1.221645e+001 -7.472128e+000  1.800000e+001
      vertex -1.187380e+001 -8.393895e+000  3.200000e+001
    endloop
  endfacet
  facet normal -9.369497e-001 -3.494642e-001 -7.722226e-005
    outer loop
      vertex -1.187380e+001 -8.393895e+000  3.200000e+001
      vertex -1.221645e+001 -7.472128e+000  1.800000e+001
      vertex -1.186742e+001 -8.407905e+000  1.800000e+001
    endloop
  endfacet
  facet normal -8.789058e-001 -4.769955e-001  7.684318e-005
    outer loop
      vertex -1.187380e+001 -8.393895e+000  3.200000e+001
      vertex -1.186742e+001 -8.407905e+000  1.800000e+001
      vertex -1.139985e+001 -9.267202e+000  3.200000e+001
    endloop
  endfacet
  facet normal -8.776792e-001 -4.792487e-001 -1.024215e-004
    outer loop
      vertex -1.139985e+001 -9.267202e+000  3.200000e+001
      vertex -1.186742e+001 -8.407905e+000  1.800000e+001
      vertex -1.138877e+001 -9.284486e+000  1.800000e+001
    endloop
  endfacet
  facet normal -8.025138e-001 -5.966336e-001  1.019347e-004
    outer loop
      vertex -1.139985e+001 -9.267202e+000  3.200000e+001
      vertex -1.138877e+001 -9.284486e+000  1.800000e+001
      vertex -1.080701e+001 -1.006460e+001  3.200000e+001
    endloop
  endfacet
  facet normal -8.005412e-001 -5.992777e-001 -1.273716e-004
    outer loop
      vertex -1.080701e+001 -1.006460e+001  3.200000e+001
      vertex -1.138877e+001 -9.284486e+000  1.800000e+001
      vertex -1.079025e+001 -1.008403e+001  1.800000e+001
    endloop
  endfacet
  facet normal -7.099521e-001 -7.042500e-001  1.267290e-004
    outer loop
      vertex -1.080701e+001 -1.006460e+001  3.200000e+001
      vertex -1.079025e+001 -1.008403e+001  1.800000e+001
      vertex -1.010725e+001 -1.077003e+001  3.200000e+001
    endloop
  endfacet
  facet normal -7.071068e-001 -7.071068e-001 -1.520658e-004
    outer loop
      vertex -1.010725e+001 -1.077003e+001  3.200000e+001
      vertex -1.079025e+001 -1.008403e+001  1.800000e+001
      vertex -1.008403e+001 -1.079025e+001  1.800000e+001
    endloop
  endfacet
  facet normal -6.030848e-001 -7.976770e-001  1.512425e-004
    outer loop
      vertex -1.010725e+001 -1.077003e+001  3.200000e+001
      vertex -1.008403e+001 -1.079025e+001  1.800000e+001
      vertex -9.314652e+000 -1.136928e+001  3.200000e+001
    endloop
  endfacet
  facet normal -5.992777e-001 -8.005412e-001 -1.764358e-004
    outer loop
      vertex -9.314652e+000 -1.136928e+001  3.200000e+001
      vertex -1.008403e+001 -1.079025e+001  1.800000e+001
      vertex -9.284486e+000 -1.138877e+001  1.800000e+001
    endloop
  endfacet
  facet normal -4.931815e-001 -8.699264e-001  1.488044e-004
    outer loop
      vertex -9.314652e+000 -1.136928e+001  3.200000e+001
      vertex -9.284486e+000 -1.138877e+001  1.800000e+001
      vertex -8.577170e+000 -1.178737e+001  3.201751e+001
    endloop
  endfacet
  facet normal -4.792485e-001 -8.776789e-001 -7.746911e-004
    outer loop
      vertex -8.577170e+000 -1.178737e+001  3.201751e+001
      vertex -9.284486e+000 -1.138877e+001  1.800000e+001
      vertex -8.407905e+000 -1.186742e+001  1.800000e+001
    endloop
  endfacet
  facet normal -3.844570e-001 -9.231427e-001  6.295872e-004
    outer loop
      vertex -8.577170e+000 -1.178737e+001  3.201751e+001
      vertex -8.407905e+000 -1.186742e+001  1.800000e+001
      vertex -7.795005e+000 -1.211309e+001  3.205564e+001
    endloop
  endfacet
  facet normal -7.133924e-002 -9.974521e-001  -0.000000e+000
    outer loop
      vertex -5.500000e+000 -1.250000e+001  1.800000e+001
      vertex -5.500000e+000 -1.250000e+001  3.212953e+001
      vertex -6.496204e+000 -1.242875e+001  1.800000e+001
    endloop
  endfacet
  facet normal -5.321045e-002 -9.985825e-001 -1.283872e-003
    outer loop
      vertex -6.496204e+000 -1.242875e+001  1.800000e+001
      vertex -5.500000e+000 -1.250000e+001  3.212953e+001
      vertex -6.244112e+000 -1.246034e+001  3.212049e+001
    endloop
  endfacet
  facet normal -1.590733e-001 -9.872666e-001  6.314011e-004
    outer loop
      vertex -6.496204e+000 -1.242875e+001  1.800000e+001
      vertex -6.244112e+000 -1.246034e+001  3.212049e+001
      vertex -6.979463e+000 -1.234187e+001  3.209550e+001
    endloop
  endfacet
  facet normal -1.000000e+000  0.000000e+000  0.000000e+000
    outer loop
      vertex -1.250000e+001 -1.650000e+001  1.010000e+002
      vertex -1.250000e+001 -2.411832e+001  1.022135e+002
      vertex -1.250000e+001 -2.453647e+001  1.024266e+002
    endloop
  endfacet
  facet normal -1.000000e+000  0.000000e+000  0.000000e+000
    outer loop
      vertex -1.250000e+001 -1.650000e+001  1.010000e+002
      vertex -1.250000e+001 -2.378647e+001  1.018817e+002
      vertex -1.250000e+001 -2.411832e+001  1.022135e+002
    endloop
  endfacet
  facet normal -1.000000e+000  0.000000e+000  0.000000e+000
    outer loop
      vertex -1.250000e+001 -1.650000e+001  1.010000e+002
      vertex -1.250000e+001 -2.357342e+001  1.014635e+002
      vertex -1.250000e+001 -2.378647e+001  1.018817e+002
    endloop
  endfacet
  facet normal -1.000000e+000  0.000000e+000  0.000000e+000
    outer loop
      vertex -1.250000e+001 -1.650000e+001  1.010000e+002
      vertex -1.250000e+001 -2.350000e+001  1.010000e+002
      vertex -1.250000e+001 -2.357342e+001  1.014635e+002
    endloop
  endfacet
  facet normal -1.000000e+000  0.000000e+000  0.000000e+000
    outer loop
      vertex -1.250000e+001 -2.411832e+001  9.978648e+001
      vertex -1.250000e+001 -1.650000e+001  1.010000e+002
      vertex -1.250000e+001 -2.453647e+001  9.957342e+001
    endloop
  endfacet
  facet normal -1.000000e+000  0.000000e+000  0.000000e+000
    outer loop
      vertex -1.250000e+001 -2.378647e+001  1.001183e+002
      vertex -1.250000e+001 -1.650000e+001  1.010000e+002
      vertex -1.250000e+001 -2.411832e+001  9.978648e+001
    endloop
  endfacet
  facet normal -1.000000e+000  0.000000e+000  0.000000e+000
    outer loop
      vertex -1.250000e+001 -2.357342e+001  1.005365e+002
      vertex -1.250000e+001 -1.650000e+001  1.010000e+002
      vertex -1.250000e+001 -2.378647e+001  1.001183e+002
    endloop
  endfacet
  facet normal -1.000000e+000  -0.000000e+000  0.000000e+000
    outer loop
      vertex -1.250000e+001 -2.350000e+001  1.010000e+002
      vertex -1.250000e+001 -1.650000e+001  1.010000e+002
      vertex -1.250000e+001 -2.357342e+001  1.005365e+002
    endloop
  endfacet
  facet normal -1.000000e+000  0.000000e+000  0.000000e+000
    outer loop
      vertex -1.250000e+001 -1.650000e+001  5.250000e+001
      vertex -1.250000e+001 -2.411832e+001  5.371352e+001
      vertex -1.250000e+001 -2.453647e+001  5.392659e+001
    endloop
  endfacet
  facet normal -1.000000e+000  0.000000e+000  0.000000e+000
    outer loop
      vertex -1.250000e+001 -1.650000e+001  5.250000e+001
      vertex -1.250000e+001 -2.378647e+001  5.338168e+001
      vertex -1.250000e+001 -2.411832e+001  5.371352e+001
    endloop
  endfacet
  facet normal -9.999999e-001  0.000000e+000  0.000000e+000
    outer loop
      vertex -1.250000e+001 -1.650000e+001  5.250000e+001
      vertex -1.250000e+001 -2.357342e+001  5.296352e+001
      vertex -1.250000e+001 -2.378647e+001  5.338168e+001
    endloop
  endfacet
  facet normal -1.000000e+000  0.000000e+000  0.000000e+000
    outer loop
      vertex -1.250000e+001 -1.453647e+001  5.107341e+001
      vertex -1.250000e+001 -1.411832e+001  5.128648e+001
      vertex -1.250000e+001 -1.458448e+001  3.317084e+001
    endloop
  endfacet
  facet normal -1.000000e+000  0.000000e+000  0.000000e+000
    outer loop
      vertex -1.250000e+001 -1.636632e+001  4.100000e+001
      vertex -1.250000e+001 -1.629389e+001  3.613500e+001
      vertex -1.250000e+001 -1.636928e+001  3.700370e+001
    endloop
  endfacet
  facet normal -1.000000e+000  0.000000e+000  0.000000e+000
    outer loop
      vertex -1.250000e+001 -5.000000e+000  1.020000e+002
      vertex -1.250000e+001 -5.000000e+000  3.500000e+001
      vertex -1.250000e+001 -9.750000e+000  5.650000e+001
    endloop
  endfacet
  facet normal -1.000000e+000  0.000000e+000  0.000000e+000
    outer loop
      vertex -1.250000e+001 -5.000000e+000  1.020000e+002
      vertex -1.250000e+001 -9.750000e+000  5.650000e+001
      vertex -1.250000e+001 -9.750000e+000  9.700000e+001
    endloop
  endfacet
  facet normal -1.000000e+000  0.000000e+000  0.000000e+000
    outer loop
      vertex -1.250000e+001 -5.000000e+000  1.020000e+002
      vertex -1.250000e+001 -9.750000e+000  9.700000e+001
      vertex -1.250000e+001 -1.350000e+001  1.010000e+002
    endloop
  endfacet
  facet normal -1.000000e+000  0.000000e+000  0.000000e+000
    outer loop
      vertex -1.250000e+001 -5.000000e+000  1.020000e+002
      vertex -1.250000e+001 -1.350000e+001  1.010000e+002
      vertex -1.250000e+001 -5.057644e+000  1.025853e+002
    endloop
  endfacet
  facet normal -1.000000e+000  0.000000e+000  0.000000e+000
    outer loop
      vertex -1.250000e+001 -3.200000e+001  1.050000e+002
      vertex -1.250000e+001 -3.500000e+001  1.020000e+002
      vertex -1.250000e+001 -3.492479e+001  1.026676e+002
    endloop
  endfacet
  facet normal -1.000000e+000  0.000000e+000  0.000000e+000
    outer loop
      vertex -1.250000e+001 -3.200000e+001  1.050000e+002
      vertex -1.250000e+001 -3.492479e+001  1.026676e+002
      vertex -1.250000e+001 -3.470291e+001  1.033017e+002
    endloop
  endfacet
  facet normal -1.000000e+000  0.000000e+000  0.000000e+000
    outer loop
      vertex -1.250000e+001 -3.200000e+001  1.050000e+002
      vertex -1.250000e+001 -3.470291e+001  1.033017e+002
      vertex -1.250000e+001 -3.434549e+001  1.038705e+002
    endloop
  endfacet
  facet normal -1.000000e+000  0.000000e+000  0.000000e+000
    outer loop
      vertex -1.250000e+001 -3.200000e+001  1.050000e+002
      vertex -1.250000e+001 -3.434549e+001  1.038705e+002
      vertex -1.250000e+001 -3.387047e+001  1.043455e+002
    endloop
  endfacet
  facet normal -1.000000e+000  0.000000e+000  0.000000e+000
    outer loop
      vertex -1.250000e+001 -3.200000e+001  1.050000e+002
      vertex -1.250000e+001 -3.387047e+001  1.043455e+002
      vertex -1.250000e+001 -3.330165e+001  1.047029e+002
    endloop
  endfacet
  facet normal -1.000000e+000  0.000000e+000  0.000000e+000
    outer loop
      vertex -1.250000e+001 -3.200000e+001  1.050000e+002
      vertex -1.250000e+001 -3.330165e+001  1.047029e+002
      vertex -1.250000e+001 -3.266756e+001  1.049248e+002
    endloop
  endfacet
  facet normal -9.999999e-001  0.000000e+000  0.000000e+000
    outer loop
      vertex -1.250000e+001 -2.650000e+001  5.250000e+001
      vertex -1.250000e+001 -3.200000e+001  4.508712e+001
      vertex -1.250000e+001 -3.266756e+001  4.516234e+001
    endloop
  endfacet
  facet normal -1.000000e+000  0.000000e+000  0.000000e+000
    outer loop
      vertex -1.250000e+001 -2.650000e+001  5.250000e+001
      vertex -1.250000e+001 -3.266756e+001  4.516234e+001
      vertex -1.250000e+001 -3.330165e+001  4.538421e+001
    endloop
  endfacet
  facet normal -1.000000e+000  0.000000e+000  0.000000e+000
    outer loop
      vertex -1.250000e+001 -2.650000e+001  5.250000e+001
      vertex -1.250000e+001 -3.330165e+001  4.538421e+001
      vertex -1.250000e+001 -3.387047e+001  4.574163e+001
    endloop
  endfacet
  facet normal -1.000000e+000  0.000000e+000  0.000000e+000
    outer loop
      vertex -1.250000e+001 -2.650000e+001  5.250000e+001
      vertex -1.250000e+001 -3.387047e+001  4.574163e+001
      vertex -1.250000e+001 -3.434549e+001  4.621665e+001
    endloop
  endfacet
  facet normal -1.000000e+000  0.000000e+000  0.000000e+000
    outer loop
      vertex -1.250000e+001 -2.650000e+001  5.250000e+001
      vertex -1.250000e+001 -3.434549e+001  4.621665e+001
      vertex -1.250000e+001 -3.470291e+001  4.678547e+001
    endloop
  endfacet
  facet normal -1.000000e+000  0.000000e+000  0.000000e+000
    outer loop
      vertex -1.250000e+001 -2.650000e+001  5.250000e+001
      vertex -1.250000e+001 -3.470291e+001  4.678547e+001
      vertex -1.250000e+001 -3.492479e+001  4.741956e+001
    endloop
  endfacet
  facet normal -1.000000e+000  0.000000e+000  0.000000e+000
    outer loop
      vertex -1.250000e+001 -2.650000e+001  5.250000e+001
      vertex -1.250000e+001 -3.492479e+001  4.741956e+001
      vertex -1.250000e+001 -3.500000e+001  4.808712e+001
    endloop
  endfacet
  facet normal -1.000000e+000  0.000000e+000  0.000000e+000
    outer loop
      vertex -1.250000e+001 -2.650000e+001  5.250000e+001
      vertex -1.250000e+001 -3.500000e+001  4.808712e+001
      vertex -1.250000e+001 -3.025000e+001  5.650000e+001
    endloop
  endfacet
  facet normal -9.999999e-001  -0.000000e+000  0.000000e+000
    outer loop
      vertex -1.250000e+001 -3.200000e+001  1.050000e+002
      vertex -1.250000e+001 -1.500000e+001  1.025000e+002
      vertex -1.250000e+001 -1.535767e+001  1.024567e+002
    endloop
  endfacet
  facet normal -1.000000e+000  -0.000000e+000  0.000000e+000
    outer loop
      vertex -1.250000e+001 -3.200000e+001  1.050000e+002
      vertex -1.250000e+001 -1.535767e+001  1.024567e+002
      vertex -1.250000e+001 -1.569470e+001  1.023294e+002
    endloop
  endfacet
  facet normal -1.000000e+000  -0.000000e+000  0.000000e+000
    outer loop
      vertex -1.250000e+001 -3.200000e+001  1.050000e+002
      vertex -1.250000e+001 -1.569470e+001  1.023294e+002
      vertex -1.250000e+001 -1.599165e+001  1.021254e+002
    endloop
  endfacet
  facet normal -1.000000e+000  -0.000000e+000  0.000000e+000
    outer loop
      vertex -1.250000e+001 -3.200000e+001  1.050000e+002
      vertex -1.250000e+001 -1.599165e+001  1.021254e+002
      vertex -1.250000e+001 -1.626634e+001  1.018040e+002
    endloop
  endfacet
  facet normal -1.000000e+000  -0.000000e+000  0.000000e+000
    outer loop
      vertex -1.250000e+001 -3.200000e+001  1.050000e+002
      vertex -1.250000e+001 -1.626634e+001  1.018040e+002
      vertex -1.250000e+001 -1.644040e+001  1.014186e+002
    endloop
  endfacet
  facet normal -1.000000e+000  -0.000000e+000  0.000000e+000
    outer loop
      vertex -1.250000e+001 -3.200000e+001  1.050000e+002
      vertex -1.250000e+001 -1.644040e+001  1.014186e+002
      vertex -1.250000e+001 -1.650000e+001  1.010000e+002
    endloop
  endfacet
  facet normal -1.000000e+000  0.000000e+000  0.000000e+000
    outer loop
      vertex -1.250000e+001 -3.200000e+001  1.050000e+002
      vertex -1.250000e+001 -1.650000e+001  1.010000e+002
      vertex -1.250000e+001 -2.453647e+001  1.024266e+002
    endloop
  endfacet
  facet normal -1.000000e+000  0.000000e+000  0.000000e+000
    outer loop
      vertex -1.250000e+001 -3.200000e+001  1.050000e+002
      vertex -1.250000e+001 -2.453647e+001  1.024266e+002
      vertex -1.250000e+001 -2.500000e+001  1.025000e+002
    endloop
  endfacet
  facet normal -1.000000e+000  -0.000000e+000  0.000000e+000
    outer loop
      vertex -1.250000e+001 -3.200000e+001  1.050000e+002
      vertex -1.250000e+001 -2.500000e+001  1.025000e+002
      vertex -1.250000e+001 -2.546353e+001  1.024266e+002
    endloop
  endfacet
  facet normal -1.000000e+000  -0.000000e+000  0.000000e+000
    outer loop
      vertex -1.250000e+001 -3.200000e+001  1.050000e+002
      vertex -1.250000e+001 -2.546353e+001  1.024266e+002
      vertex -1.250000e+001 -2.588168e+001  1.022135e+002
    endloop
  endfacet
  facet normal -9.999999e-001  -0.000000e+000  0.000000e+000
    outer loop
      vertex -1.250000e+001 -3.200000e+001  1.050000e+002
      vertex -1.250000e+001 -2.588168e+001  1.022135e+002
      vertex -1.250000e+001 -2.621353e+001  1.018817e+002
    endloop
  endfacet
  facet normal -9.999999e-001  -0.000000e+000  0.000000e+000
    outer loop
      vertex -1.250000e+001 -3.200000e+001  1.050000e+002
      vertex -1.250000e+001 -2.621353e+001  1.018817e+002
      vertex -1.250000e+001 -2.642658e+001  1.014635e+002
    endloop
  endfacet
  facet normal -1.000000e+000  -0.000000e+000  0.000000e+000
    outer loop
      vertex -1.250000e+001 -3.200000e+001  1.050000e+002
      vertex -1.250000e+001 -2.642658e+001  1.014635e+002
      vertex -1.250000e+001 -2.650000e+001  1.010000e+002
    endloop
  endfacet
  facet normal -9.999999e-001  0.000000e+000  0.000000e+000
    outer loop
      vertex -1.250000e+001 -8.000000e+000  1.050000e+002
      vertex -1.250000e+001 -1.350000e+001  1.010000e+002
      vertex -1.250000e+001 -1.357341e+001  1.014635e+002
    endloop
  endfacet
  facet normal -9.999999e-001  0.000000e+000  0.000000e+000
    outer loop
      vertex -1.250000e+001 -8.000000e+000  1.050000e+002
      vertex -1.250000e+001 -1.357341e+001  1.014635e+002
      vertex -1.250000e+001 -1.378647e+001  1.018817e+002
    endloop
  endfacet
  facet normal -9.999999e-001  0.000000e+000  0.000000e+000
    outer loop
      vertex -1.250000e+001 -8.000000e+000  1.050000e+002
      vertex -1.250000e+001 -1.378647e+001  1.018817e+002
      vertex -1.250000e+001 -1.411832e+001  1.022135e+002
    endloop
  endfacet
  facet normal -1.000000e+000  0.000000e+000  0.000000e+000
    outer loop
      vertex -1.250000e+001 -8.000000e+000  1.050000e+002
      vertex -1.250000e+001 -1.411832e+001  1.022135e+002
      vertex -1.250000e+001 -1.453647e+001  1.024266e+002
    endloop
  endfacet
  facet normal -1.000000e+000  0.000000e+000  0.000000e+000
    outer loop
      vertex -1.250000e+001 -8.000000e+000  1.050000e+002
      vertex -1.250000e+001 -1.453647e+001  1.024266e+002
      vertex -1.250000e+001 -1.500000e+001  1.025000e+002
    endloop
  endfacet
  facet normal -1.000000e+000  0.000000e+000  0.000000e+000
    outer loop
      vertex -1.250000e+001 -8.000000e+000  1.050000e+002
      vertex -1.250000e+001 -1.500000e+001  1.025000e+002
      vertex -1.250000e+001 -3.200000e+001  1.050000e+002
    endloop
  endfacet
  facet normal -1.000000e+000  0.000000e+000  -0.000000e+000
    outer loop
      vertex -1.250000e+001 -1.350000e+001  1.010000e+002
      vertex -1.250000e+001 -8.000000e+000  1.050000e+002
      vertex -1.250000e+001 -7.414729e+000  1.049424e+002
    endloop
  endfacet
  facet normal -1.000000e+000  0.000000e+000  -0.000000e+000
    outer loop
      vertex -1.250000e+001 -1.350000e+001  1.010000e+002
      vertex -1.250000e+001 -7.414729e+000  1.049424e+002
      vertex -1.250000e+001 -6.851950e+000  1.047716e+002
    endloop
  endfacet
  facet normal -1.000000e+000  0.000000e+000  -0.000000e+000
    outer loop
      vertex -1.250000e+001 -1.350000e+001  1.010000e+002
      vertex -1.250000e+001 -6.851950e+000  1.047716e+002
      vertex -1.250000e+001 -6.333289e+000  1.044944e+002
    endloop
  endfacet
  facet normal -1.000000e+000  0.000000e+000  -0.000000e+000
    outer loop
      vertex -1.250000e+001 -1.350000e+001  1.010000e+002
      vertex -1.250000e+001 -6.333289e+000  1.044944e+002
      vertex -1.250000e+001 -5.878680e+000  1.041213e+002
    endloop
  endfacet
  facet normal -1.000000e+000  0.000000e+000  -0.000000e+000
    outer loop
      vertex -1.250000e+001 -1.350000e+001  1.010000e+002
      vertex -1.250000e+001 -5.878680e+000  1.041213e+002
      vertex -1.250000e+001 -5.505591e+000  1.036667e+002
    endloop
  endfacet
  facet normal -1.000000e+000  0.000000e+000  -0.000000e+000
    outer loop
      vertex -1.250000e+001 -1.350000e+001  1.010000e+002
      vertex -1.250000e+001 -5.505591e+000  1.036667e+002
      vertex -1.250000e+001 -5.228362e+000  1.031480e+002
    endloop
  endfacet
  facet normal -9.999999e-001  0.000000e+000  -0.000000e+000
    outer loop
      vertex -1.250000e+001 -1.350000e+001  1.010000e+002
      vertex -1.250000e+001 -5.228362e+000  1.031480e+002
      vertex -1.250000e+001 -5.057644e+000  1.025853e+002
    endloop
  endfacet
  facet normal -1.000000e+000  0.000000e+000  -0.000000e+000
    outer loop
      vertex -1.250000e+001 -3.025000e+001  9.700000e+001
      vertex -1.250000e+001 -2.650000e+001  1.010000e+002
      vertex -1.250000e+001 -2.642658e+001  1.005365e+002
    endloop
  endfacet
  facet normal -1.000000e+000  0.000000e+000  -0.000000e+000
    outer loop
      vertex -1.250000e+001 -3.025000e+001  9.700000e+001
      vertex -1.250000e+001 -2.642658e+001  1.005365e+002
      vertex -1.250000e+001 -2.621353e+001  1.001183e+002
    endloop
  endfacet
  facet normal -9.999999e-001  0.000000e+000  -0.000000e+000
    outer loop
      vertex -1.250000e+001 -3.025000e+001  9.700000e+001
      vertex -1.250000e+001 -2.621353e+001  1.001183e+002
      vertex -1.250000e+001 -2.588168e+001  9.978648e+001
    endloop
  endfacet
  facet normal -1.000000e+000  0.000000e+000  -0.000000e+000
    outer loop
      vertex -1.250000e+001 -3.025000e+001  9.700000e+001
      vertex -1.250000e+001 -2.588168e+001  9.978648e+001
      vertex -1.250000e+001 -2.546353e+001  9.957342e+001
    endloop
  endfacet
  facet normal -1.000000e+000  0.000000e+000  -0.000000e+000
    outer loop
      vertex -1.250000e+001 -3.025000e+001  9.700000e+001
      vertex -1.250000e+001 -2.546353e+001  9.957342e+001
      vertex -1.250000e+001 -2.500000e+001  9.950000e+001
    endloop
  endfacet
  facet normal -1.000000e+000  0.000000e+000  -0.000000e+000
    outer loop
      vertex -1.250000e+001 -3.025000e+001  9.700000e+001
      vertex -1.250000e+001 -2.500000e+001  9.950000e+001
      vertex -1.250000e+001 -2.453647e+001  9.957342e+001
    endloop
  endfacet
  facet normal -1.000000e+000  0.000000e+000  -0.000000e+000
    outer loop
      vertex -1.250000e+001 -3.025000e+001  9.700000e+001
      vertex -1.250000e+001 -2.453647e+001  9.957342e+001
      vertex -1.250000e+001 -1.650000e+001  1.010000e+002
    endloop
  endfacet
  facet normal -1.000000e+000  0.000000e+000  -0.000000e+000
    outer loop
      vertex -1.250000e+001 -3.025000e+001  9.700000e+001
      vertex -1.250000e+001 -1.650000e+001  1.010000e+002
      vertex -1.250000e+001 -1.642658e+001  1.005365e+002
    endloop
  endfacet
  facet normal -1.000000e+000  0.000000e+000  -0.000000e+000
    outer loop
      vertex -1.250000e+001 -3.025000e+001  9.700000e+001
      vertex -1.250000e+001 -1.642658e+001  1.005365e+002
      vertex -1.250000e+001 -1.621353e+001  1.001183e+002
    endloop
  endfacet
  facet normal -1.000000e+000  0.000000e+000  -0.000000e+000
    outer loop
      vertex -1.250000e+001 -3.025000e+001  9.700000e+001
      vertex -1.250000e+001 -1.621353e+001  1.001183e+002
      vertex -1.250000e+001 -1.588168e+001  9.978648e+001
    endloop
  endfacet
  facet normal -1.000000e+000  0.000000e+000  -0.000000e+000
    outer loop
      vertex -1.250000e+001 -3.025000e+001  9.700000e+001
      vertex -1.250000e+001 -1.588168e+001  9.978648e+001
      vertex -1.250000e+001 -1.546353e+001  9.957342e+001
    endloop
  endfacet
  facet normal -1.000000e+000  0.000000e+000  -0.000000e+000
    outer loop
      vertex -1.250000e+001 -3.025000e+001  9.700000e+001
      vertex -1.250000e+001 -1.546353e+001  9.957342e+001
      vertex -1.250000e+001 -1.500000e+001  9.950000e+001
    endloop
  endfacet
  facet normal -1.000000e+000  0.000000e+000  0.000000e+000
    outer loop
      vertex -1.250000e+001 -9.750000e+000  9.700000e+001
      vertex -1.250000e+001 -3.025000e+001  9.700000e+001
      vertex -1.250000e+001 -1.500000e+001  9.950000e+001
    endloop
  endfacet
  facet normal -1.000000e+000  0.000000e+000  0.000000e+000
    outer loop
      vertex -1.250000e+001 -9.750000e+000  9.700000e+001
      vertex -1.250000e+001 -1.500000e+001  9.950000e+001
      vertex -1.250000e+001 -1.453647e+001  9.957342e+001
    endloop
  endfacet
  facet normal -1.000000e+000  0.000000e+000  0.000000e+000
    outer loop
      vertex -1.250000e+001 -9.750000e+000  9.700000e+001
      vertex -1.250000e+001 -1.453647e+001  9.957342e+001
      vertex -1.250000e+001 -1.411832e+001  9.978648e+001
    endloop
  endfacet
  facet normal -9.999999e-001  0.000000e+000  0.000000e+000
    outer loop
      vertex -1.250000e+001 -9.750000e+000  9.700000e+001
      vertex -1.250000e+001 -1.411832e+001  9.978648e+001
      vertex -1.250000e+001 -1.378647e+001  1.001183e+002
    endloop
  endfacet
  facet normal -1.000000e+000  0.000000e+000  0.000000e+000
    outer loop
      vertex -1.250000e+001 -9.750000e+000  9.700000e+001
      vertex -1.250000e+001 -1.378647e+001  1.001183e+002
      vertex -1.250000e+001 -1.357341e+001  1.005365e+002
    endloop
  endfacet
  facet normal -1.000000e+000  0.000000e+000  0.000000e+000
    outer loop
      vertex -1.250000e+001 -9.750000e+000  9.700000e+001
      vertex -1.250000e+001 -1.357341e+001  1.005365e+002
      vertex -1.250000e+001 -1.350000e+001  1.010000e+002
    endloop
  endfacet
  facet normal -1.000000e+000  -0.000000e+000  0.000000e+000
    outer loop
      vertex -1.250000e+001 -3.025000e+001  5.650000e+001
      vertex -1.250000e+001 -1.500000e+001  5.400000e+001
      vertex -1.250000e+001 -1.535767e+001  5.395673e+001
    endloop
  endfacet
  facet normal -1.000000e+000  -0.000000e+000  0.000000e+000
    outer loop
      vertex -1.250000e+001 -3.025000e+001  5.650000e+001
      vertex -1.250000e+001 -1.535767e+001  5.395673e+001
      vertex -1.250000e+001 -1.569470e+001  5.382943e+001
    endloop
  endfacet
  facet normal -1.000000e+000  -0.000000e+000  0.000000e+000
    outer loop
      vertex -1.250000e+001 -3.025000e+001  5.650000e+001
      vertex -1.250000e+001 -1.569470e+001  5.382943e+001
      vertex -1.250000e+001 -1.599165e+001  5.362544e+001
    endloop
  endfacet
  facet normal -1.000000e+000  -0.000000e+000  0.000000e+000
    outer loop
      vertex -1.250000e+001 -3.025000e+001  5.650000e+001
      vertex -1.250000e+001 -1.599165e+001  5.362544e+001
      vertex -1.250000e+001 -1.626634e+001  5.330397e+001
    endloop
  endfacet
  facet normal -1.000000e+000  -0.000000e+000  0.000000e+000
    outer loop
      vertex -1.250000e+001 -3.025000e+001  5.650000e+001
      vertex -1.250000e+001 -1.626634e+001  5.330397e+001
      vertex -1.250000e+001 -1.644040e+001  5.291862e+001
    endloop
  endfacet
  facet normal -1.000000e+000  -0.000000e+000  0.000000e+000
    outer loop
      vertex -1.250000e+001 -3.025000e+001  5.650000e+001
      vertex -1.250000e+001 -1.644040e+001  5.291862e+001
      vertex -1.250000e+001 -1.650000e+001  5.250000e+001
    endloop
  endfacet
  facet normal -1.000000e+000  0.000000e+000  0.000000e+000
    outer loop
      vertex -1.250000e+001 -3.025000e+001  5.650000e+001
      vertex -1.250000e+001 -1.650000e+001  5.250000e+001
      vertex -1.250000e+001 -2.453647e+001  5.392659e+001
    endloop
  endfacet
  facet normal -1.000000e+000  0.000000e+000  0.000000e+000
    outer loop
      vertex -1.250000e+001 -3.025000e+001  5.650000e+001
      vertex -1.250000e+001 -2.453647e+001  5.392659e+001
      vertex -1.250000e+001 -2.500000e+001  5.400000e+001
    endloop
  endfacet
  facet normal -1.000000e+000  -0.000000e+000  0.000000e+000
    outer loop
      vertex -1.250000e+001 -3.025000e+001  5.650000e+001
      vertex -1.250000e+001 -2.500000e+001  5.400000e+001
      vertex -1.250000e+001 -2.535766e+001  5.395673e+001
    endloop
  endfacet
  facet normal -9.999999e-001  -0.000000e+000  0.000000e+000
    outer loop
      vertex -1.250000e+001 -3.025000e+001  5.650000e+001
      vertex -1.250000e+001 -2.535766e+001  5.395673e+001
      vertex -1.250000e+001 -2.569470e+001  5.382943e+001
    endloop
  endfacet
  facet normal -9.999999e-001  -0.000000e+000  0.000000e+000
    outer loop
      vertex -1.250000e+001 -3.025000e+001  5.650000e+001
      vertex -1.250000e+001 -2.569470e+001  5.382943e+001
      vertex -1.250000e+001 -2.599165e+001  5.362544e+001
    endloop
  endfacet
  facet normal -1.000000e+000  -0.000000e+000  0.000000e+000
    outer loop
      vertex -1.250000e+001 -3.025000e+001  5.650000e+001
      vertex -1.250000e+001 -2.599165e+001  5.362544e+001
      vertex -1.250000e+001 -2.626634e+001  5.330397e+001
    endloop
  endfacet
  facet normal -1.000000e+000  -0.000000e+000  0.000000e+000
    outer loop
      vertex -1.250000e+001 -3.025000e+001  5.650000e+001
      vertex -1.250000e+001 -2.626634e+001  5.330397e+001
      vertex -1.250000e+001 -2.644040e+001  5.291862e+001
    endloop
  endfacet
  facet normal -1.000000e+000  -0.000000e+000  0.000000e+000
    outer loop
      vertex -1.250000e+001 -3.025000e+001  5.650000e+001
      vertex -1.250000e+001 -2.644040e+001  5.291862e+001
      vertex -1.250000e+001 -2.650000e+001  5.250000e+001
    endloop
  endfacet
  facet normal -1.000000e+000  -0.000000e+000  0.000000e+000
    outer loop
      vertex -1.250000e+001 -9.750000e+000  5.650000e+001
      vertex -1.250000e+001 -5.000000e+000  3.500000e+001
      vertex -1.250000e+001 -5.500000e+000  3.200000e+001
    endloop
  endfacet
  facet normal -1.000000e+000  0.000000e+000  0.000000e+000
    outer loop
      vertex -1.250000e+001 -9.750000e+000  5.650000e+001
      vertex -1.250000e+001 -5.500000e+000  3.200000e+001
      vertex -1.250000e+001 -1.350000e+001  5.250000e+001
    endloop
  endfacet
  facet normal -1.000000e+000  0.000000e+000  0.000000e+000
    outer loop
      vertex -1.250000e+001 -9.750000e+000  5.650000e+001
      vertex -1.250000e+001 -1.350000e+001  5.250000e+001
      vertex -1.250000e+001 -1.357341e+001  5.296352e+001
    endloop
  endfacet
  facet normal -1.000000e+000  0.000000e+000  0.000000e+000
    outer loop
      vertex -1.250000e+001 -9.750000e+000  5.650000e+001
      vertex -1.250000e+001 -1.357341e+001  5.296352e+001
      vertex -1.250000e+001 -1.378647e+001  5.338168e+001
    endloop
  endfacet
  facet normal -1.000000e+000  0.000000e+000  0.000000e+000
    outer loop
      vertex -1.250000e+001 -9.750000e+000  5.650000e+001
      vertex -1.250000e+001 -1.378647e+001  5.338168e+001
      vertex -1.250000e+001 -1.411832e+001  5.371352e+001
    endloop
  endfacet
  facet normal -1.000000e+000  0.000000e+000  0.000000e+000
    outer loop
      vertex -1.250000e+001 -9.750000e+000  5.650000e+001
      vertex -1.250000e+001 -1.411832e+001  5.371352e+001
      vertex -1.250000e+001 -1.453647e+001  5.392659e+001
    endloop
  endfacet
  facet normal -1.000000e+000  0.000000e+000  0.000000e+000
    outer loop
      vertex -1.250000e+001 -9.750000e+000  5.650000e+001
      vertex -1.250000e+001 -1.453647e+001  5.392659e+001
      vertex -1.250000e+001 -1.500000e+001  5.400000e+001
    endloop
  endfacet
  facet normal -1.000000e+000  0.000000e+000  0.000000e+000
    outer loop
      vertex -1.250000e+001 -9.750000e+000  5.650000e+001
      vertex -1.250000e+001 -1.500000e+001  5.400000e+001
      vertex -1.250000e+001 -3.025000e+001  5.650000e+001
    endloop
  endfacet
  facet normal -9.999999e-001  0.000000e+000  0.000000e+000
    outer loop
      vertex -1.250000e+001 -1.350000e+001  5.250000e+001
      vertex -1.250000e+001 -5.500000e+000  3.200000e+001
      vertex -1.250000e+001 -1.136928e+001  3.200000e+001
    endloop
  endfacet
  facet normal -1.000000e+000  0.000000e+000  0.000000e+000
    outer loop
      vertex -1.250000e+001 -1.350000e+001  5.250000e+001
      vertex -1.250000e+001 -1.136928e+001  3.200000e+001
      vertex -1.250000e+001 -1.223792e+001  3.207603e+001
    endloop
  endfacet
  facet normal -1.000000e+000  0.000000e+000  0.000000e+000
    outer loop
      vertex -1.250000e+001 -1.350000e+001  5.250000e+001
      vertex -1.250000e+001 -1.223792e+001  3.207603e+001
      vertex -1.250000e+001 -1.308015e+001  3.230182e+001
    endloop
  endfacet
  facet normal -1.000000e+000  0.000000e+000  0.000000e+000
    outer loop
      vertex -1.250000e+001 -1.350000e+001  5.250000e+001
      vertex -1.250000e+001 -1.308015e+001  3.230182e+001
      vertex -1.250000e+001 -1.387035e+001  3.267049e+001
    endloop
  endfacet
  facet normal -1.000000e+000  0.000000e+000  0.000000e+000
    outer loop
      vertex -1.250000e+001 -1.350000e+001  5.250000e+001
      vertex -1.250000e+001 -1.387035e+001  3.267049e+001
      vertex -1.250000e+001 -1.357341e+001  5.203648e+001
    endloop
  endfacet
  facet normal -1.000000e+000  0.000000e+000  0.000000e+000
    outer loop
      vertex -1.250000e+001 -2.350000e+001  5.250000e+001
      vertex -1.250000e+001 -2.357342e+001  5.296352e+001
      vertex -1.250000e+001 -1.650000e+001  5.250000e+001
    endloop
  endfacet
  facet normal -1.000000e+000  -0.000000e+000  0.000000e+000
    outer loop
      vertex -1.250000e+001 -2.350000e+001  5.250000e+001
      vertex -1.250000e+001 -1.650000e+001  5.250000e+001
      vertex -1.250000e+001 -1.811397e+001  4.371212e+001
    endloop
  endfacet
  facet normal -1.000000e+000  0.000000e+000  0.000000e+000
    outer loop
      vertex -1.250000e+001 -2.350000e+001  5.250000e+001
      vertex -1.250000e+001 -1.811397e+001  4.371212e+001
      vertex -1.250000e+001 -1.848639e+001  4.418003e+001
    endloop
  endfacet
  facet normal -1.000000e+000  0.000000e+000  0.000000e+000
    outer loop
      vertex -1.250000e+001 -2.350000e+001  5.250000e+001
      vertex -1.250000e+001 -1.848639e+001  4.418003e+001
      vertex -1.250000e+001 -1.894423e+001  4.456477e+001
    endloop
  endfacet
  facet normal -1.000000e+000  0.000000e+000  0.000000e+000
    outer loop
      vertex -1.250000e+001 -2.350000e+001  5.250000e+001
      vertex -1.250000e+001 -1.894423e+001  4.456477e+001
      vertex -1.250000e+001 -1.946929e+001  4.485106e+001
    endloop
  endfacet
  facet normal -1.000000e+000  0.000000e+000  0.000000e+000
    outer loop
      vertex -1.250000e+001 -2.350000e+001  5.250000e+001
      vertex -1.250000e+001 -1.946929e+001  4.485106e+001
      vertex -1.250000e+001 -2.004070e+001  4.502751e+001
    endloop
  endfacet
  facet normal -1.000000e+000  0.000000e+000  0.000000e+000
    outer loop
      vertex -1.250000e+001 -2.350000e+001  5.250000e+001
      vertex -1.250000e+001 -2.004070e+001  4.502751e+001
      vertex -1.250000e+001 -2.063575e+001  4.508712e+001
    endloop
  endfacet
  facet normal -1.000000e+000  0.000000e+000  0.000000e+000
    outer loop
      vertex -1.250000e+001 -2.350000e+001  5.250000e+001
      vertex -1.250000e+001 -2.063575e+001  4.508712e+001
      vertex -1.250000e+001 -2.357342e+001  5.203648e+001
    endloop
  endfacet
  facet normal -1.000000e+000  0.000000e+000  -0.000000e+000
    outer loop
      vertex -1.250000e+001 -3.200000e+001  4.508712e+001
      vertex -1.250000e+001 -2.650000e+001  5.250000e+001
      vertex -1.250000e+001 -2.642658e+001  5.203648e+001
    endloop
  endfacet
  facet normal -1.000000e+000  0.000000e+000  -0.000000e+000
    outer loop
      vertex -1.250000e+001 -3.200000e+001  4.508712e+001
      vertex -1.250000e+001 -2.642658e+001  5.203648e+001
      vertex -1.250000e+001 -2.621353e+001  5.161832e+001
    endloop
  endfacet
  facet normal -1.000000e+000  0.000000e+000  -0.000000e+000
    outer loop
      vertex -1.250000e+001 -3.200000e+001  4.508712e+001
      vertex -1.250000e+001 -2.621353e+001  5.161832e+001
      vertex -1.250000e+001 -2.588168e+001  5.128648e+001
    endloop
  endfacet
  facet normal -9.999999e-001  0.000000e+000  -0.000000e+000
    outer loop
      vertex -1.250000e+001 -3.200000e+001  4.508712e+001
      vertex -1.250000e+001 -2.588168e+001  5.128648e+001
      vertex -1.250000e+001 -2.546353e+001  5.107341e+001
    endloop
  endfacet
  facet normal -1.000000e+000  0.000000e+000  -0.000000e+000
    outer loop
      vertex -1.250000e+001 -3.200000e+001  4.508712e+001
      vertex -1.250000e+001 -2.546353e+001  5.107341e+001
      vertex -1.250000e+001 -2.500000e+001  5.100000e+001
    endloop
  endfacet
  facet normal -1.000000e+000  0.000000e+000  -0.000000e+000
    outer loop
      vertex -1.250000e+001 -3.200000e+001  4.508712e+001
      vertex -1.250000e+001 -2.500000e+001  5.100000e+001
      vertex -1.250000e+001 -2.453647e+001  5.107341e+001
    endloop
  endfacet
  facet normal -9.999999e-001  0.000000e+000  -0.000000e+000
    outer loop
      vertex -1.250000e+001 -3.200000e+001  4.508712e+001
      vertex -1.250000e+001 -2.453647e+001  5.107341e+001
      vertex -1.250000e+001 -2.411832e+001  5.128648e+001
    endloop
  endfacet
  facet normal -1.000000e+000  0.000000e+000  0.000000e+000
    outer loop
      vertex -1.250000e+001 -2.063575e+001  4.508712e+001
      vertex -1.250000e+001 -3.200000e+001  4.508712e+001
      vertex -1.250000e+001 -2.411832e+001  5.128648e+001
    endloop
  endfacet
  facet normal -1.000000e+000  0.000000e+000  0.000000e+000
    outer loop
      vertex -1.250000e+001 -2.063575e+001  4.508712e+001
      vertex -1.250000e+001 -2.411832e+001  5.128648e+001
      vertex -1.250000e+001 -2.378647e+001  5.161832e+001
    endloop
  endfacet
  facet normal -9.999999e-001  0.000000e+000  0.000000e+000
    outer loop
      vertex -1.250000e+001 -2.063575e+001  4.508712e+001
      vertex -1.250000e+001 -2.378647e+001  5.161832e+001
      vertex -1.250000e+001 -2.357342e+001  5.203648e+001
    endloop
  endfacet
  facet normal -1.000000e+000  0.000000e+000  0.000000e+000
    outer loop
      vertex -1.250000e+001 -3.500000e+001  4.808712e+001
      vertex -1.250000e+001 -3.500000e+001  1.020000e+002
      vertex -1.250000e+001 -3.025000e+001  5.650000e+001
    endloop
  endfacet
  facet normal -1.000000e+000  0.000000e+000  0.000000e+000
    outer loop
      vertex -1.250000e+001 -3.025000e+001  5.650000e+001
      vertex -1.250000e+001 -3.500000e+001  1.020000e+002
      vertex -1.250000e+001 -3.025000e+001  9.700000e+001
    endloop
  endfacet
  facet normal -1.000000e+000  0.000000e+000  -0.000000e+000
    outer loop
      vertex -1.250000e+001 -3.500000e+001  1.020000e+002
      vertex -1.250000e+001 -3.200000e+001  1.050000e+002
      vertex -1.250000e+001 -3.025000e+001  9.700000e+001
    endloop
  endfacet
  facet normal -1.000000e+000  0.000000e+000  0.000000e+000
    outer loop
      vertex -1.250000e+001 -3.025000e+001  9.700000e+001
      vertex -1.250000e+001 -3.200000e+001  1.050000e+002
      vertex -1.250000e+001 -2.650000e+001  1.010000e+002
    endloop
  endfacet
  facet normal -1.000000e+000  0.000000e+000  0.000000e+000
    outer loop
      vertex -1.250000e+001 -5.500000e+000  3.200000e+001
      vertex -1.250000e+001 -5.000000e+000  3.500000e+001
      vertex -1.250000e+001 -5.500000e+000  1.800000e+001
    endloop
  endfacet
  facet normal -1.000000e+000  0.000000e+000  0.000000e+000
    outer loop
      vertex -1.250000e+001 -5.500000e+000  1.800000e+001
      vertex -1.250000e+001 -5.000000e+000  3.500000e+001
      vertex -1.250000e+001 -4.000000e+000  3.500000e+001
    endloop
  endfacet
  facet normal -1.000000e+000  0.000000e+000  -0.000000e+000
    outer loop
      vertex -1.250000e+001 -5.500000e+000  1.800000e+001
      vertex -1.250000e+001 -4.000000e+000  3.500000e+001
      vertex -1.250000e+001 -4.000000e+000  1.800000e+001
    endloop
  endfacet
  facet normal -1.000000e+000  0.000000e+000  0.000000e+000
    outer loop
      vertex -1.250000e+001 -1.357341e+001  5.203648e+001
      vertex -1.250000e+001 -1.387035e+001  3.267049e+001
      vertex -1.250000e+001 -1.378647e+001  5.161832e+001
    endloop
  endfacet
  facet normal -1.000000e+000  0.000000e+000  0.000000e+000
    outer loop
      vertex -1.250000e+001 -1.378647e+001  5.161832e+001
      vertex -1.250000e+001 -1.387035e+001  3.267049e+001
      vertex -1.250000e+001 -1.458448e+001  3.317084e+001
    endloop
  endfacet
  facet normal -1.000000e+000  0.000000e+000  0.000000e+000
    outer loop
      vertex -1.250000e+001 -1.378647e+001  5.161832e+001
      vertex -1.250000e+001 -1.458448e+001  3.317084e+001
      vertex -1.250000e+001 -1.411832e+001  5.128648e+001
    endloop
  endfacet
  facet normal -1.000000e+000  -0.000000e+000  0.000000e+000
    outer loop
      vertex -1.250000e+001 -1.588168e+001  5.128648e+001
      vertex -1.250000e+001 -1.546353e+001  5.107341e+001
      vertex -1.250000e+001 -1.570064e+001  3.450214e+001
    endloop
  endfacet
  facet normal -9.999999e-001  0.000000e+000  0.000000e+000
    outer loop
      vertex -1.250000e+001 -1.570064e+001  3.450214e+001
      vertex -1.250000e+001 -1.546353e+001  5.107341e+001
      vertex -1.250000e+001 -1.500000e+001  5.100000e+001
    endloop
  endfacet
  facet normal -1.000000e+000  0.000000e+000  0.000000e+000
    outer loop
      vertex -1.250000e+001 -1.570064e+001  3.450214e+001
      vertex -1.250000e+001 -1.500000e+001  5.100000e+001
      vertex -1.250000e+001 -1.520082e+001  3.378764e+001
    endloop
  endfacet
  facet normal -1.000000e+000  0.000000e+000  0.000000e+000
    outer loop
      vertex -1.250000e+001 -1.520082e+001  3.378764e+001
      vertex -1.250000e+001 -1.500000e+001  5.100000e+001
      vertex -1.250000e+001 -1.453647e+001  5.107341e+001
    endloop
  endfacet
  facet normal -1.000000e+000  0.000000e+000  0.000000e+000
    outer loop
      vertex -1.250000e+001 -1.520082e+001  3.378764e+001
      vertex -1.250000e+001 -1.453647e+001  5.107341e+001
      vertex -1.250000e+001 -1.458448e+001  3.317084e+001
    endloop
  endfacet
  facet normal -1.000000e+000  0.000000e+000  -0.000000e+000
    outer loop
      vertex -1.250000e+001 -1.629389e+001  3.613500e+001
      vertex -1.250000e+001 -1.621353e+001  5.161832e+001
      vertex -1.250000e+001 -1.606873e+001  3.529261e+001
    endloop
  endfacet
  facet normal -1.000000e+000  0.000000e+000  0.000000e+000
    outer loop
      vertex -1.250000e+001 -1.606873e+001  3.529261e+001
      vertex -1.250000e+001 -1.621353e+001  5.161832e+001
      vertex -1.250000e+001 -1.588168e+001  5.128648e+001
    endloop
  endfacet
  facet normal -1.000000e+000  0.000000e+000  -0.000000e+000
    outer loop
      vertex -1.250000e+001 -1.606873e+001  3.529261e+001
      vertex -1.250000e+001 -1.588168e+001  5.128648e+001
      vertex -1.250000e+001 -1.570064e+001  3.450214e+001
    endloop
  endfacet
  facet normal -1.000000e+000  0.000000e+000  0.000000e+000
    outer loop
      vertex -1.250000e+001 -1.629389e+001  3.613500e+001
      vertex -1.250000e+001 -1.636632e+001  4.100000e+001
      vertex -1.250000e+001 -1.621353e+001  5.161832e+001
    endloop
  endfacet
  facet normal -9.999999e-001  -0.000000e+000  0.000000e+000
    outer loop
      vertex -1.250000e+001 -1.621353e+001  5.161832e+001
      vertex -1.250000e+001 -1.636632e+001  4.100000e+001
      vertex -1.250000e+001 -1.642658e+001  5.203648e+001
    endloop
  endfacet
  facet normal -1.000000e+000  0.000000e+000  0.000000e+000
    outer loop
      vertex -1.250000e+001 -1.636632e+001  4.100000e+001
      vertex -1.250000e+001 -1.811397e+001  4.371212e+001
      vertex -1.250000e+001 -1.642658e+001  5.203648e+001
    endloop
  endfacet
  facet normal -1.000000e+000  -0.000000e+000  0.000000e+000
    outer loop
      vertex -1.250000e+001 -1.642658e+001  5.203648e+001
      vertex -1.250000e+001 -1.811397e+001  4.371212e+001
      vertex -1.250000e+001 -1.650000e+001  5.250000e+001
    endloop
  endfacet
  facet normal  0.000000e+000  0.000000e+000 -1.000000e+000
    outer loop
      vertex -1.250000e+001 -1.136928e+001  3.200000e+001
      vertex -1.250000e+001 -5.500000e+000  3.200000e+001
      vertex -1.242948e+001 -6.491125e+000  3.200000e+001
    endloop
  endfacet
  facet normal  0.000000e+000  -0.000000e+000 -1.000000e+000
    outer loop
      vertex -1.250000e+001 -1.136928e+001  3.200000e+001
      vertex -1.242948e+001 -6.491125e+000  3.200000e+001
      vertex -1.221933e+001 -7.462279e+000  3.200000e+001
    endloop
  endfacet
  facet normal  0.000000e+000  -0.000000e+000 -1.000000e+000
    outer loop
      vertex -1.250000e+001 -1.136928e+001  3.200000e+001
      vertex -1.221933e+001 -7.462279e+000  3.200000e+001
      vertex -1.187380e+001 -8.393895e+000  3.200000e+001
    endloop
  endfacet
  facet normal  0.000000e+000  -0.000000e+000 -1.000000e+000
    outer loop
      vertex -1.250000e+001 -1.136928e+001  3.200000e+001
      vertex -1.187380e+001 -8.393895e+000  3.200000e+001
      vertex -1.139985e+001 -9.267202e+000  3.200000e+001
    endloop
  endfacet
  facet normal  0.000000e+000  -0.000000e+000 -1.000000e+000
    outer loop
      vertex -1.250000e+001 -1.136928e+001  3.200000e+001
      vertex -1.139985e+001 -9.267202e+000  3.200000e+001
      vertex -1.080701e+001 -1.006460e+001  3.200000e+001
    endloop
  endfacet
  facet normal  0.000000e+000  -0.000000e+000 -1.000000e+000
    outer loop
      vertex -1.250000e+001 -1.136928e+001  3.200000e+001
      vertex -1.080701e+001 -1.006460e+001  3.200000e+001
      vertex -1.010725e+001 -1.077003e+001  3.200000e+001
    endloop
  endfacet
  facet normal  0.000000e+000  -0.000000e+000 -9.999999e-001
    outer loop
      vertex -1.250000e+001 -1.136928e+001  3.200000e+001
      vertex -1.010725e+001 -1.077003e+001  3.200000e+001
      vertex -9.314652e+000 -1.136928e+001  3.200000e+001
    endloop
  endfacet
  facet normal -9.999999e-001  0.000000e+000  0.000000e+000
    outer loop
      vertex -4.000000e+000 -1.835410e+001  2.029366e+001
      vertex -4.000000e+000 -1.839637e+001  2.476625e+001
      vertex -4.000000e+000 -1.797125e+001  2.454964e+001
    endloop
  endfacet
  facet normal -1.000000e+000  0.000000e+000  0.000000e+000
    outer loop
      vertex -4.000000e+000 -1.650000e+001  2.000000e+001
      vertex -4.000000e+000 -1.743861e+001  2.007387e+001
      vertex -4.000000e+000 -1.702875e+001  2.454964e+001
    endloop
  endfacet
  facet normal -1.000000e+000  0.000000e+000  0.000000e+000
    outer loop
      vertex -4.000000e+000 -1.650000e+001  2.000000e+001
      vertex -4.000000e+000 -1.702875e+001  2.454964e+001
      vertex -4.000000e+000 -1.660363e+001  2.476625e+001
    endloop
  endfacet
  facet normal -1.000000e+000  0.000000e+000  0.000000e+000
    outer loop
      vertex -4.000000e+000 -1.650000e+001  2.000000e+001
      vertex -4.000000e+000 -1.660363e+001  2.476625e+001
      vertex -4.000000e+000 -1.626625e+001  2.510363e+001
    endloop
  endfacet
  facet normal -1.000000e+000  0.000000e+000  -0.000000e+000
    outer loop
      vertex -4.000000e+000 -1.650000e+001  2.000000e+001
      vertex -4.000000e+000 -1.626625e+001  2.510363e+001
      vertex -4.000000e+000 -1.604964e+001  2.552875e+001
    endloop
  endfacet
  facet normal -1.000000e+000  0.000000e+000  -0.000000e+000
    outer loop
      vertex -4.000000e+000 -1.650000e+001  2.000000e+001
      vertex -4.000000e+000 -1.604964e+001  2.552875e+001
      vertex -4.000000e+000 -1.597500e+001  2.600000e+001
    endloop
  endfacet
  facet normal -1.000000e+000  0.000000e+000  -0.000000e+000
    outer loop
      vertex -4.000000e+000 -1.650000e+001  2.000000e+001
      vertex -4.000000e+000 -1.597500e+001  2.600000e+001
      vertex -4.000000e+000 -1.580541e+001  1.993923e+001
    endloop
  endfacet
  facet normal -1.000000e+000  0.000000e+000  -0.000000e+000
    outer loop
      vertex -4.000000e+000 -1.637298e+001  3.200000e+001
      vertex -4.000000e+000 -1.636928e+001  3.700370e+001
      vertex -4.000000e+000 -1.629956e+001  3.616796e+001
    endloop
  endfacet
  facet normal -9.999999e-001  0.000000e+000  -0.000000e+000
    outer loop
      vertex -4.000000e+000 -1.637298e+001  3.200000e+001
      vertex -4.000000e+000 -1.629956e+001  3.616796e+001
      vertex -4.000000e+000 -1.626625e+001  2.689637e+001
    endloop
  endfacet
  facet normal -1.000000e+000  0.000000e+000  0.000000e+000
    outer loop
      vertex -4.000000e+000 -1.637298e+001  3.200000e+001
      vertex -4.000000e+000 -1.626625e+001  2.689637e+001
      vertex -4.000000e+000 -1.660363e+001  2.723375e+001
    endloop
  endfacet
  facet normal -1.000000e+000  0.000000e+000  0.000000e+000
    outer loop
      vertex -4.000000e+000 -1.637298e+001  3.200000e+001
      vertex -4.000000e+000 -1.660363e+001  2.723375e+001
      vertex -4.000000e+000 -1.650000e+001  3.200000e+001
    endloop
  endfacet
  facet normal -1.000000e+000  0.000000e+000  0.000000e+000
    outer loop
      vertex -4.000000e+000 -1.597500e+001  2.600000e+001
      vertex -4.000000e+000 -1.604964e+001  2.647125e+001
      vertex -4.000000e+000 -1.609114e+001  3.535561e+001
    endloop
  endfacet
  facet normal -1.000000e+000  0.000000e+000  0.000000e+000
    outer loop
      vertex -4.000000e+000 -1.597500e+001  2.600000e+001
      vertex -4.000000e+000 -1.609114e+001  3.535561e+001
      vertex -4.000000e+000 -1.574988e+001  3.458954e+001
    endloop
  endfacet
  facet normal -1.000000e+000  0.000000e+000  -0.000000e+000
    outer loop
      vertex -4.000000e+000 -1.597500e+001  2.600000e+001
      vertex -4.000000e+000 -1.574988e+001  3.458954e+001
      vertex -4.000000e+000 -1.528538e+001  3.389127e+001
    endloop
  endfacet
  facet normal -1.000000e+000  0.000000e+000  -0.000000e+000
    outer loop
      vertex -4.000000e+000 -1.597500e+001  2.600000e+001
      vertex -4.000000e+000 -1.528538e+001  3.389127e+001
      vertex -4.000000e+000 -1.471070e+001  3.328047e+001
    endloop
  endfacet
  facet normal -1.000000e+000  0.000000e+000  -0.000000e+000
    outer loop
      vertex -4.000000e+000 -1.597500e+001  2.600000e+001
      vertex -4.000000e+000 -1.471070e+001  3.328047e+001
      vertex -4.000000e+000 -1.404202e+001  3.277431e+001
    endloop
  endfacet
  facet normal -1.000000e+000  0.000000e+000  -0.000000e+000
    outer loop
      vertex -4.000000e+000 -1.597500e+001  2.600000e+001
      vertex -4.000000e+000 -1.404202e+001  3.277431e+001
      vertex -4.000000e+000 -1.329814e+001  3.238703e+001
    endloop
  endfacet
  facet normal -1.000000e+000  0.000000e+000  -0.000000e+000
    outer loop
      vertex -4.000000e+000 -1.597500e+001  2.600000e+001
      vertex -4.000000e+000 -1.329814e+001  3.238703e+001
      vertex -4.000000e+000 -1.250000e+001  3.212953e+001
    endloop
  endfacet
  facet normal -1.000000e+000  0.000000e+000  -0.000000e+000
    outer loop
      vertex -4.000000e+000 -1.597500e+001  2.600000e+001
      vertex -4.000000e+000 -1.250000e+001  3.212953e+001
      vertex -4.000000e+000 -1.250000e+001  1.800000e+001
    endloop
  endfacet
  facet normal -1.000000e+000  0.000000e+000  0.000000e+000
    outer loop
      vertex -4.000000e+000 -1.597500e+001  2.600000e+001
      vertex -4.000000e+000 -1.250000e+001  1.800000e+001
      vertex -4.000000e+000 -1.303590e+001  1.800000e+001
    endloop
  endfacet
  facet normal -1.000000e+000  0.000000e+000  0.000000e+000
    outer loop
      vertex -4.000000e+000 -1.597500e+001  2.600000e+001
      vertex -4.000000e+000 -1.303590e+001  1.800000e+001
      vertex -4.000000e+000 -1.343582e+001  1.857115e+001
    endloop
  endfacet
  facet normal -1.000000e+000  0.000000e+000  0.000000e+000
    outer loop
      vertex -4.000000e+000 -1.597500e+001  2.600000e+001
      vertex -4.000000e+000 -1.343582e+001  1.857115e+001
      vertex -4.000000e+000 -1.392885e+001  1.906418e+001
    endloop
  endfacet
  facet normal -1.000000e+000  0.000000e+000  0.000000e+000
    outer loop
      vertex -4.000000e+000 -1.597500e+001  2.600000e+001
      vertex -4.000000e+000 -1.392885e+001  1.906418e+001
      vertex -4.000000e+000 -1.450000e+001  1.946410e+001
    endloop
  endfacet
  facet normal -1.000000e+000  0.000000e+000  0.000000e+000
    outer loop
      vertex -4.000000e+000 -1.597500e+001  2.600000e+001
      vertex -4.000000e+000 -1.450000e+001  1.946410e+001
      vertex -4.000000e+000 -1.513192e+001  1.975877e+001
    endloop
  endfacet
  facet normal -1.000000e+000  0.000000e+000  0.000000e+000
    outer loop
      vertex -4.000000e+000 -1.597500e+001  2.600000e+001
      vertex -4.000000e+000 -1.513192e+001  1.975877e+001
      vertex -4.000000e+000 -1.580541e+001  1.993923e+001
    endloop
  endfacet
  facet normal -1.000000e+000  0.000000e+000  0.000000e+000
    outer loop
      vertex -4.000000e+000 -1.922394e+001  3.134604e+001
      vertex -4.000000e+000 -1.835410e+001  3.170634e+001
      vertex -4.000000e+000 -1.839637e+001  2.723375e+001
    endloop
  endfacet
  facet normal -1.000000e+000  -0.000000e+000  0.000000e+000
    outer loop
      vertex -4.000000e+000 -1.922394e+001  3.134604e+001
      vertex -4.000000e+000 -1.839637e+001  2.723375e+001
      vertex -4.000000e+000 -1.873375e+001  2.689637e+001
    endloop
  endfacet
  facet normal -1.000000e+000  -0.000000e+000  0.000000e+000
    outer loop
      vertex -4.000000e+000 -1.922394e+001  3.134604e+001
      vertex -4.000000e+000 -1.873375e+001  2.689637e+001
      vertex -4.000000e+000 -1.895036e+001  2.647125e+001
    endloop
  endfacet
  facet normal -1.000000e+000  -0.000000e+000  0.000000e+000
    outer loop
      vertex -4.000000e+000 -1.922394e+001  3.134604e+001
      vertex -4.000000e+000 -1.895036e+001  2.647125e+001
      vertex -4.000000e+000 -1.902500e+001  2.600000e+001
    endloop
  endfacet
  facet normal -1.000000e+000  0.000000e+000  0.000000e+000
    outer loop
      vertex -4.000000e+000 -1.922394e+001  3.134604e+001
      vertex -4.000000e+000 -1.902500e+001  2.600000e+001
      vertex -4.000000e+000 -2.250000e+001  2.600000e+001
    endloop
  endfacet
  facet normal -1.000000e+000  0.000000e+000  -0.000000e+000
    outer loop
      vertex -4.000000e+000 -2.250000e+001  2.600000e+001
      vertex -4.000000e+000 -2.242613e+001  2.693861e+001
      vertex -4.000000e+000 -2.220634e+001  2.785410e+001
    endloop
  endfacet
  facet normal -1.000000e+000  0.000000e+000  -0.000000e+000
    outer loop
      vertex -4.000000e+000 -2.250000e+001  2.600000e+001
      vertex -4.000000e+000 -2.220634e+001  2.785410e+001
      vertex -4.000000e+000 -2.184604e+001  2.872394e+001
    endloop
  endfacet
  facet normal -1.000000e+000  0.000000e+000  -0.000000e+000
    outer loop
      vertex -4.000000e+000 -2.250000e+001  2.600000e+001
      vertex -4.000000e+000 -2.184604e+001  2.872394e+001
      vertex -4.000000e+000 -2.135410e+001  2.952671e+001
    endloop
  endfacet
  facet normal -1.000000e+000  0.000000e+000  -0.000000e+000
    outer loop
      vertex -4.000000e+000 -2.250000e+001  2.600000e+001
      vertex -4.000000e+000 -2.135410e+001  2.952671e+001
      vertex -4.000000e+000 -2.074264e+001  3.024264e+001
    endloop
  endfacet
  facet normal -9.999999e-001  0.000000e+000  -0.000000e+000
    outer loop
      vertex -4.000000e+000 -2.250000e+001  2.600000e+001
      vertex -4.000000e+000 -2.074264e+001  3.024264e+001
      vertex -4.000000e+000 -2.002671e+001  3.085410e+001
    endloop
  endfacet
  facet normal -1.000000e+000  0.000000e+000  -0.000000e+000
    outer loop
      vertex -4.000000e+000 -2.250000e+001  2.600000e+001
      vertex -4.000000e+000 -2.002671e+001  3.085410e+001
      vertex -4.000000e+000 -1.922394e+001  3.134604e+001
    endloop
  endfacet
  facet normal -1.000000e+000  0.000000e+000  -0.000000e+000
    outer loop
      vertex -4.000000e+000 -1.922394e+001  2.065396e+001
      vertex -4.000000e+000 -1.902500e+001  2.600000e+001
      vertex -4.000000e+000 -1.895036e+001  2.552875e+001
    endloop
  endfacet
  facet normal -1.000000e+000  0.000000e+000  -0.000000e+000
    outer loop
      vertex -4.000000e+000 -1.922394e+001  2.065396e+001
      vertex -4.000000e+000 -1.895036e+001  2.552875e+001
      vertex -4.000000e+000 -1.873375e+001  2.510363e+001
    endloop
  endfacet
  facet normal -1.000000e+000  0.000000e+000  -0.000000e+000
    outer loop
      vertex -4.000000e+000 -1.922394e+001  2.065396e+001
      vertex -4.000000e+000 -1.873375e+001  2.510363e+001
      vertex -4.000000e+000 -1.839637e+001  2.476625e+001
    endloop
  endfacet
  facet normal -1.000000e+000  0.000000e+000  -0.000000e+000
    outer loop
      vertex -4.000000e+000 -1.922394e+001  2.065396e+001
      vertex -4.000000e+000 -1.839637e+001  2.476625e+001
      vertex -4.000000e+000 -1.835410e+001  2.029366e+001
    endloop
  endfacet
  facet normal -1.000000e+000  -0.000000e+000  0.000000e+000
    outer loop
      vertex -4.000000e+000 -2.250000e+001  2.600000e+001
      vertex -4.000000e+000 -1.902500e+001  2.600000e+001
      vertex -4.000000e+000 -1.922394e+001  2.065396e+001
    endloop
  endfacet
  facet normal -1.000000e+000  0.000000e+000  0.000000e+000
    outer loop
      vertex -4.000000e+000 -2.250000e+001  2.600000e+001
      vertex -4.000000e+000 -1.922394e+001  2.065396e+001
      vertex -4.000000e+000 -2.002671e+001  2.114590e+001
    endloop
  endfacet
  facet normal -9.999999e-001  0.000000e+000  0.000000e+000
    outer loop
      vertex -4.000000e+000 -2.250000e+001  2.600000e+001
      vertex -4.000000e+000 -2.002671e+001  2.114590e+001
      vertex -4.000000e+000 -2.074264e+001  2.175736e+001
    endloop
  endfacet
  facet normal -1.000000e+000  0.000000e+000  0.000000e+000
    outer loop
      vertex -4.000000e+000 -2.250000e+001  2.600000e+001
      vertex -4.000000e+000 -2.074264e+001  2.175736e+001
      vertex -4.000000e+000 -2.135410e+001  2.247329e+001
    endloop
  endfacet
  facet normal -1.000000e+000  0.000000e+000  0.000000e+000
    outer loop
      vertex -4.000000e+000 -2.250000e+001  2.600000e+001
      vertex -4.000000e+000 -2.135410e+001  2.247329e+001
      vertex -4.000000e+000 -2.184604e+001  2.327606e+001
    endloop
  endfacet
  facet normal -1.000000e+000  0.000000e+000  0.000000e+000
    outer loop
      vertex -4.000000e+000 -2.250000e+001  2.600000e+001
      vertex -4.000000e+000 -2.184604e+001  2.327606e+001
      vertex -4.000000e+000 -2.220634e+001  2.414590e+001
    endloop
  endfacet
  facet normal -1.000000e+000  0.000000e+000  0.000000e+000
    outer loop
      vertex -4.000000e+000 -2.250000e+001  2.600000e+001
      vertex -4.000000e+000 -2.220634e+001  2.414590e+001
      vertex -4.000000e+000 -2.242613e+001  2.506139e+001
    endloop
  endfacet
  facet normal -9.999999e-001  0.000000e+000  0.000000e+000
    outer loop
      vertex -4.000000e+000 -1.609114e+001  3.535561e+001
      vertex -4.000000e+000 -1.604964e+001  2.647125e+001
      vertex -4.000000e+000 -1.629956e+001  3.616796e+001
    endloop
  endfacet
  facet normal -9.999999e-001  0.000000e+000  0.000000e+000
    outer loop
      vertex -4.000000e+000 -1.629956e+001  3.616796e+001
      vertex -4.000000e+000 -1.604964e+001  2.647125e+001
      vertex -4.000000e+000 -1.626625e+001  2.689637e+001
    endloop
  endfacet
  facet normal -1.000000e+000  0.000000e+000  -0.000000e+000
    outer loop
      vertex -4.000000e+000 -1.750000e+001  2.752500e+001
      vertex -4.000000e+000 -1.743861e+001  3.192613e+001
      vertex -4.000000e+000 -1.702875e+001  2.745036e+001
    endloop
  endfacet
  facet normal -1.000000e+000  0.000000e+000  0.000000e+000
    outer loop
      vertex -4.000000e+000 -1.702875e+001  2.745036e+001
      vertex -4.000000e+000 -1.743861e+001  3.192613e+001
      vertex -4.000000e+000 -1.650000e+001  3.200000e+001
    endloop
  endfacet
  facet normal -1.000000e+000  0.000000e+000  0.000000e+000
    outer loop
      vertex -4.000000e+000 -1.702875e+001  2.745036e+001
      vertex -4.000000e+000 -1.650000e+001  3.200000e+001
      vertex -4.000000e+000 -1.660363e+001  2.723375e+001
    endloop
  endfacet
  facet normal -9.999999e-001  0.000000e+000  -0.000000e+000
    outer loop
      vertex -4.000000e+000 -1.839637e+001  2.723375e+001
      vertex -4.000000e+000 -1.835410e+001  3.170634e+001
      vertex -4.000000e+000 -1.797125e+001  2.745036e+001
    endloop
  endfacet
  facet normal -9.999999e-001  0.000000e+000  0.000000e+000
    outer loop
      vertex -4.000000e+000 -1.797125e+001  2.745036e+001
      vertex -4.000000e+000 -1.835410e+001  3.170634e+001
      vertex -4.000000e+000 -1.743861e+001  3.192613e+001
    endloop
  endfacet
  facet normal -1.000000e+000  0.000000e+000  0.000000e+000
    outer loop
      vertex -4.000000e+000 -1.797125e+001  2.745036e+001
      vertex -4.000000e+000 -1.743861e+001  3.192613e+001
      vertex -4.000000e+000 -1.750000e+001  2.752500e+001
    endloop
  endfacet
  facet normal -1.000000e+000  0.000000e+000  0.000000e+000
    outer loop
      vertex -4.000000e+000 -1.702875e+001  2.454964e+001
      vertex -4.000000e+000 -1.743861e+001  2.007387e+001
      vertex -4.000000e+000 -1.750000e+001  2.447500e+001
    endloop
  endfacet
  facet normal -1.000000e+000  0.000000e+000  -0.000000e+000
    outer loop
      vertex -4.000000e+000 -1.750000e+001  2.447500e+001
      vertex -4.000000e+000 -1.743861e+001  2.007387e+001
      vertex -4.000000e+000 -1.835410e+001  2.029366e+001
    endloop
  endfacet
  facet normal -1.000000e+000  0.000000e+000  0.000000e+000
    outer loop
      vertex -4.000000e+000 -1.750000e+001  2.447500e+001
      vertex -4.000000e+000 -1.835410e+001  2.029366e+001
      vertex -4.000000e+000 -1.797125e+001  2.454964e+001
    endloop
  endfacet
  facet normal  0.000000e+000 -9.999999e-001  0.000000e+000
    outer loop
      vertex -5.500000e+000 -1.250000e+001  1.800000e+001
      vertex -4.000000e+000 -1.250000e+001  1.800000e+001
      vertex -5.500000e+000 -1.250000e+001  3.212953e+001
    endloop
  endfacet
  facet normal  0.000000e+000 -9.999999e-001  0.000000e+000
    outer loop
      vertex -5.500000e+000 -1.250000e+001  3.212953e+001
      vertex -4.000000e+000 -1.250000e+001  1.800000e+001
      vertex -4.000000e+000 -1.250000e+001  3.212953e+001
    endloop
  endfacet
  facet normal -6.337452e-004 -9.660851e-001 -2.582232e-001
    outer loop
      vertex -1.250000e+001 -1.629389e+001  3.613500e+001
      vertex -1.250000e+001 -1.606873e+001  3.529261e+001
      vertex -4.000000e+000 -1.609114e+001  3.535561e+001
    endloop
  endfacet
  facet normal  6.072667e-004 -9.134637e-001 -4.069199e-001
    outer loop
      vertex -4.000000e+000 -1.574988e+001  3.458954e+001
      vertex -4.000000e+000 -1.609114e+001  3.535561e+001
      vertex -1.250000e+001 -1.606873e+001  3.529261e+001
    endloop
  endfacet
  facet normal -9.111463e-004 -9.065329e-001 -4.221341e-001
    outer loop
      vertex -1.250000e+001 -1.606873e+001  3.529261e+001
      vertex -1.250000e+001 -1.570064e+001  3.450214e+001
      vertex -4.000000e+000 -1.574988e+001  3.458954e+001
    endloop
  endfacet
  facet normal  8.716487e-004 -8.326036e-001 -5.538687e-001
    outer loop
      vertex -4.000000e+000 -1.528538e+001  3.389127e+001
      vertex -4.000000e+000 -1.574988e+001  3.458954e+001
      vertex -1.250000e+001 -1.570064e+001  3.450214e+001
    endloop
  endfacet
  facet normal -1.162455e-003 -8.194115e-001 -5.732046e-001
    outer loop
      vertex -1.250000e+001 -1.570064e+001  3.450214e+001
      vertex -1.250000e+001 -1.520082e+001  3.378764e+001
      vertex -4.000000e+000 -1.528538e+001  3.389127e+001
    endloop
  endfacet
  facet normal  1.109648e-003 -7.283176e-001 -6.852389e-001
    outer loop
      vertex -4.000000e+000 -1.471070e+001  3.328047e+001
      vertex -4.000000e+000 -1.528538e+001  3.389127e+001
      vertex -1.250000e+001 -1.520082e+001  3.378764e+001
    endloop
  endfacet
  facet normal -1.387462e-003 -7.073680e-001 -7.068441e-001
    outer loop
      vertex -1.250000e+001 -1.520082e+001  3.378764e+001
      vertex -1.250000e+001 -1.458448e+001  3.317084e+001
      vertex -4.000000e+000 -1.471070e+001  3.328047e+001
    endloop
  endfacet
  facet normal  1.321388e-003 -6.035415e-001 -7.973305e-001
    outer loop
      vertex -4.000000e+000 -1.404202e+001  3.277431e+001
      vertex -4.000000e+000 -1.471070e+001  3.328047e+001
      vertex -1.250000e+001 -1.458448e+001  3.317084e+001
    endloop
  endfacet
  facet normal -1.586092e-003 -5.738124e-001 -8.189852e-001
    outer loop
      vertex -1.250000e+001 -1.458448e+001  3.317084e+001
      vertex -1.250000e+001 -1.387035e+001  3.267049e+001
      vertex -4.000000e+000 -1.404202e+001  3.277431e+001
    endloop
  endfacet
  facet normal  1.507086e-003 -4.617843e-001 -8.869910e-001
    outer loop
      vertex -4.000000e+000 -1.329814e+001  3.238703e+001
      vertex -4.000000e+000 -1.404202e+001  3.277431e+001
      vertex -1.250000e+001 -1.387035e+001  3.267049e+001
    endloop
  endfacet
  facet normal -2.882031e-003 -2.733338e-001 -9.619149e-001
    outer loop
      vertex -5.500000e+000 -1.250000e+001  3.212953e+001
      vertex -1.250000e+001 -1.223792e+001  3.207603e+001
      vertex -6.244112e+000 -1.246034e+001  3.212049e+001
    endloop
  endfacet
  facet normal -4.920550e-004 -2.092958e-001 -9.778522e-001
    outer loop
      vertex -1.250000e+001 -1.223792e+001  3.207603e+001
      vertex -6.979463e+000 -1.234187e+001  3.209550e+001
      vertex -6.244112e+000 -1.246034e+001  3.212049e+001
    endloop
  endfacet
  facet normal  0.000000e+000 -4.185179e-002 -9.991239e-001
    outer loop
      vertex -9.314652e+000 -1.136928e+001  3.200000e+001
      vertex -8.577170e+000 -1.178737e+001  3.201751e+001
      vertex -1.250000e+001 -1.136928e+001  3.200000e+001
    endloop
  endfacet
  facet normal -2.312595e-003 -2.589360e-001 -9.658917e-001
    outer loop
      vertex -1.250000e+001 -1.308015e+001  3.230182e+001
      vertex -1.250000e+001 -1.223792e+001  3.207603e+001
      vertex -5.500000e+000 -1.250000e+001  3.212953e+001
    endloop
  endfacet
  facet normal  0.000000e+000 -2.846806e-001 -9.586224e-001
    outer loop
      vertex -1.250000e+001 -1.308015e+001  3.230182e+001
      vertex -5.500000e+000 -1.250000e+001  3.212953e+001
      vertex -4.000000e+000 -1.250000e+001  3.212953e+001
    endloop
  endfacet
  facet normal  1.666498e-003 -3.070398e-001 -9.516951e-001
    outer loop
      vertex -1.250000e+001 -1.308015e+001  3.230182e+001
      vertex -4.000000e+000 -1.250000e+001  3.212953e+001
      vertex -4.000000e+000 -1.329814e+001  3.238703e+001
    endloop
  endfacet
  facet normal -1.758252e-003 -4.228038e-001 -9.062195e-001
    outer loop
      vertex -1.250000e+001 -1.308015e+001  3.230182e+001
      vertex -4.000000e+000 -1.329814e+001  3.238703e+001
      vertex -1.250000e+001 -1.387035e+001  3.267049e+001
    endloop
  endfacet
  facet normal  0.000000e+000 -9.965390e-001 -8.312603e-002
    outer loop
      vertex -4.000000e+000 -1.636928e+001  3.700370e+001
      vertex -1.250000e+001 -1.636928e+001  3.700370e+001
      vertex -4.000000e+000 -1.629956e+001  3.616796e+001
    endloop
  endfacet
  facet normal -3.298704e-004 -9.962555e-001 -8.645734e-002
    outer loop
      vertex -4.000000e+000 -1.629956e+001  3.616796e+001
      vertex -1.250000e+001 -1.636928e+001  3.700370e+001
      vertex -1.250000e+001 -1.629389e+001  3.613500e+001
    endloop
  endfacet
  facet normal  3.168911e-004 -9.686275e-001 -2.485169e-001
    outer loop
      vertex -4.000000e+000 -1.629956e+001  3.616796e+001
      vertex -1.250000e+001 -1.629389e+001  3.613500e+001
      vertex -4.000000e+000 -1.609114e+001  3.535561e+001
    endloop
  endfacet
  facet normal -4.846090e-003 -8.719776e-002 -9.961792e-001
    outer loop
      vertex -1.250000e+001 -1.136928e+001  3.200000e+001
      vertex -8.577170e+000 -1.178737e+001  3.201751e+001
      vertex -1.250000e+001 -1.223792e+001  3.207603e+001
    endloop
  endfacet
  facet normal -1.147836e-003 -1.189710e-001 -9.928971e-001
    outer loop
      vertex -1.250000e+001 -1.223792e+001  3.207603e+001
      vertex -8.577170e+000 -1.178737e+001  3.201751e+001
      vertex -7.795005e+000 -1.211309e+001  3.205564e+001
    endloop
  endfacet
  facet normal  2.595480e-004 -1.707752e-001 -9.853100e-001
    outer loop
      vertex -1.250000e+001 -1.223792e+001  3.207603e+001
      vertex -7.795005e+000 -1.211309e+001  3.205564e+001
      vertex -6.979463e+000 -1.234187e+001  3.209550e+001
    endloop
  endfacet
  facet normal -4.535566e-001  0.000000e+000  8.912275e-001
    outer loop
      vertex -1.423164e+001 -4.000000e+000  3.262144e+001
      vertex -1.490192e+001  4.000000e+000  3.228033e+001
      vertex -1.490192e+001 -4.000000e+000  3.228033e+001
    endloop
  endfacet
  facet normal -2.787161e-001  0.000000e+000  9.603736e-001
    outer loop
      vertex -1.490192e+001 -4.000000e+000  3.228033e+001
      vertex -1.490192e+001  4.000000e+000  3.228033e+001
      vertex -1.562422e+001  4.000000e+000  3.207071e+001
    endloop
  endfacet
  facet normal -2.787161e-001  0.000000e+000  9.603736e-001
    outer loop
      vertex -1.490192e+001 -4.000000e+000  3.228033e+001
      vertex -1.562422e+001  4.000000e+000  3.207071e+001
      vertex -1.562422e+001 -4.000000e+000  3.207071e+001
    endloop
  endfacet
  facet normal -9.401093e-002  0.000000e+000  9.955711e-001
    outer loop
      vertex -1.562422e+001 -4.000000e+000  3.207071e+001
      vertex -1.562422e+001  4.000000e+000  3.207071e+001
      vertex -1.637298e+001  4.000000e+000  3.200000e+001
    endloop
  endfacet
  facet normal -9.401093e-002  0.000000e+000  9.955711e-001
    outer loop
      vertex -1.562422e+001 -4.000000e+000  3.207071e+001
      vertex -1.637298e+001  4.000000e+000  3.200000e+001
      vertex -1.637298e+001 -4.000000e+000  3.200000e+001
    endloop
  endfacet
  facet normal -4.535566e-001  0.000000e+000  8.912275e-001
    outer loop
      vertex -1.490192e+001  4.000000e+000  3.228033e+001
      vertex -1.423164e+001 -4.000000e+000  3.262144e+001
      vertex -1.423164e+001  4.000000e+000  3.262144e+001
    endloop
  endfacet
  facet normal -6.123722e-001  0.000000e+000  7.905695e-001
    outer loop
      vertex -1.423164e+001  4.000000e+000  3.262144e+001
      vertex -1.423164e+001 -4.000000e+000  3.262144e+001
      vertex -1.363705e+001 -4.000000e+000  3.308201e+001
    endloop
  endfacet
  facet normal -6.123722e-001  0.000000e+000  7.905695e-001
    outer loop
      vertex -1.423164e+001  4.000000e+000  3.262144e+001
      vertex -1.363705e+001 -4.000000e+000  3.308201e+001
      vertex -1.363705e+001  4.000000e+000  3.308201e+001
    endloop
  endfacet
  facet normal -7.495364e-001  0.000000e+000  6.619632e-001
    outer loop
      vertex -1.363705e+001  4.000000e+000  3.308201e+001
      vertex -1.363705e+001 -4.000000e+000  3.308201e+001
      vertex -1.313919e+001 -4.000000e+000  3.364573e+001
    endloop
  endfacet
  facet normal -7.495364e-001  0.000000e+000  6.619632e-001
    outer loop
      vertex -1.363705e+001  4.000000e+000  3.308201e+001
      vertex -1.313919e+001 -4.000000e+000  3.364573e+001
      vertex -1.313919e+001  4.000000e+000  3.364573e+001
    endloop
  endfacet
  facet normal -8.602003e-001  0.000000e+000  5.099564e-001
    outer loop
      vertex -1.313919e+001  4.000000e+000  3.364573e+001
      vertex -1.313919e+001 -4.000000e+000  3.364573e+001
      vertex -1.275565e+001 -4.000000e+000  3.429269e+001
    endloop
  endfacet
  facet normal -8.602003e-001  0.000000e+000  5.099564e-001
    outer loop
      vertex -1.313919e+001  4.000000e+000  3.364573e+001
      vertex -1.275565e+001 -4.000000e+000  3.429269e+001
      vertex -1.275565e+001  4.000000e+000  3.429269e+001
    endloop
  endfacet
  facet normal -9.404547e-001  0.000000e+000  3.399193e-001
    outer loop
      vertex -1.275565e+001  4.000000e+000  3.429269e+001
      vertex -1.275565e+001 -4.000000e+000  3.429269e+001
      vertex -1.250000e+001 -4.000000e+000  3.500000e+001
    endloop
  endfacet
  facet normal -9.404547e-001  0.000000e+000  3.399193e-001
    outer loop
      vertex -1.275565e+001  4.000000e+000  3.429269e+001
      vertex -1.250000e+001 -4.000000e+000  3.500000e+001
      vertex -1.250000e+001  4.000000e+000  3.500000e+001
    endloop
  endfacet
  facet normal  0.000000e+000  1.000000e+000  0.000000e+000
    outer loop
      vertex -1.250000e+001 -5.000000e+000  3.500000e+001
      vertex -1.250000e+001 -5.000000e+000  1.020000e+002
      vertex -6.244998e+000 -5.000000e+000  3.500000e+001
    endloop
  endfacet
  facet normal  0.000000e+000  1.000000e+000  -0.000000e+000
    outer loop
      vertex -6.244998e+000 -5.000000e+000  3.500000e+001
      vertex -1.250000e+001 -5.000000e+000  1.020000e+002
      vertex -6.244998e+000 -5.000000e+000  1.020000e+002
    endloop
  endfacet
  facet normal  0.000000e+000 -1.000000e+000  0.000000e+000
    outer loop
      vertex -1.839637e+001 -4.000000e+000  2.723375e+001
      vertex -1.797125e+001 -4.000000e+000  2.745036e+001
      vertex -2.242613e+001 -4.000000e+000  2.693861e+001
    endloop
  endfacet
  facet normal  0.000000e+000 -1.000000e+000  0.000000e+000
    outer loop
      vertex -2.242613e+001 -4.000000e+000  2.693861e+001
      vertex -1.873375e+001 -4.000000e+000  2.689637e+001
      vertex -1.839637e+001 -4.000000e+000  2.723375e+001
    endloop
  endfacet
  facet normal  0.000000e+000 -1.000000e+000  0.000000e+000
    outer loop
      vertex -1.250000e+001 -4.000000e+000  1.800000e+001
      vertex -1.604964e+001 -4.000000e+000  2.647125e+001
      vertex -1.597500e+001 -4.000000e+000  2.600000e+001
    endloop
  endfacet
  facet normal  0.000000e+000 -1.000000e+000  -0.000000e+000
    outer loop
      vertex -1.250000e+001 -4.000000e+000  1.800000e+001
      vertex -1.597500e+001 -4.000000e+000  2.600000e+001
      vertex -1.604964e+001 -4.000000e+000  2.552875e+001
    endloop
  endfacet
  facet normal  0.000000e+000 -1.000000e+000  -0.000000e+000
    outer loop
      vertex -1.250000e+001 -4.000000e+000  1.800000e+001
      vertex -1.604964e+001 -4.000000e+000  2.552875e+001
      vertex -1.626625e+001 -4.000000e+000  2.510363e+001
    endloop
  endfacet
  facet normal  0.000000e+000 -1.000000e+000  -0.000000e+000
    outer loop
      vertex -1.250000e+001 -4.000000e+000  1.800000e+001
      vertex -1.626625e+001 -4.000000e+000  2.510363e+001
      vertex -1.660363e+001 -4.000000e+000  2.476625e+001
    endloop
  endfacet
  facet normal  0.000000e+000 -1.000000e+000  -0.000000e+000
    outer loop
      vertex -1.250000e+001 -4.000000e+000  1.800000e+001
      vertex -1.660363e+001 -4.000000e+000  2.476625e+001
      vertex -1.702875e+001 -4.000000e+000  2.454964e+001
    endloop
  endfacet
  facet normal  0.000000e+000 -9.999999e-001  -0.000000e+000
    outer loop
      vertex -1.250000e+001 -4.000000e+000  1.800000e+001
      vertex -1.702875e+001 -4.000000e+000  2.454964e+001
      vertex -1.750000e+001 -4.000000e+000  2.447500e+001
    endloop
  endfacet
  facet normal  0.000000e+000 -9.999999e-001  0.000000e+000
    outer loop
      vertex -1.250000e+001 -4.000000e+000  1.800000e+001
      vertex -1.750000e+001 -4.000000e+000  2.447500e+001
      vertex -1.392885e+001 -4.000000e+000  1.906418e+001
    endloop
  endfacet
  facet normal  0.000000e+000 -1.000000e+000  0.000000e+000
    outer loop
      vertex -1.250000e+001 -4.000000e+000  1.800000e+001
      vertex -1.392885e+001 -4.000000e+000  1.906418e+001
      vertex -1.343582e+001 -4.000000e+000  1.857115e+001
    endloop
  endfacet
  facet normal  0.000000e+000 -1.000000e+000  0.000000e+000
    outer loop
      vertex -1.250000e+001 -4.000000e+000  1.800000e+001
      vertex -1.343582e+001 -4.000000e+000  1.857115e+001
      vertex -1.303590e+001 -4.000000e+000  1.800000e+001
    endloop
  endfacet
  facet normal  0.000000e+000 -1.000000e+000  -0.000000e+000
    outer loop
      vertex -1.750000e+001 -4.000000e+000  2.447500e+001
      vertex -1.797125e+001 -4.000000e+000  2.454964e+001
      vertex -2.220634e+001 -4.000000e+000  2.414590e+001
    endloop
  endfacet
  facet normal  0.000000e+000 -1.000000e+000  0.000000e+000
    outer loop
      vertex -1.750000e+001 -4.000000e+000  2.447500e+001
      vertex -2.220634e+001 -4.000000e+000  2.414590e+001
      vertex -2.184604e+001 -4.000000e+000  2.327606e+001
    endloop
  endfacet
  facet normal  0.000000e+000 -1.000000e+000  0.000000e+000
    outer loop
      vertex -1.750000e+001 -4.000000e+000  2.447500e+001
      vertex -2.184604e+001 -4.000000e+000  2.327606e+001
      vertex -2.135410e+001 -4.000000e+000  2.247329e+001
    endloop
  endfacet
  facet normal  0.000000e+000 -1.000000e+000  0.000000e+000
    outer loop
      vertex -1.750000e+001 -4.000000e+000  2.447500e+001
      vertex -2.135410e+001 -4.000000e+000  2.247329e+001
      vertex -2.074264e+001 -4.000000e+000  2.175736e+001
    endloop
  endfacet
  facet normal  0.000000e+000 -1.000000e+000  0.000000e+000
    outer loop
      vertex -1.750000e+001 -4.000000e+000  2.447500e+001
      vertex -2.074264e+001 -4.000000e+000  2.175736e+001
      vertex -2.002671e+001 -4.000000e+000  2.114590e+001
    endloop
  endfacet
  facet normal  0.000000e+000 -1.000000e+000  0.000000e+000
    outer loop
      vertex -1.750000e+001 -4.000000e+000  2.447500e+001
      vertex -2.002671e+001 -4.000000e+000  2.114590e+001
      vertex -1.922394e+001 -4.000000e+000  2.065396e+001
    endloop
  endfacet
  facet normal  0.000000e+000 -1.000000e+000  0.000000e+000
    outer loop
      vertex -1.750000e+001 -4.000000e+000  2.447500e+001
      vertex -1.922394e+001 -4.000000e+000  2.065396e+001
      vertex -1.835410e+001 -4.000000e+000  2.029366e+001
    endloop
  endfacet
  facet normal  0.000000e+000 -1.000000e+000  0.000000e+000
    outer loop
      vertex -1.750000e+001 -4.000000e+000  2.447500e+001
      vertex -1.835410e+001 -4.000000e+000  2.029366e+001
      vertex -1.743861e+001 -4.000000e+000  2.007387e+001
    endloop
  endfacet
  facet normal  0.000000e+000 -1.000000e+000  0.000000e+000
    outer loop
      vertex -1.750000e+001 -4.000000e+000  2.447500e+001
      vertex -1.743861e+001 -4.000000e+000  2.007387e+001
      vertex -1.650000e+001 -4.000000e+000  2.000000e+001
    endloop
  endfacet
  facet normal  0.000000e+000 -1.000000e+000  0.000000e+000
    outer loop
      vertex -1.750000e+001 -4.000000e+000  2.447500e+001
      vertex -1.650000e+001 -4.000000e+000  2.000000e+001
      vertex -1.580541e+001 -4.000000e+000  1.993923e+001
    endloop
  endfacet
  facet normal  0.000000e+000 -1.000000e+000  0.000000e+000
    outer loop
      vertex -1.750000e+001 -4.000000e+000  2.447500e+001
      vertex -1.580541e+001 -4.000000e+000  1.993923e+001
      vertex -1.513192e+001 -4.000000e+000  1.975877e+001
    endloop
  endfacet
  facet normal  0.000000e+000 -1.000000e+000  0.000000e+000
    outer loop
      vertex -1.750000e+001 -4.000000e+000  2.447500e+001
      vertex -1.513192e+001 -4.000000e+000  1.975877e+001
      vertex -1.450000e+001 -4.000000e+000  1.946410e+001
    endloop
  endfacet
  facet normal  0.000000e+000 -1.000000e+000  0.000000e+000
    outer loop
      vertex -1.750000e+001 -4.000000e+000  2.447500e+001
      vertex -1.450000e+001 -4.000000e+000  1.946410e+001
      vertex -1.392885e+001 -4.000000e+000  1.906418e+001
    endloop
  endfacet
  facet normal  0.000000e+000 -1.000000e+000  0.000000e+000
    outer loop
      vertex -1.743861e+001 -4.000000e+000  3.192613e+001
      vertex -1.835410e+001 -4.000000e+000  3.170634e+001
      vertex -1.750000e+001 -4.000000e+000  2.752500e+001
    endloop
  endfacet
  facet normal  0.000000e+000 -1.000000e+000  0.000000e+000
    outer loop
      vertex -1.743861e+001 -4.000000e+000  3.192613e+001
      vertex -1.750000e+001 -4.000000e+000  2.752500e+001
      vertex -1.702875e+001 -4.000000e+000  2.745036e+001
    endloop
  endfacet
  facet normal  0.000000e+000 -1.000000e+000  0.000000e+000
    outer loop
      vertex -1.743861e+001 -4.000000e+000  3.192613e+001
      vertex -1.702875e+001 -4.000000e+000  2.745036e+001
      vertex -1.660363e+001 -4.000000e+000  2.723375e+001
    endloop
  endfacet
  facet normal  0.000000e+000 -1.000000e+000  0.000000e+000
    outer loop
      vertex -1.743861e+001 -4.000000e+000  3.192613e+001
      vertex -1.660363e+001 -4.000000e+000  2.723375e+001
      vertex -1.626625e+001 -4.000000e+000  2.689637e+001
    endloop
  endfacet
  facet normal  0.000000e+000 -1.000000e+000  0.000000e+000
    outer loop
      vertex -1.743861e+001 -4.000000e+000  3.192613e+001
      vertex -1.626625e+001 -4.000000e+000  2.689637e+001
      vertex -1.604964e+001 -4.000000e+000  2.647125e+001
    endloop
  endfacet
  facet normal  0.000000e+000 -1.000000e+000  0.000000e+000
    outer loop
      vertex -1.743861e+001 -4.000000e+000  3.192613e+001
      vertex -1.604964e+001 -4.000000e+000  2.647125e+001
      vertex -1.250000e+001 -4.000000e+000  1.800000e+001
    endloop
  endfacet
  facet normal  0.000000e+000 -1.000000e+000  -0.000000e+000
    outer loop
      vertex -1.250000e+001 -4.000000e+000  1.800000e+001
      vertex -1.250000e+001 -4.000000e+000  3.500000e+001
      vertex -1.275565e+001 -4.000000e+000  3.429269e+001
    endloop
  endfacet
  facet normal  0.000000e+000 -1.000000e+000  -0.000000e+000
    outer loop
      vertex -1.250000e+001 -4.000000e+000  1.800000e+001
      vertex -1.275565e+001 -4.000000e+000  3.429269e+001
      vertex -1.313919e+001 -4.000000e+000  3.364573e+001
    endloop
  endfacet
  facet normal  0.000000e+000 -1.000000e+000  -0.000000e+000
    outer loop
      vertex -1.250000e+001 -4.000000e+000  1.800000e+001
      vertex -1.313919e+001 -4.000000e+000  3.364573e+001
      vertex -1.363705e+001 -4.000000e+000  3.308201e+001
    endloop
  endfacet
  facet normal  0.000000e+000 -1.000000e+000  -0.000000e+000
    outer loop
      vertex -1.250000e+001 -4.000000e+000  1.800000e+001
      vertex -1.363705e+001 -4.000000e+000  3.308201e+001
      vertex -1.423164e+001 -4.000000e+000  3.262144e+001
    endloop
  endfacet
  facet normal  0.000000e+000 -1.000000e+000  -0.000000e+000
    outer loop
      vertex -1.250000e+001 -4.000000e+000  1.800000e+001
      vertex -1.423164e+001 -4.000000e+000  3.262144e+001
      vertex -1.490192e+001 -4.000000e+000  3.228033e+001
    endloop
  endfacet
  facet normal  0.000000e+000 -1.000000e+000  -0.000000e+000
    outer loop
      vertex -1.250000e+001 -4.000000e+000  1.800000e+001
      vertex -1.490192e+001 -4.000000e+000  3.228033e+001
      vertex -1.562422e+001 -4.000000e+000  3.207071e+001
    endloop
  endfacet
  facet normal  0.000000e+000 -9.999999e-001  -0.000000e+000
    outer loop
      vertex -1.250000e+001 -4.000000e+000  1.800000e+001
      vertex -1.562422e+001 -4.000000e+000  3.207071e+001
      vertex -1.637298e+001 -4.000000e+000  3.200000e+001
    endloop
  endfacet
  facet normal  -0.000000e+000 -1.000000e+000  -0.000000e+000
    outer loop
      vertex -1.250000e+001 -4.000000e+000  1.800000e+001
      vertex -1.637298e+001 -4.000000e+000  3.200000e+001
      vertex -1.650000e+001 -4.000000e+000  3.200000e+001
    endloop
  endfacet
  facet normal  0.000000e+000 -1.000000e+000  -0.000000e+000
    outer loop
      vertex -1.250000e+001 -4.000000e+000  1.800000e+001
      vertex -1.650000e+001 -4.000000e+000  3.200000e+001
      vertex -1.743861e+001 -4.000000e+000  3.192613e+001
    endloop
  endfacet
  facet normal  0.000000e+000 -1.000000e+000  -0.000000e+000
    outer loop
      vertex -1.750000e+001 -4.000000e+000  2.752500e+001
      vertex -1.835410e+001 -4.000000e+000  3.170634e+001
      vertex -1.922394e+001 -4.000000e+000  3.134604e+001
    endloop
  endfacet
  facet normal  0.000000e+000 -1.000000e+000  -0.000000e+000
    outer loop
      vertex -1.750000e+001 -4.000000e+000  2.752500e+001
      vertex -1.922394e+001 -4.000000e+000  3.134604e+001
      vertex -2.002671e+001 -4.000000e+000  3.085410e+001
    endloop
  endfacet
  facet normal  0.000000e+000 -1.000000e+000  -0.000000e+000
    outer loop
      vertex -1.750000e+001 -4.000000e+000  2.752500e+001
      vertex -2.002671e+001 -4.000000e+000  3.085410e+001
      vertex -2.074264e+001 -4.000000e+000  3.024264e+001
    endloop
  endfacet
  facet normal  0.000000e+000 -1.000000e+000  -0.000000e+000
    outer loop
      vertex -1.750000e+001 -4.000000e+000  2.752500e+001
      vertex -2.074264e+001 -4.000000e+000  3.024264e+001
      vertex -2.135410e+001 -4.000000e+000  2.952671e+001
    endloop
  endfacet
  facet normal  0.000000e+000 -1.000000e+000  -0.000000e+000
    outer loop
      vertex -1.750000e+001 -4.000000e+000  2.752500e+001
      vertex -2.135410e+001 -4.000000e+000  2.952671e+001
      vertex -2.184604e+001 -4.000000e+000  2.872394e+001
    endloop
  endfacet
  facet normal  0.000000e+000 -1.000000e+000  -0.000000e+000
    outer loop
      vertex -1.750000e+001 -4.000000e+000  2.752500e+001
      vertex -2.184604e+001 -4.000000e+000  2.872394e+001
      vertex -2.220634e+001 -4.000000e+000  2.785410e+001
    endloop
  endfacet
  facet normal  0.000000e+000 -1.000000e+000  -0.000000e+000
    outer loop
      vertex -1.750000e+001 -4.000000e+000  2.752500e+001
      vertex -2.220634e+001 -4.000000e+000  2.785410e+001
      vertex -2.242613e+001 -4.000000e+000  2.693861e+001
    endloop
  endfacet
  facet normal  0.000000e+000 -1.000000e+000  0.000000e+000
    outer loop
      vertex -1.750000e+001 -4.000000e+000  2.752500e+001
      vertex -2.242613e+001 -4.000000e+000  2.693861e+001
      vertex -1.797125e+001 -4.000000e+000  2.745036e+001
    endloop
  endfacet
  facet normal  0.000000e+000 -1.000000e+000  0.000000e+000
    outer loop
      vertex -1.902500e+001 -4.000000e+000  2.600000e+001
      vertex -1.895036e+001 -4.000000e+000  2.647125e+001
      vertex -2.250000e+001 -4.000000e+000  2.600000e+001
    endloop
  endfacet
  facet normal  0.000000e+000 -1.000000e+000  0.000000e+000
    outer loop
      vertex -2.250000e+001 -4.000000e+000  2.600000e+001
      vertex -1.895036e+001 -4.000000e+000  2.647125e+001
      vertex -1.873375e+001 -4.000000e+000  2.689637e+001
    endloop
  endfacet
  facet normal  -0.000000e+000 -1.000000e+000  0.000000e+000
    outer loop
      vertex -2.250000e+001 -4.000000e+000  2.600000e+001
      vertex -1.873375e+001 -4.000000e+000  2.689637e+001
      vertex -2.242613e+001 -4.000000e+000  2.693861e+001
    endloop
  endfacet
  facet normal  0.000000e+000 -9.999999e-001  -0.000000e+000
    outer loop
      vertex -1.873375e+001 -4.000000e+000  2.510363e+001
      vertex -1.895036e+001 -4.000000e+000  2.552875e+001
      vertex -2.242613e+001 -4.000000e+000  2.506139e+001
    endloop
  endfacet
  facet normal  0.000000e+000 -1.000000e+000  0.000000e+000
    outer loop
      vertex -2.242613e+001 -4.000000e+000  2.506139e+001
      vertex -1.895036e+001 -4.000000e+000  2.552875e+001
      vertex -1.902500e+001 -4.000000e+000  2.600000e+001
    endloop
  endfacet
  facet normal  -0.000000e+000 -1.000000e+000  0.000000e+000
    outer loop
      vertex -2.242613e+001 -4.000000e+000  2.506139e+001
      vertex -1.902500e+001 -4.000000e+000  2.600000e+001
      vertex -2.250000e+001 -4.000000e+000  2.600000e+001
    endloop
  endfacet
  facet normal  0.000000e+000 -1.000000e+000  -0.000000e+000
    outer loop
      vertex -1.797125e+001 -4.000000e+000  2.454964e+001
      vertex -1.839637e+001 -4.000000e+000  2.476625e+001
      vertex -2.220634e+001 -4.000000e+000  2.414590e+001
    endloop
  endfacet
  facet normal  0.000000e+000 -1.000000e+000  0.000000e+000
    outer loop
      vertex -2.220634e+001 -4.000000e+000  2.414590e+001
      vertex -1.839637e+001 -4.000000e+000  2.476625e+001
      vertex -1.873375e+001 -4.000000e+000  2.510363e+001
    endloop
  endfacet
  facet normal  0.000000e+000 -1.000000e+000  0.000000e+000
    outer loop
      vertex -2.220634e+001 -4.000000e+000  2.414590e+001
      vertex -1.873375e+001 -4.000000e+000  2.510363e+001
      vertex -2.242613e+001 -4.000000e+000  2.506139e+001
    endloop
  endfacet
  facet normal  2.225727e-003 -4.539950e-001 -8.910016e-001
    outer loop
      vertex -4.500000e+000 -2.435893e+001  5.385611e+001
      vertex -1.250000e+001 -2.453647e+001  5.392659e+001
      vertex -1.250000e+001 -2.411832e+001  5.371352e+001
    endloop
  endfacet
  facet normal -1.978893e-003 -5.576783e-001 -8.300549e-001
    outer loop
      vertex -1.250000e+001 -2.411832e+001  5.371352e+001
      vertex -4.500000e+000 -2.398680e+001  5.360609e+001
      vertex -4.500000e+000 -2.435893e+001  5.385611e+001
    endloop
  endfacet
  facet normal  2.128627e-003 -7.071011e-001 -7.071092e-001
    outer loop
      vertex -4.500000e+000 -2.398680e+001  5.360609e+001
      vertex -1.250000e+001 -2.411832e+001  5.371352e+001
      vertex -1.250000e+001 -2.378647e+001  5.338168e+001
    endloop
  endfacet
  facet normal -1.863171e-003 -7.780770e-001 -6.281660e-001
    outer loop
      vertex -1.250000e+001 -2.378647e+001  5.338168e+001
      vertex -4.500000e+000 -2.370519e+001  5.325727e+001
      vertex -4.500000e+000 -2.398680e+001  5.360609e+001
    endloop
  endfacet
  facet normal  1.993056e-003 -8.910069e-001 -4.539854e-001
    outer loop
      vertex -4.500000e+000 -2.370519e+001  5.325727e+001
      vertex -1.250000e+001 -2.378647e+001  5.338168e+001
      vertex -1.250000e+001 -2.357342e+001  5.296352e+001
    endloop
  endfacet
  facet normal -1.708962e-003 -9.289560e-001 -3.701861e-001
    outer loop
      vertex -1.250000e+001 -2.357342e+001  5.296352e+001
      vertex -4.500000e+000 -2.353923e+001  5.284080e+001
      vertex -4.500000e+000 -2.370519e+001  5.325727e+001
    endloop
  endfacet
  facet normal  1.821016e-003 -9.876864e-001 -1.564358e-001
    outer loop
      vertex -4.500000e+000 -2.353923e+001  5.284080e+001
      vertex -1.250000e+001 -2.357342e+001  5.296352e+001
      vertex -1.250000e+001 -2.350000e+001  5.250000e+001
    endloop
  endfacet
  facet normal -1.517793e-003 -9.968642e-001 -7.911675e-002
    outer loop
      vertex -1.250000e+001 -2.350000e+001  5.250000e+001
      vertex -4.500000e+000 -2.350376e+001  5.239389e+001
      vertex -4.500000e+000 -2.353923e+001  5.284080e+001
    endloop
  endfacet
  facet normal  1.610708e-003 -9.876868e-001  1.564359e-001
    outer loop
      vertex -4.500000e+000 -2.350376e+001  5.239389e+001
      vertex -1.250000e+001 -2.350000e+001  5.250000e+001
      vertex -1.250000e+001 -2.357342e+001  5.203648e+001
    endloop
  endfacet
  facet normal -1.288821e-003 -9.757232e-001  2.190038e-001
    outer loop
      vertex -1.250000e+001 -2.357342e+001  5.203648e+001
      vertex -4.500000e+000 -2.360194e+001  5.195646e+001
      vertex -4.500000e+000 -2.350376e+001  5.239389e+001
    endloop
  endfacet
  facet normal  1.363467e-003 -8.910079e-001  4.539859e-001
    outer loop
      vertex -4.500000e+000 -2.360194e+001  5.195646e+001
      vertex -1.250000e+001 -2.357342e+001  5.203648e+001
      vertex -1.250000e+001 -2.378647e+001  5.161832e+001
    endloop
  endfacet
  facet normal -1.022996e-003 -8.674207e-001  4.975744e-001
    outer loop
      vertex -1.250000e+001 -2.378647e+001  5.161832e+001
      vertex -4.500000e+000 -2.382501e+001  5.156758e+001
      vertex -4.500000e+000 -2.360194e+001  5.195646e+001
    endloop
  endfacet
  facet normal  1.078161e-003 -7.071023e-001  7.071104e-001
    outer loop
      vertex -4.500000e+000 -2.382501e+001  5.156758e+001
      vertex -1.250000e+001 -2.378647e+001  5.161832e+001
      vertex -1.250000e+001 -2.411832e+001  5.128648e+001
    endloop
  endfacet
  facet normal -7.189266e-004 -6.816409e-001  7.316867e-001
    outer loop
      vertex -1.250000e+001 -2.411832e+001  5.128648e+001
      vertex -4.500000e+000 -2.415304e+001  5.126200e+001
      vertex -4.500000e+000 -2.382501e+001  5.156758e+001
    endloop
  endfacet
  facet normal  7.563621e-004 -4.539959e-001  8.910035e-001
    outer loop
      vertex -4.500000e+000 -2.415304e+001  5.126200e+001
      vertex -1.250000e+001 -2.411832e+001  5.128648e+001
      vertex -1.250000e+001 -2.453647e+001  5.107341e+001
    endloop
  endfacet
  facet normal -2.058014e-003 -2.874831e-001 -9.577835e-001
    outer loop
      vertex -4.500000e+000 -2.435893e+001  5.385611e+001
      vertex -4.500000e+000 -2.478832e+001  5.398499e+001
      vertex -1.250000e+001 -2.453647e+001  5.392659e+001
    endloop
  endfacet
  facet normal  5.055219e-003 -7.073450e-002 -9.974824e-001
    outer loop
      vertex -1.250000e+001 -2.453647e+001  5.392659e+001
      vertex -4.500000e+000 -2.478832e+001  5.398499e+001
      vertex -4.500000e+000 -2.500000e+001  5.400000e+001
    endloop
  endfacet
  facet normal  -0.000000e+000 -1.564315e-001 -9.876888e-001
    outer loop
      vertex -1.250000e+001 -2.453647e+001  5.392659e+001
      vertex -4.500000e+000 -2.500000e+001  5.400000e+001
      vertex -1.250000e+001 -2.500000e+001  5.400000e+001
    endloop
  endfacet
  facet normal -3.786102e-004 -4.349615e-001  9.004489e-001
    outer loop
      vertex -4.500000e+000 -2.415304e+001  5.126200e+001
      vertex -1.250000e+001 -2.453647e+001  5.107341e+001
      vertex -4.500000e+000 -2.455672e+001  5.106700e+001
    endloop
  endfacet
  facet normal  3.962671e-004 -1.564315e-001  9.876888e-001
    outer loop
      vertex -4.500000e+000 -2.455672e+001  5.106700e+001
      vertex -1.250000e+001 -2.453647e+001  5.107341e+001
      vertex -1.250000e+001 -2.500000e+001  5.100000e+001
    endloop
  endfacet
  facet normal  0.000000e+000 -1.494434e-001  9.887702e-001
    outer loop
      vertex -4.500000e+000 -2.455672e+001  5.106700e+001
      vertex -1.250000e+001 -2.500000e+001  5.100000e+001
      vertex -4.500000e+000 -2.500000e+001  5.100000e+001
    endloop
  endfacet
  facet normal  2.298386e-003  4.539948e-001  8.910013e-001
    outer loop
      vertex -1.250000e+001 -2.588168e+001  5.128648e+001
      vertex -4.500000e+000 -2.569470e+001  5.117057e+001
      vertex -1.250000e+001 -2.546353e+001  5.107341e+001
    endloop
  endfacet
  facet normal -1.291492e-003  5.662135e-001  8.242576e-001
    outer loop
      vertex -1.250000e+001 -2.588168e+001  5.128648e+001
      vertex -4.500000e+000 -2.599165e+001  5.137456e+001
      vertex -4.500000e+000 -2.569470e+001  5.117057e+001
    endloop
  endfacet
  facet normal  1.935111e-003  7.071014e-001  7.071096e-001
    outer loop
      vertex -4.500000e+000 -2.599165e+001  5.137456e+001
      vertex -1.250000e+001 -2.588168e+001  5.128648e+001
      vertex -1.250000e+001 -2.621353e+001  5.161832e+001
    endloop
  endfacet
  facet normal -1.290667e-003  7.602549e-001  6.496236e-001
    outer loop
      vertex -1.250000e+001 -2.621353e+001  5.161832e+001
      vertex -4.500000e+000 -2.626634e+001  5.169603e+001
      vertex -4.500000e+000 -2.599165e+001  5.137456e+001
    endloop
  endfacet
  facet normal  1.472834e-003  8.910077e-001  4.539858e-001
    outer loop
      vertex -4.500000e+000 -2.626634e+001  5.169603e+001
      vertex -1.250000e+001 -2.621353e+001  5.161832e+001
      vertex -1.250000e+001 -2.642658e+001  5.203648e+001
    endloop
  endfacet
  facet normal -7.365001e-004  9.113451e-001  4.116426e-001
    outer loop
      vertex -1.250000e+001 -2.642658e+001  5.203648e+001
      vertex -4.500000e+000 -2.644040e+001  5.208138e+001
      vertex -4.500000e+000 -2.626634e+001  5.169603e+001
    endloop
  endfacet
  facet normal -1.472834e-003  8.910077e-001 -4.539858e-001
    outer loop
      vertex -1.250000e+001 -2.626634e+001  5.330397e+001
      vertex -4.500000e+000 -2.621353e+001  5.338168e+001
      vertex -4.500000e+000 -2.642658e+001  5.296352e+001
    endloop
  endfacet
  facet normal  1.290667e-003  7.602549e-001 -6.496236e-001
    outer loop
      vertex -4.500000e+000 -2.621353e+001  5.338168e+001
      vertex -1.250000e+001 -2.626634e+001  5.330397e+001
      vertex -1.250000e+001 -2.599165e+001  5.362544e+001
    endloop
  endfacet
  facet normal -1.935111e-003  7.071014e-001 -7.071096e-001
    outer loop
      vertex -1.250000e+001 -2.599165e+001  5.362544e+001
      vertex -4.500000e+000 -2.588168e+001  5.371352e+001
      vertex -4.500000e+000 -2.621353e+001  5.338168e+001
    endloop
  endfacet
  facet normal  1.291492e-003  5.662135e-001 -8.242576e-001
    outer loop
      vertex -4.500000e+000 -2.588168e+001  5.371352e+001
      vertex -1.250000e+001 -2.599165e+001  5.362544e+001
      vertex -1.250000e+001 -2.569470e+001  5.382943e+001
    endloop
  endfacet
  facet normal -2.298386e-003  4.539948e-001 -8.910013e-001
    outer loop
      vertex -1.250000e+001 -2.569470e+001  5.382943e+001
      vertex -4.500000e+000 -2.546353e+001  5.392659e+001
      vertex -4.500000e+000 -2.588168e+001  5.371352e+001
    endloop
  endfacet
  facet normal -1.150351e-003  3.533443e-001  9.354926e-001
    outer loop
      vertex -4.500000e+000 -2.569470e+001  5.117057e+001
      vertex -4.500000e+000 -2.535766e+001  5.104327e+001
      vertex -1.250000e+001 -2.546353e+001  5.107341e+001
    endloop
  endfacet
  facet normal  2.152002e-003  1.200933e-001  9.927603e-001
    outer loop
      vertex -1.250000e+001 -2.546353e+001  5.107341e+001
      vertex -4.500000e+000 -2.535766e+001  5.104327e+001
      vertex -4.500000e+000 -2.500000e+001  5.100000e+001
    endloop
  endfacet
  facet normal  0.000000e+000  1.564315e-001  9.876888e-001
    outer loop
      vertex -1.250000e+001 -2.546353e+001  5.107341e+001
      vertex -4.500000e+000 -2.500000e+001  5.100000e+001
      vertex -1.250000e+001 -2.500000e+001  5.100000e+001
    endloop
  endfacet
  facet normal  7.365001e-004  9.113451e-001 -4.116426e-001
    outer loop
      vertex -1.250000e+001 -2.626634e+001  5.330397e+001
      vertex -4.500000e+000 -2.642658e+001  5.296352e+001
      vertex -1.250000e+001 -2.644040e+001  5.291862e+001
    endloop
  endfacet
  facet normal -8.277874e-004  9.876877e-001 -1.564360e-001
    outer loop
      vertex -1.250000e+001 -2.644040e+001  5.291862e+001
      vertex -4.500000e+000 -2.642658e+001  5.296352e+001
      vertex -4.500000e+000 -2.650000e+001  5.250000e+001
    endloop
  endfacet
  facet normal  0.000000e+000  9.900169e-001 -1.409483e-001
    outer loop
      vertex -1.250000e+001 -2.644040e+001  5.291862e+001
      vertex -4.500000e+000 -2.650000e+001  5.250000e+001
      vertex -1.250000e+001 -2.650000e+001  5.250000e+001
    endloop
  endfacet
  facet normal  -0.000000e+000  9.900169e-001  1.409483e-001
    outer loop
      vertex -1.250000e+001 -2.650000e+001  5.250000e+001
      vertex -4.500000e+000 -2.650000e+001  5.250000e+001
      vertex -4.500000e+000 -2.644040e+001  5.208138e+001
    endloop
  endfacet
  facet normal  8.277874e-004  9.876877e-001  1.564360e-001
    outer loop
      vertex -1.250000e+001 -2.650000e+001  5.250000e+001
      vertex -4.500000e+000 -2.644040e+001  5.208138e+001
      vertex -1.250000e+001 -2.642658e+001  5.203648e+001
    endloop
  endfacet
  facet normal  1.150351e-003  3.533443e-001 -9.354926e-001
    outer loop
      vertex -1.250000e+001 -2.569470e+001  5.382943e+001
      vertex -1.250000e+001 -2.535766e+001  5.395673e+001
      vertex -4.500000e+000 -2.546353e+001  5.392659e+001
    endloop
  endfacet
  facet normal -2.152002e-003  1.200933e-001 -9.927603e-001
    outer loop
      vertex -4.500000e+000 -2.546353e+001  5.392659e+001
      vertex -1.250000e+001 -2.535766e+001  5.395673e+001
      vertex -1.250000e+001 -2.500000e+001  5.400000e+001
    endloop
  endfacet
  facet normal  0.000000e+000  1.564315e-001 -9.876888e-001
    outer loop
      vertex -4.500000e+000 -2.546353e+001  5.392659e+001
      vertex -1.250000e+001 -2.500000e+001  5.400000e+001
      vertex -4.500000e+000 -2.500000e+001  5.400000e+001
    endloop
  endfacet
  facet normal  -0.000000e+000 -9.876884e-001 -1.564341e-001
    outer loop
      vertex -1.250000e+001 -1.350000e+001  1.010000e+002
      vertex -4.500000e+000 -1.357341e+001  1.014635e+002
      vertex -1.250000e+001 -1.357341e+001  1.014635e+002
    endloop
  endfacet
  facet normal  0.000000e+000 -8.910062e-001 -4.539912e-001
    outer loop
      vertex -1.250000e+001 -1.357341e+001  1.014635e+002
      vertex -4.500000e+000 -1.357341e+001  1.014635e+002
      vertex -4.500000e+000 -1.378647e+001  1.018817e+002
    endloop
  endfacet
  facet normal  -0.000000e+000 -8.910062e-001 -4.539912e-001
    outer loop
      vertex -1.250000e+001 -1.357341e+001  1.014635e+002
      vertex -4.500000e+000 -1.378647e+001  1.018817e+002
      vertex -1.250000e+001 -1.378647e+001  1.018817e+002
    endloop
  endfacet
  facet normal  0.000000e+000 -7.071068e-001 -7.071068e-001
    outer loop
      vertex -1.250000e+001 -1.378647e+001  1.018817e+002
      vertex -4.500000e+000 -1.378647e+001  1.018817e+002
      vertex -4.500000e+000 -1.411832e+001  1.022135e+002
    endloop
  endfacet
  facet normal  -0.000000e+000 -7.071068e-001 -7.071068e-001
    outer loop
      vertex -1.250000e+001 -1.378647e+001  1.018817e+002
      vertex -4.500000e+000 -1.411832e+001  1.022135e+002
      vertex -1.250000e+001 -1.411832e+001  1.022135e+002
    endloop
  endfacet
  facet normal  0.000000e+000 -4.539896e-001 -8.910069e-001
    outer loop
      vertex -1.250000e+001 -1.411832e+001  1.022135e+002
      vertex -4.500000e+000 -1.411832e+001  1.022135e+002
      vertex -4.500000e+000 -1.453647e+001  1.024266e+002
    endloop
  endfacet
  facet normal  -0.000000e+000 -4.539896e-001 -8.910069e-001
    outer loop
      vertex -1.250000e+001 -1.411832e+001  1.022135e+002
      vertex -4.500000e+000 -1.453647e+001  1.024266e+002
      vertex -1.250000e+001 -1.453647e+001  1.024266e+002
    endloop
  endfacet
  facet normal  0.000000e+000 -1.564394e-001 -9.876876e-001
    outer loop
      vertex -1.250000e+001 -1.453647e+001  1.024266e+002
      vertex -4.500000e+000 -1.453647e+001  1.024266e+002
      vertex -4.500000e+000 -1.500000e+001  1.025000e+002
    endloop
  endfacet
  facet normal  -0.000000e+000 -1.564394e-001 -9.876876e-001
    outer loop
      vertex -1.250000e+001 -1.453647e+001  1.024266e+002
      vertex -4.500000e+000 -1.500000e+001  1.025000e+002
      vertex -1.250000e+001 -1.500000e+001  1.025000e+002
    endloop
  endfacet
  facet normal  0.000000e+000 -9.876884e-001 -1.564341e-001
    outer loop
      vertex -4.500000e+000 -1.357341e+001  1.014635e+002
      vertex -1.250000e+001 -1.350000e+001  1.010000e+002
      vertex -4.500000e+000 -1.350000e+001  1.010000e+002
    endloop
  endfacet
  facet normal  0.000000e+000 -9.876884e-001  1.564341e-001
    outer loop
      vertex -4.500000e+000 -1.350000e+001  1.010000e+002
      vertex -1.250000e+001 -1.350000e+001  1.010000e+002
      vertex -1.250000e+001 -1.357341e+001  1.005365e+002
    endloop
  endfacet
  facet normal  0.000000e+000 -9.876884e-001  1.564341e-001
    outer loop
      vertex -4.500000e+000 -1.350000e+001  1.010000e+002
      vertex -1.250000e+001 -1.357341e+001  1.005365e+002
      vertex -4.500000e+000 -1.357341e+001  1.005365e+002
    endloop
  endfacet
  facet normal  0.000000e+000 -8.910062e-001  4.539912e-001
    outer loop
      vertex -4.500000e+000 -1.357341e+001  1.005365e+002
      vertex -1.250000e+001 -1.357341e+001  1.005365e+002
      vertex -1.250000e+001 -1.378647e+001  1.001183e+002
    endloop
  endfacet
  facet normal  0.000000e+000 -8.910062e-001  4.539912e-001
    outer loop
      vertex -4.500000e+000 -1.357341e+001  1.005365e+002
      vertex -1.250000e+001 -1.378647e+001  1.001183e+002
      vertex -4.500000e+000 -1.378647e+001  1.001183e+002
    endloop
  endfacet
  facet normal  0.000000e+000 -7.071068e-001  7.071068e-001
    outer loop
      vertex -4.500000e+000 -1.378647e+001  1.001183e+002
      vertex -1.250000e+001 -1.378647e+001  1.001183e+002
      vertex -1.250000e+001 -1.411832e+001  9.978648e+001
    endloop
  endfacet
  facet normal  0.000000e+000 -7.071068e-001  7.071068e-001
    outer loop
      vertex -4.500000e+000 -1.378647e+001  1.001183e+002
      vertex -1.250000e+001 -1.411832e+001  9.978648e+001
      vertex -4.500000e+000 -1.411832e+001  9.978648e+001
    endloop
  endfacet
  facet normal  0.000000e+000 -4.539896e-001  8.910069e-001
    outer loop
      vertex -4.500000e+000 -1.411832e+001  9.978648e+001
      vertex -1.250000e+001 -1.411832e+001  9.978648e+001
      vertex -1.250000e+001 -1.453647e+001  9.957342e+001
    endloop
  endfacet
  facet normal  0.000000e+000 -4.539896e-001  8.910069e-001
    outer loop
      vertex -4.500000e+000 -1.411832e+001  9.978648e+001
      vertex -1.250000e+001 -1.453647e+001  9.957342e+001
      vertex -4.500000e+000 -1.453647e+001  9.957342e+001
    endloop
  endfacet
  facet normal  0.000000e+000 -1.564394e-001  9.876876e-001
    outer loop
      vertex -4.500000e+000 -1.453647e+001  9.957342e+001
      vertex -1.250000e+001 -1.453647e+001  9.957342e+001
      vertex -1.250000e+001 -1.500000e+001  9.950000e+001
    endloop
  endfacet
  facet normal  0.000000e+000 -1.564394e-001  9.876876e-001
    outer loop
      vertex -4.500000e+000 -1.453647e+001  9.957342e+001
      vertex -1.250000e+001 -1.500000e+001  9.950000e+001
      vertex -4.500000e+000 -1.500000e+001  9.950000e+001
    endloop
  endfacet
  facet normal  2.299009e-003  4.539884e-001  8.910047e-001
    outer loop
      vertex -1.250000e+001 -1.588168e+001  9.978648e+001
      vertex -4.500000e+000 -1.569470e+001  9.967056e+001
      vertex -1.250000e+001 -1.546353e+001  9.957342e+001
    endloop
  endfacet
  facet normal -1.291297e-003  5.662194e-001  8.242534e-001
    outer loop
      vertex -1.250000e+001 -1.588168e+001  9.978648e+001
      vertex -4.500000e+000 -1.599165e+001  9.987456e+001
      vertex -4.500000e+000 -1.569470e+001  9.967056e+001
    endloop
  endfacet
  facet normal  1.935295e-003  7.071055e-001  7.071055e-001
    outer loop
      vertex -4.500000e+000 -1.599165e+001  9.987456e+001
      vertex -1.250000e+001 -1.588168e+001  9.978648e+001
      vertex -1.250000e+001 -1.621353e+001  1.001183e+002
    endloop
  endfacet
  facet normal -1.290096e-003  7.602522e-001  6.496268e-001
    outer loop
      vertex -1.250000e+001 -1.621353e+001  1.001183e+002
      vertex -4.500000e+000 -1.626634e+001  1.001960e+002
      vertex -4.500000e+000 -1.599165e+001  9.987456e+001
    endloop
  endfacet
  facet normal  1.473224e-003  8.910061e-001  4.539891e-001
    outer loop
      vertex -4.500000e+000 -1.626634e+001  1.001960e+002
      vertex -1.250000e+001 -1.621353e+001  1.001183e+002
      vertex -1.250000e+001 -1.642658e+001  1.005365e+002
    endloop
  endfacet
  facet normal -7.366532e-004  9.113482e-001  4.116358e-001
    outer loop
      vertex -1.250000e+001 -1.642658e+001  1.005365e+002
      vertex -4.500000e+000 -1.644040e+001  1.005814e+002
      vertex -4.500000e+000 -1.626634e+001  1.001960e+002
    endloop
  endfacet
  facet normal -1.473224e-003  8.910061e-001 -4.539891e-001
    outer loop
      vertex -1.250000e+001 -1.626634e+001  1.018040e+002
      vertex -4.500000e+000 -1.621353e+001  1.018817e+002
      vertex -4.500000e+000 -1.642658e+001  1.014635e+002
    endloop
  endfacet
  facet normal  1.290096e-003  7.602522e-001 -6.496268e-001
    outer loop
      vertex -4.500000e+000 -1.621353e+001  1.018817e+002
      vertex -1.250000e+001 -1.626634e+001  1.018040e+002
      vertex -1.250000e+001 -1.599165e+001  1.021254e+002
    endloop
  endfacet
  facet normal -1.935295e-003  7.071055e-001 -7.071055e-001
    outer loop
      vertex -1.250000e+001 -1.599165e+001  1.021254e+002
      vertex -4.500000e+000 -1.588168e+001  1.022135e+002
      vertex -4.500000e+000 -1.621353e+001  1.018817e+002
    endloop
  endfacet
  facet normal  1.291297e-003  5.662194e-001 -8.242534e-001
    outer loop
      vertex -4.500000e+000 -1.588168e+001  1.022135e+002
      vertex -1.250000e+001 -1.599165e+001  1.021254e+002
      vertex -1.250000e+001 -1.569470e+001  1.023294e+002
    endloop
  endfacet
  facet normal -2.299009e-003  4.539884e-001 -8.910047e-001
    outer loop
      vertex -1.250000e+001 -1.569470e+001  1.023294e+002
      vertex -4.500000e+000 -1.546353e+001  1.024266e+002
      vertex -4.500000e+000 -1.588168e+001  1.022135e+002
    endloop
  endfacet
  facet normal -1.149739e-003  3.533359e-001  9.354957e-001
    outer loop
      vertex -4.500000e+000 -1.569470e+001  9.967056e+001
      vertex -4.500000e+000 -1.535767e+001  9.954327e+001
      vertex -1.250000e+001 -1.546353e+001  9.957342e+001
    endloop
  endfacet
  facet normal  2.152494e-003  1.200930e-001  9.927603e-001
    outer loop
      vertex -1.250000e+001 -1.546353e+001  9.957342e+001
      vertex -4.500000e+000 -1.535767e+001  9.954327e+001
      vertex -4.500000e+000 -1.500000e+001  9.950000e+001
    endloop
  endfacet
  facet normal  0.000000e+000  1.564394e-001  9.876876e-001
    outer loop
      vertex -1.250000e+001 -1.546353e+001  9.957342e+001
      vertex -4.500000e+000 -1.500000e+001  9.950000e+001
      vertex -1.250000e+001 -1.500000e+001  9.950000e+001
    endloop
  endfacet
  facet normal  7.366532e-004  9.113482e-001 -4.116358e-001
    outer loop
      vertex -1.250000e+001 -1.626634e+001  1.018040e+002
      vertex -4.500000e+000 -1.642658e+001  1.014635e+002
      vertex -1.250000e+001 -1.644040e+001  1.014186e+002
    endloop
  endfacet
  facet normal -8.277129e-004  9.876877e-001 -1.564360e-001
    outer loop
      vertex -1.250000e+001 -1.644040e+001  1.014186e+002
      vertex -4.500000e+000 -1.642658e+001  1.014635e+002
      vertex -4.500000e+000 -1.650000e+001  1.010000e+002
    endloop
  endfacet
  facet normal  0.000000e+000  9.900168e-001 -1.409496e-001
    outer loop
      vertex -1.250000e+001 -1.644040e+001  1.014186e+002
      vertex -4.500000e+000 -1.650000e+001  1.010000e+002
      vertex -1.250000e+001 -1.650000e+001  1.010000e+002
    endloop
  endfacet
  facet normal  -0.000000e+000  9.900168e-001  1.409496e-001
    outer loop
      vertex -1.250000e+001 -1.650000e+001  1.010000e+002
      vertex -4.500000e+000 -1.650000e+001  1.010000e+002
      vertex -4.500000e+000 -1.644040e+001  1.005814e+002
    endloop
  endfacet
  facet normal  8.277129e-004  9.876877e-001  1.564360e-001
    outer loop
      vertex -1.250000e+001 -1.650000e+001  1.010000e+002
      vertex -4.500000e+000 -1.644040e+001  1.005814e+002
      vertex -1.250000e+001 -1.642658e+001  1.005365e+002
    endloop
  endfacet
  facet normal  1.149739e-003  3.533359e-001 -9.354957e-001
    outer loop
      vertex -1.250000e+001 -1.569470e+001  1.023294e+002
      vertex -1.250000e+001 -1.535767e+001  1.024567e+002
      vertex -4.500000e+000 -1.546353e+001  1.024266e+002
    endloop
  endfacet
  facet normal -2.152494e-003  1.200930e-001 -9.927603e-001
    outer loop
      vertex -4.500000e+000 -1.546353e+001  1.024266e+002
      vertex -1.250000e+001 -1.535767e+001  1.024567e+002
      vertex -1.250000e+001 -1.500000e+001  1.025000e+002
    endloop
  endfacet
  facet normal  0.000000e+000  1.564394e-001 -9.876876e-001
    outer loop
      vertex -4.500000e+000 -1.546353e+001  1.024266e+002
      vertex -1.250000e+001 -1.500000e+001  1.025000e+002
      vertex -4.500000e+000 -1.500000e+001  1.025000e+002
    endloop
  endfacet
  facet normal  -0.000000e+000 -9.876881e-001 -1.564361e-001
    outer loop
      vertex -1.250000e+001 -2.350000e+001  1.010000e+002
      vertex -4.500000e+000 -2.357342e+001  1.014635e+002
      vertex -1.250000e+001 -2.357342e+001  1.014635e+002
    endloop
  endfacet
  facet normal  0.000000e+000 -8.910069e-001 -4.539896e-001
    outer loop
      vertex -1.250000e+001 -2.357342e+001  1.014635e+002
      vertex -4.500000e+000 -2.357342e+001  1.014635e+002
      vertex -4.500000e+000 -2.378647e+001  1.018817e+002
    endloop
  endfacet
  facet normal  -0.000000e+000 -8.910069e-001 -4.539896e-001
    outer loop
      vertex -1.250000e+001 -2.357342e+001  1.014635e+002
      vertex -4.500000e+000 -2.378647e+001  1.018817e+002
      vertex -1.250000e+001 -2.378647e+001  1.018817e+002
    endloop
  endfacet
  facet normal  0.000000e+000 -7.071068e-001 -7.071068e-001
    outer loop
      vertex -1.250000e+001 -2.378647e+001  1.018817e+002
      vertex -4.500000e+000 -2.378647e+001  1.018817e+002
      vertex -4.500000e+000 -2.411832e+001  1.022135e+002
    endloop
  endfacet
  facet normal  -0.000000e+000 -7.071068e-001 -7.071068e-001
    outer loop
      vertex -1.250000e+001 -2.378647e+001  1.018817e+002
      vertex -4.500000e+000 -2.411832e+001  1.022135e+002
      vertex -1.250000e+001 -2.411832e+001  1.022135e+002
    endloop
  endfacet
  facet normal  0.000000e+000 -4.539896e-001 -8.910069e-001
    outer loop
      vertex -1.250000e+001 -2.411832e+001  1.022135e+002
      vertex -4.500000e+000 -2.411832e+001  1.022135e+002
      vertex -4.500000e+000 -2.453647e+001  1.024266e+002
    endloop
  endfacet
  facet normal  -0.000000e+000 -4.539896e-001 -8.910069e-001
    outer loop
      vertex -1.250000e+001 -2.411832e+001  1.022135e+002
      vertex -4.500000e+000 -2.453647e+001  1.024266e+002
      vertex -1.250000e+001 -2.453647e+001  1.024266e+002
    endloop
  endfacet
  facet normal  0.000000e+000 -1.564394e-001 -9.876876e-001
    outer loop
      vertex -1.250000e+001 -2.453647e+001  1.024266e+002
      vertex -4.500000e+000 -2.453647e+001  1.024266e+002
      vertex -4.500000e+000 -2.500000e+001  1.025000e+002
    endloop
  endfacet
  facet normal  -0.000000e+000 -1.564394e-001 -9.876876e-001
    outer loop
      vertex -1.250000e+001 -2.453647e+001  1.024266e+002
      vertex -4.500000e+000 -2.500000e+001  1.025000e+002
      vertex -1.250000e+001 -2.500000e+001  1.025000e+002
    endloop
  endfacet
  facet normal  0.000000e+000 -9.876881e-001 -1.564361e-001
    outer loop
      vertex -4.500000e+000 -2.357342e+001  1.014635e+002
      vertex -1.250000e+001 -2.350000e+001  1.010000e+002
      vertex -4.500000e+000 -2.350000e+001  1.010000e+002
    endloop
  endfacet
  facet normal  0.000000e+000 -9.876881e-001  1.564361e-001
    outer loop
      vertex -4.500000e+000 -2.350000e+001  1.010000e+002
      vertex -1.250000e+001 -2.350000e+001  1.010000e+002
      vertex -1.250000e+001 -2.357342e+001  1.005365e+002
    endloop
  endfacet
  facet normal  0.000000e+000 -9.876881e-001  1.564361e-001
    outer loop
      vertex -4.500000e+000 -2.350000e+001  1.010000e+002
      vertex -1.250000e+001 -2.357342e+001  1.005365e+002
      vertex -4.500000e+000 -2.357342e+001  1.005365e+002
    endloop
  endfacet
  facet normal  0.000000e+000 -8.910069e-001  4.539896e-001
    outer loop
      vertex -4.500000e+000 -2.357342e+001  1.005365e+002
      vertex -1.250000e+001 -2.357342e+001  1.005365e+002
      vertex -1.250000e+001 -2.378647e+001  1.001183e+002
    endloop
  endfacet
  facet normal  0.000000e+000 -8.910069e-001  4.539896e-001
    outer loop
      vertex -4.500000e+000 -2.357342e+001  1.005365e+002
      vertex -1.250000e+001 -2.378647e+001  1.001183e+002
      vertex -4.500000e+000 -2.378647e+001  1.001183e+002
    endloop
  endfacet
  facet normal  0.000000e+000 -7.071068e-001  7.071068e-001
    outer loop
      vertex -4.500000e+000 -2.378647e+001  1.001183e+002
      vertex -1.250000e+001 -2.378647e+001  1.001183e+002
      vertex -1.250000e+001 -2.411832e+001  9.978648e+001
    endloop
  endfacet
  facet normal  0.000000e+000 -7.071068e-001  7.071068e-001
    outer loop
      vertex -4.500000e+000 -2.378647e+001  1.001183e+002
      vertex -1.250000e+001 -2.411832e+001  9.978648e+001
      vertex -4.500000e+000 -2.411832e+001  9.978648e+001
    endloop
  endfacet
  facet normal  0.000000e+000 -4.539896e-001  8.910069e-001
    outer loop
      vertex -4.500000e+000 -2.411832e+001  9.978648e+001
      vertex -1.250000e+001 -2.411832e+001  9.978648e+001
      vertex -1.250000e+001 -2.453647e+001  9.957342e+001
    endloop
  endfacet
  facet normal  0.000000e+000 -4.539896e-001  8.910069e-001
    outer loop
      vertex -4.500000e+000 -2.411832e+001  9.978648e+001
      vertex -1.250000e+001 -2.453647e+001  9.957342e+001
      vertex -4.500000e+000 -2.453647e+001  9.957342e+001
    endloop
  endfacet
  facet normal  0.000000e+000 -1.564394e-001  9.876876e-001
    outer loop
      vertex -4.500000e+000 -2.453647e+001  9.957342e+001
      vertex -1.250000e+001 -2.453647e+001  9.957342e+001
      vertex -1.250000e+001 -2.500000e+001  9.950000e+001
    endloop
  endfacet
  facet normal  0.000000e+000 -1.564394e-001  9.876876e-001
    outer loop
      vertex -4.500000e+000 -2.453647e+001  9.957342e+001
      vertex -1.250000e+001 -2.500000e+001  9.950000e+001
      vertex -4.500000e+000 -2.500000e+001  9.950000e+001
    endloop
  endfacet
  facet normal  2.299009e-003  4.539884e-001  8.910047e-001
    outer loop
      vertex -1.250000e+001 -2.588168e+001  9.978648e+001
      vertex -4.500000e+000 -2.569470e+001  9.967056e+001
      vertex -1.250000e+001 -2.546353e+001  9.957342e+001
    endloop
  endfacet
  facet normal -1.291339e-003  5.662207e-001  8.242527e-001
    outer loop
      vertex -1.250000e+001 -2.588168e+001  9.978648e+001
      vertex -4.500000e+000 -2.599165e+001  9.987456e+001
      vertex -4.500000e+000 -2.569470e+001  9.967056e+001
    endloop
  endfacet
  facet normal  1.935211e-003  7.071055e-001  7.071055e-001
    outer loop
      vertex -4.500000e+000 -2.599165e+001  9.987456e+001
      vertex -1.250000e+001 -2.588168e+001  9.978648e+001
      vertex -1.250000e+001 -2.621353e+001  1.001183e+002
    endloop
  endfacet
  facet normal -1.290116e-003  7.602510e-001  6.496281e-001
    outer loop
      vertex -1.250000e+001 -2.621353e+001  1.001183e+002
      vertex -4.500000e+000 -2.626634e+001  1.001960e+002
      vertex -4.500000e+000 -2.599165e+001  9.987456e+001
    endloop
  endfacet
  facet normal  1.473224e-003  8.910061e-001  4.539891e-001
    outer loop
      vertex -4.500000e+000 -2.626634e+001  1.001960e+002
      vertex -1.250000e+001 -2.621353e+001  1.001183e+002
      vertex -1.250000e+001 -2.642658e+001  1.005365e+002
    endloop
  endfacet
  facet normal -1.149769e-003  3.533351e-001  9.354962e-001
    outer loop
      vertex -4.500000e+000 -2.569470e+001  9.967056e+001
      vertex -4.500000e+000 -2.535766e+001  9.954327e+001
      vertex -1.250000e+001 -2.546353e+001  9.957342e+001
    endloop
  endfacet
  facet normal  2.152476e-003  1.200933e-001  9.927603e-001
    outer loop
      vertex -1.250000e+001 -2.546353e+001  9.957342e+001
      vertex -4.500000e+000 -2.535766e+001  9.954327e+001
      vertex -4.500000e+000 -2.500000e+001  9.950000e+001
    endloop
  endfacet
  facet normal  0.000000e+000  1.564394e-001  9.876876e-001
    outer loop
      vertex -1.250000e+001 -2.546353e+001  9.957342e+001
      vertex -4.500000e+000 -2.500000e+001  9.950000e+001
      vertex -1.250000e+001 -2.500000e+001  9.950000e+001
    endloop
  endfacet
  facet normal -7.366532e-004  9.113482e-001  4.116358e-001
    outer loop
      vertex -4.500000e+000 -2.626634e+001  1.001960e+002
      vertex -1.250000e+001 -2.642658e+001  1.005365e+002
      vertex -4.500000e+000 -2.644040e+001  1.005814e+002
    endloop
  endfacet
  facet normal  8.277129e-004  9.876877e-001  1.564360e-001
    outer loop
      vertex -4.500000e+000 -2.644040e+001  1.005814e+002
      vertex -1.250000e+001 -2.642658e+001  1.005365e+002
      vertex -1.250000e+001 -2.650000e+001  1.010000e+002
    endloop
  endfacet
  facet normal  -0.000000e+000  9.900168e-001  1.409496e-001
    outer loop
      vertex -4.500000e+000 -2.644040e+001  1.005814e+002
      vertex -1.250000e+001 -2.650000e+001  1.010000e+002
      vertex -4.500000e+000 -2.650000e+001  1.010000e+002
    endloop
  endfacet
  facet normal  0.000000e+000  9.876881e-001 -1.564361e-001
    outer loop
      vertex -4.500000e+000 -2.650000e+001  1.010000e+002
      vertex -1.250000e+001 -2.650000e+001  1.010000e+002
      vertex -1.250000e+001 -2.642658e+001  1.014635e+002
    endloop
  endfacet
  facet normal  0.000000e+000  9.876881e-001 -1.564361e-001
    outer loop
      vertex -4.500000e+000 -2.650000e+001  1.010000e+002
      vertex -1.250000e+001 -2.642658e+001  1.014635e+002
      vertex -4.500000e+000 -2.642658e+001  1.014635e+002
    endloop
  endfacet
  facet normal  0.000000e+000  8.910069e-001 -4.539896e-001
    outer loop
      vertex -4.500000e+000 -2.642658e+001  1.014635e+002
      vertex -1.250000e+001 -2.642658e+001  1.014635e+002
      vertex -1.250000e+001 -2.621353e+001  1.018817e+002
    endloop
  endfacet
  facet normal  0.000000e+000  8.910069e-001 -4.539896e-001
    outer loop
      vertex -4.500000e+000 -2.642658e+001  1.014635e+002
      vertex -1.250000e+001 -2.621353e+001  1.018817e+002
      vertex -4.500000e+000 -2.621353e+001  1.018817e+002
    endloop
  endfacet
  facet normal  0.000000e+000  7.071068e-001 -7.071068e-001
    outer loop
      vertex -4.500000e+000 -2.621353e+001  1.018817e+002
      vertex -1.250000e+001 -2.621353e+001  1.018817e+002
      vertex -1.250000e+001 -2.588168e+001  1.022135e+002
    endloop
  endfacet
  facet normal  0.000000e+000  7.071068e-001 -7.071068e-001
    outer loop
      vertex -4.500000e+000 -2.621353e+001  1.018817e+002
      vertex -1.250000e+001 -2.588168e+001  1.022135e+002
      vertex -4.500000e+000 -2.588168e+001  1.022135e+002
    endloop
  endfacet
  facet normal  0.000000e+000  4.539896e-001 -8.910069e-001
    outer loop
      vertex -4.500000e+000 -2.588168e+001  1.022135e+002
      vertex -1.250000e+001 -2.588168e+001  1.022135e+002
      vertex -1.250000e+001 -2.546353e+001  1.024266e+002
    endloop
  endfacet
  facet normal  0.000000e+000  4.539896e-001 -8.910069e-001
    outer loop
      vertex -4.500000e+000 -2.588168e+001  1.022135e+002
      vertex -1.250000e+001 -2.546353e+001  1.024266e+002
      vertex -4.500000e+000 -2.546353e+001  1.024266e+002
    endloop
  endfacet
  facet normal  0.000000e+000  1.564394e-001 -9.876876e-001
    outer loop
      vertex -4.500000e+000 -2.546353e+001  1.024266e+002
      vertex -1.250000e+001 -2.546353e+001  1.024266e+002
      vertex -1.250000e+001 -2.500000e+001  1.025000e+002
    endloop
  endfacet
  facet normal  0.000000e+000  1.564394e-001 -9.876876e-001
    outer loop
      vertex -4.500000e+000 -2.546353e+001  1.024266e+002
      vertex -1.250000e+001 -2.500000e+001  1.025000e+002
      vertex -4.500000e+000 -2.500000e+001  1.025000e+002
    endloop
  endfacet
  facet normal  0.000000e+000  1.000000e+000  0.000000e+000
    outer loop
      vertex -1.250000e+001 -3.025000e+001  9.700000e+001
      vertex -4.500000e+000 -3.025000e+001  9.700000e+001
      vertex -1.250000e+001 -3.025000e+001  5.650000e+001
    endloop
  endfacet
  facet normal  0.000000e+000  1.000000e+000  0.000000e+000
    outer loop
      vertex -1.250000e+001 -3.025000e+001  5.650000e+001
      vertex -4.500000e+000 -3.025000e+001  9.700000e+001
      vertex -4.500000e+000 -3.025000e+001  5.650000e+001
    endloop
  endfacet
  facet normal  0.000000e+000  0.000000e+000 -9.999999e-001
    outer loop
      vertex -1.250000e+001 -3.025000e+001  9.700000e+001
      vertex -1.250000e+001 -9.750000e+000  9.700000e+001
      vertex -4.500000e+000 -3.025000e+001  9.700000e+001
    endloop
  endfacet
  facet normal  0.000000e+000  0.000000e+000 -9.999999e-001
    outer loop
      vertex -4.500000e+000 -3.025000e+001  9.700000e+001
      vertex -1.250000e+001 -9.750000e+000  9.700000e+001
      vertex -4.500000e+000 -9.750000e+000  9.700000e+001
    endloop
  endfacet
  facet normal  0.000000e+000 -1.000000e+000  0.000000e+000
    outer loop
      vertex -1.250000e+001 -9.750000e+000  5.650000e+001
      vertex -4.500000e+000 -9.750000e+000  5.650000e+001
      vertex -1.250000e+001 -9.750000e+000  9.700000e+001
    endloop
  endfacet
  facet normal  0.000000e+000 -1.000000e+000  0.000000e+000
    outer loop
      vertex -1.250000e+001 -9.750000e+000  9.700000e+001
      vertex -4.500000e+000 -9.750000e+000  5.650000e+001
      vertex -4.500000e+000 -9.750000e+000  9.700000e+001
    endloop
  endfacet
  facet normal  0.000000e+000  0.000000e+000  9.999999e-001
    outer loop
      vertex -4.500000e+000 -3.025000e+001  5.650000e+001
      vertex -4.500000e+000 -9.750000e+000  5.650000e+001
      vertex -1.250000e+001 -3.025000e+001  5.650000e+001
    endloop
  endfacet
  facet normal  0.000000e+000  0.000000e+000  9.999999e-001
    outer loop
      vertex -1.250000e+001 -3.025000e+001  5.650000e+001
      vertex -4.500000e+000 -9.750000e+000  5.650000e+001
      vertex -1.250000e+001 -9.750000e+000  5.650000e+001
    endloop
  endfacet
  facet normal -1.683876e-003  2.902812e-001  9.569399e-001
    outer loop
      vertex -1.250000e+001 -7.414729e+000  1.049424e+002
      vertex -4.500000e+000 -7.056098e+000  1.048476e+002
      vertex -1.250000e+001 -6.851950e+000  1.047716e+002
    endloop
  endfacet
  facet normal  1.189426e-003  3.895063e-001  9.210230e-001
    outer loop
      vertex -4.500000e+000 -6.614378e+000  1.046608e+002
      vertex -1.250000e+001 -6.851950e+000  1.047716e+002
      vertex -4.500000e+000 -7.056098e+000  1.048476e+002
    endloop
  endfacet
  facet normal  0.000000e+000  9.802312e-002  9.951841e-001
    outer loop
      vertex -1.250000e+001 -8.000000e+000  1.050000e+002
      vertex -4.500000e+000 -8.000000e+000  1.050000e+002
      vertex -1.250000e+001 -7.414729e+000  1.049424e+002
    endloop
  endfacet
  facet normal -1.334753e-003  7.993759e-002  9.967989e-001
    outer loop
      vertex -1.250000e+001 -7.414729e+000  1.049424e+002
      vertex -4.500000e+000 -8.000000e+000  1.050000e+002
      vertex -4.500000e+000 -7.521940e+000  1.049617e+002
    endloop
  endfacet
  facet normal  8.415676e-004  2.377457e-001  9.713271e-001
    outer loop
      vertex -1.250000e+001 -7.414729e+000  1.049424e+002
      vertex -4.500000e+000 -7.521940e+000  1.049617e+002
      vertex -4.500000e+000 -7.056098e+000  1.048476e+002
    endloop
  endfacet
  facet normal -1.783963e-003  4.713953e-001  8.819202e-001
    outer loop
      vertex -1.250000e+001 -6.851950e+000  1.047716e+002
      vertex -4.500000e+000 -6.614378e+000  1.046608e+002
      vertex -1.250000e+001 -6.333289e+000  1.044944e+002
    endloop
  endfacet
  facet normal -1.643209e-004  5.060096e-001  8.625278e-001
    outer loop
      vertex -1.250000e+001 -6.333289e+000  1.044944e+002
      vertex -4.500000e+000 -6.614378e+000  1.046608e+002
      vertex -4.862911e+000 -6.352384e+000  1.045071e+002
    endloop
  endfacet
  facet normal  3.050226e-004  6.343899e-001  7.730132e-001
    outer loop
      vertex -1.250000e+001 -6.333289e+000  1.044944e+002
      vertex -4.862911e+000 -6.352384e+000  1.045071e+002
      vertex -1.250000e+001 -5.878680e+000  1.041213e+002
    endloop
  endfacet
  facet normal -4.006302e-003  5.918031e-001  8.060725e-001
    outer loop
      vertex -1.250000e+001 -5.878680e+000  1.041213e+002
      vertex -4.862911e+000 -6.352384e+000  1.045071e+002
      vertex -5.195709e+000 -6.083143e+000  1.043077e+002
    endloop
  endfacet
  facet normal  3.984633e-004  6.814780e-001  7.318385e-001
    outer loop
      vertex -1.250000e+001 -5.878680e+000  1.041213e+002
      vertex -5.195709e+000 -6.083143e+000  1.043077e+002
      vertex -5.471893e+000 -5.835891e+000  1.040777e+002
    endloop
  endfacet
  facet normal -7.643316e-004  7.730124e-001  6.343904e-001
    outer loop
      vertex -1.250000e+001 -5.878680e+000  1.041213e+002
      vertex -5.471893e+000 -5.835891e+000  1.040777e+002
      vertex -1.250000e+001 -5.505591e+000  1.036667e+002
    endloop
  endfacet
  facet normal -2.449611e-003  7.585611e-001  6.515973e-001
    outer loop
      vertex -1.250000e+001 -5.505591e+000  1.036667e+002
      vertex -5.471893e+000 -5.835891e+000  1.040777e+002
      vertex -5.699753e+000 -5.613727e+000  1.038182e+002
    endloop
  endfacet
  facet normal  7.545055e-004  8.295572e-001  5.584213e-001
    outer loop
      vertex -1.250000e+001 -5.505591e+000  1.036667e+002
      vertex -5.699753e+000 -5.613727e+000  1.038182e+002
      vertex -5.885215e+000 -5.418722e+000  1.035287e+002
    endloop
  endfacet
  facet normal -1.748532e-003  8.819203e-001  4.713953e-001
    outer loop
      vertex -1.250000e+001 -5.505591e+000  1.036667e+002
      vertex -5.885215e+000 -5.418722e+000  1.035287e+002
      vertex -1.250000e+001 -5.228362e+000  1.031480e+002
    endloop
  endfacet
  facet normal -6.673135e-004  8.897192e-001  4.565075e-001
    outer loop
      vertex -1.250000e+001 -5.228362e+000  1.031480e+002
      vertex -5.885215e+000 -5.418722e+000  1.035287e+002
      vertex -6.034624e+000 -5.252097e+000  1.032038e+002
    endloop
  endfacet
  facet normal  1.011723e-003  9.569392e-001  2.902867e-001
    outer loop
      vertex -1.250000e+001 -5.228362e+000  1.031480e+002
      vertex -6.034624e+000 -5.252097e+000  1.032038e+002
      vertex -1.250000e+001 -5.057644e+000  1.025853e+002
    endloop
  endfacet
  facet normal -4.881712e-003  9.382187e-001  3.460084e-001
    outer loop
      vertex -1.250000e+001 -5.057644e+000  1.025853e+002
      vertex -6.034624e+000 -5.252097e+000  1.032038e+002
      vertex -6.141907e+000 -5.126031e+000  1.028604e+002
    endloop
  endfacet
  facet normal  6.350990e-004  9.738086e-001  2.273683e-001
    outer loop
      vertex -1.250000e+001 -5.057644e+000  1.025853e+002
      vertex -6.141907e+000 -5.126031e+000  1.028604e+002
      vertex -6.210909e+000 -5.042290e+000  1.025019e+002
    endloop
  endfacet
  facet normal -1.319202e-003  9.964611e-001  8.404402e-002
    outer loop
      vertex -6.210909e+000 -5.042290e+000  1.025019e+002
      vertex -6.244998e+000 -5.000000e+000  1.020000e+002
      vertex -1.250000e+001 -5.057644e+000  1.025853e+002
    endloop
  endfacet
  facet normal  0.000000e+000  9.951847e-001  9.801702e-002
    outer loop
      vertex -1.250000e+001 -5.057644e+000  1.025853e+002
      vertex -6.244998e+000 -5.000000e+000  1.020000e+002
      vertex -1.250000e+001 -5.000000e+000  1.020000e+002
    endloop
  endfacet
  facet normal  0.000000e+000  0.000000e+000  1.000000e+000
    outer loop
      vertex -1.250000e+001 -8.000000e+000  1.050000e+002
      vertex -1.250000e+001 -3.200000e+001  1.050000e+002
      vertex -4.500000e+000 -8.000000e+000  1.050000e+002
    endloop
  endfacet
  facet normal  0.000000e+000  0.000000e+000  1.000000e+000
    outer loop
      vertex -4.500000e+000 -8.000000e+000  1.050000e+002
      vertex -1.250000e+001 -3.200000e+001  1.050000e+002
      vertex -4.500000e+000 -3.200000e+001  1.050000e+002
    endloop
  endfacet
  facet normal -1.516914e-003 -8.467214e-001  5.320344e-001
    outer loop
      vertex -1.250000e+001 -3.470291e+001  1.033017e+002
      vertex -4.500000e+000 -3.442764e+001  1.037626e+002
      vertex -1.250000e+001 -3.434549e+001  1.038705e+002
    endloop
  endfacet
  facet normal  1.214019e-003 -7.503042e-001  6.610916e-001
    outer loop
      vertex -1.250000e+001 -3.434549e+001  1.038705e+002
      vertex -4.500000e+000 -3.442764e+001  1.037626e+002
      vertex -4.500000e+000 -3.405421e+001  1.041864e+002
    endloop
  endfacet
  facet normal -2.175568e-003 -7.071080e-001  7.071023e-001
    outer loop
      vertex -1.250000e+001 -3.434549e+001  1.038705e+002
      vertex -4.500000e+000 -3.405421e+001  1.041864e+002
      vertex -1.250000e+001 -3.387047e+001  1.043455e+002
    endloop
  endfacet
  facet normal  1.633110e-003 -6.130890e-001  7.900122e-001
    outer loop
      vertex -1.250000e+001 -3.387047e+001  1.043455e+002
      vertex -4.500000e+000 -3.405421e+001  1.041864e+002
      vertex -4.500000e+000 -3.360798e+001  1.045327e+002
    endloop
  endfacet
  facet normal -2.353471e-003 -5.320254e-001  8.467251e-001
    outer loop
      vertex -1.250000e+001 -3.387047e+001  1.043455e+002
      vertex -4.500000e+000 -3.360798e+001  1.045327e+002
      vertex -1.250000e+001 -3.330165e+001  1.047029e+002
    endloop
  endfacet
  facet normal  1.569833e-003 -4.541341e-001  8.909319e-001
    outer loop
      vertex -4.500000e+000 -3.360798e+001  1.045327e+002
      vertex -4.500000e+000 -3.310474e+001  1.047892e+002
      vertex -1.250000e+001 -3.330165e+001  1.047029e+002
    endloop
  endfacet
  facet normal -2.049632e-003 -3.302804e-001  9.438806e-001
    outer loop
      vertex -1.250000e+001 -3.266756e+001  1.049248e+002
      vertex -1.250000e+001 -3.330165e+001  1.047029e+002
      vertex -4.500000e+000 -3.310474e+001  1.047892e+002
    endloop
  endfacet
  facet normal  0.000000e+000 -9.937125e-001  1.119615e-001
    outer loop
      vertex -1.250000e+001 -3.500000e+001  1.020000e+002
      vertex -4.500000e+000 -3.500000e+001  1.020000e+002
      vertex -1.250000e+001 -3.492479e+001  1.026676e+002
    endloop
  endfacet
  facet normal -1.963882e-004 -9.939716e-001  1.096372e-001
    outer loop
      vertex -1.250000e+001 -3.492479e+001  1.026676e+002
      vertex -4.500000e+000 -3.500000e+001  1.020000e+002
      vertex -4.500000e+000 -3.492788e+001  1.026538e+002
    endloop
  endfacet
  facet normal  2.013217e-004 -9.438826e-001  3.302811e-001
    outer loop
      vertex -1.250000e+001 -3.492479e+001  1.026676e+002
      vertex -4.500000e+000 -3.492788e+001  1.026538e+002
      vertex -1.250000e+001 -3.470291e+001  1.033017e+002
    endloop
  endfacet
  facet normal -4.017167e-004 -9.461827e-001  3.236327e-001
    outer loop
      vertex -1.250000e+001 -3.470291e+001  1.033017e+002
      vertex -4.500000e+000 -3.492788e+001  1.026538e+002
      vertex -4.500000e+000 -3.471499e+001  1.032763e+002
    endloop
  endfacet
  facet normal  3.144988e-004 -8.609262e-001  5.087297e-001
    outer loop
      vertex -1.250000e+001 -3.470291e+001  1.033017e+002
      vertex -4.500000e+000 -3.471499e+001  1.032763e+002
      vertex -4.500000e+000 -3.442764e+001  1.037626e+002
    endloop
  endfacet
  facet normal  0.000000e+000 -9.414425e-002  9.955586e-001
    outer loop
      vertex -4.500000e+000 -3.200000e+001  1.050000e+002
      vertex -1.250000e+001 -3.200000e+001  1.050000e+002
      vertex -4.500000e+000 -3.256234e+001  1.049468e+002
    endloop
  endfacet
  facet normal -1.265075e-003 -1.119670e-001  9.937111e-001
    outer loop
      vertex -4.500000e+000 -3.256234e+001  1.049468e+002
      vertex -1.250000e+001 -3.200000e+001  1.050000e+002
      vertex -1.250000e+001 -3.266756e+001  1.049248e+002
    endloop
  endfacet
  facet normal  1.025371e-003 -2.790923e-001  9.602637e-001
    outer loop
      vertex -4.500000e+000 -3.256234e+001  1.049468e+002
      vertex -1.250000e+001 -3.266756e+001  1.049248e+002
      vertex -4.500000e+000 -3.310474e+001  1.047892e+002
    endloop
  endfacet
  facet normal  0.000000e+000 -1.000000e+000  0.000000e+000
    outer loop
      vertex -1.250000e+001 -3.500000e+001  1.020000e+002
      vertex -1.250000e+001 -3.500000e+001  4.808712e+001
      vertex -4.500000e+000 -3.500000e+001  1.020000e+002
    endloop
  endfacet
  facet normal  0.000000e+000 -1.000000e+000  -0.000000e+000
    outer loop
      vertex -4.500000e+000 -3.500000e+001  1.020000e+002
      vertex -1.250000e+001 -3.500000e+001  4.808712e+001
      vertex -4.500000e+000 -3.500000e+001  4.808712e+001
    endloop
  endfacet
  facet normal  -0.000000e+000 -1.119671e-001 -9.937119e-001
    outer loop
      vertex -1.250000e+001 -3.200000e+001  4.508712e+001
      vertex -4.500000e+000 -3.200000e+001  4.508712e+001
      vertex -1.250000e+001 -3.266756e+001  4.516234e+001
    endloop
  endfacet
  facet normal  0.000000e+000 -1.119671e-001 -9.937119e-001
    outer loop
      vertex -1.250000e+001 -3.266756e+001  4.516234e+001
      vertex -4.500000e+000 -3.200000e+001  4.508712e+001
      vertex -4.500000e+000 -3.266756e+001  4.516234e+001
    endloop
  endfacet
  facet normal  -0.000000e+000 -3.302760e-001 -9.438843e-001
    outer loop
      vertex -1.250000e+001 -3.266756e+001  4.516234e+001
      vertex -4.500000e+000 -3.266756e+001  4.516234e+001
      vertex -1.250000e+001 -3.330165e+001  4.538421e+001
    endloop
  endfacet
  facet normal  0.000000e+000 -3.302760e-001 -9.438843e-001
    outer loop
      vertex -1.250000e+001 -3.330165e+001  4.538421e+001
      vertex -4.500000e+000 -3.266756e+001  4.516234e+001
      vertex -4.500000e+000 -3.330165e+001  4.538421e+001
    endloop
  endfacet
  facet normal  -0.000000e+000 -5.320350e-001 -8.467224e-001
    outer loop
      vertex -1.250000e+001 -3.330165e+001  4.538421e+001
      vertex -4.500000e+000 -3.330165e+001  4.538421e+001
      vertex -1.250000e+001 -3.387047e+001  4.574163e+001
    endloop
  endfacet
  facet normal  0.000000e+000 -5.320350e-001 -8.467224e-001
    outer loop
      vertex -1.250000e+001 -3.387047e+001  4.574163e+001
      vertex -4.500000e+000 -3.330165e+001  4.538421e+001
      vertex -4.500000e+000 -3.387047e+001  4.574163e+001
    endloop
  endfacet
  facet normal  -0.000000e+000 -7.071068e-001 -7.071068e-001
    outer loop
      vertex -1.250000e+001 -3.387047e+001  4.574163e+001
      vertex -4.500000e+000 -3.387047e+001  4.574163e+001
      vertex -1.250000e+001 -3.434549e+001  4.621665e+001
    endloop
  endfacet
  facet normal  0.000000e+000 -7.071068e-001 -7.071068e-001
    outer loop
      vertex -1.250000e+001 -3.434549e+001  4.621665e+001
      vertex -4.500000e+000 -3.387047e+001  4.574163e+001
      vertex -4.500000e+000 -3.434549e+001  4.621665e+001
    endloop
  endfacet
  facet normal  -0.000000e+000 -8.467224e-001 -5.320350e-001
    outer loop
      vertex -1.250000e+001 -3.434549e+001  4.621665e+001
      vertex -4.500000e+000 -3.434549e+001  4.621665e+001
      vertex -1.250000e+001 -3.470291e+001  4.678547e+001
    endloop
  endfacet
  facet normal  0.000000e+000 -8.467224e-001 -5.320350e-001
    outer loop
      vertex -1.250000e+001 -3.470291e+001  4.678547e+001
      vertex -4.500000e+000 -3.434549e+001  4.621665e+001
      vertex -4.500000e+000 -3.470291e+001  4.678547e+001
    endloop
  endfacet
  facet normal  -0.000000e+000 -9.438832e-001 -3.302794e-001
    outer loop
      vertex -1.250000e+001 -3.470291e+001  4.678547e+001
      vertex -4.500000e+000 -3.470291e+001  4.678547e+001
      vertex -1.250000e+001 -3.492479e+001  4.741956e+001
    endloop
  endfacet
  facet normal  0.000000e+000 -9.438832e-001 -3.302794e-001
    outer loop
      vertex -1.250000e+001 -3.492479e+001  4.741956e+001
      vertex -4.500000e+000 -3.470291e+001  4.678547e+001
      vertex -4.500000e+000 -3.492479e+001  4.741956e+001
    endloop
  endfacet
  facet normal  -0.000000e+000 -9.937125e-001 -1.119621e-001
    outer loop
      vertex -1.250000e+001 -3.492479e+001  4.741956e+001
      vertex -4.500000e+000 -3.492479e+001  4.741956e+001
      vertex -1.250000e+001 -3.500000e+001  4.808712e+001
    endloop
  endfacet
  facet normal  0.000000e+000 -9.937125e-001 -1.119621e-001
    outer loop
      vertex -1.250000e+001 -3.500000e+001  4.808712e+001
      vertex -4.500000e+000 -3.492479e+001  4.741956e+001
      vertex -4.500000e+000 -3.500000e+001  4.808712e+001
    endloop
  endfacet
  facet normal  0.000000e+000  0.000000e+000 -1.000000e+000
    outer loop
      vertex -4.500000e+000 -3.200000e+001  4.508712e+001
      vertex -1.250000e+001 -3.200000e+001  4.508712e+001
      vertex -4.500000e+000 -2.063575e+001  4.508712e+001
    endloop
  endfacet
  facet normal  -0.000000e+000  0.000000e+000 -1.000000e+000
    outer loop
      vertex -4.500000e+000 -2.063575e+001  4.508712e+001
      vertex -1.250000e+001 -3.200000e+001  4.508712e+001
      vertex -1.250000e+001 -2.063575e+001  4.508712e+001
    endloop
  endfacet
  facet normal  0.000000e+000 -6.433477e-001 -7.655742e-001
    outer loop
      vertex -4.500000e+000 -1.894423e+001  4.456477e+001
      vertex -1.250000e+001 -1.848639e+001  4.418003e+001
      vertex -4.500000e+000 -1.848639e+001  4.418003e+001
    endloop
  endfacet
  facet normal  -0.000000e+000 -7.824191e-001 -6.227523e-001
    outer loop
      vertex -4.500000e+000 -1.848639e+001  4.418003e+001
      vertex -1.250000e+001 -1.848639e+001  4.418003e+001
      vertex -1.250000e+001 -1.811397e+001  4.371212e+001
    endloop
  endfacet
  facet normal  0.000000e+000 -7.824191e-001 -6.227523e-001
    outer loop
      vertex -4.500000e+000 -1.848639e+001  4.418003e+001
      vertex -1.250000e+001 -1.811397e+001  4.371212e+001
      vertex -4.500000e+000 -1.811397e+001  4.371212e+001
    endloop
  endfacet
  facet normal  -0.000000e+000 -6.433477e-001 -7.655742e-001
    outer loop
      vertex -1.250000e+001 -1.848639e+001  4.418003e+001
      vertex -4.500000e+000 -1.894423e+001  4.456477e+001
      vertex -1.250000e+001 -1.894423e+001  4.456477e+001
    endloop
  endfacet
  facet normal  0.000000e+000 -4.787176e-001 -8.779689e-001
    outer loop
      vertex -1.250000e+001 -1.894423e+001  4.456477e+001
      vertex -4.500000e+000 -1.894423e+001  4.456477e+001
      vertex -4.500000e+000 -1.946929e+001  4.485106e+001
    endloop
  endfacet
  facet normal  -0.000000e+000 -4.787176e-001 -8.779689e-001
    outer loop
      vertex -1.250000e+001 -1.894423e+001  4.456477e+001
      vertex -4.500000e+000 -1.946929e+001  4.485106e+001
      vertex -1.250000e+001 -1.946929e+001  4.485106e+001
    endloop
  endfacet
  facet normal  0.000000e+000 -2.950499e-001 -9.554819e-001
    outer loop
      vertex -1.250000e+001 -1.946929e+001  4.485106e+001
      vertex -4.500000e+000 -1.946929e+001  4.485106e+001
      vertex -4.500000e+000 -2.004070e+001  4.502751e+001
    endloop
  endfacet
  facet normal  -0.000000e+000 -2.950499e-001 -9.554819e-001
    outer loop
      vertex -1.250000e+001 -1.946929e+001  4.485106e+001
      vertex -4.500000e+000 -2.004070e+001  4.502751e+001
      vertex -1.250000e+001 -2.004070e+001  4.502751e+001
    endloop
  endfacet
  facet normal  0.000000e+000 -9.967424e-002 -9.950201e-001
    outer loop
      vertex -1.250000e+001 -2.004070e+001  4.502751e+001
      vertex -4.500000e+000 -2.004070e+001  4.502751e+001
      vertex -4.500000e+000 -2.063575e+001  4.508712e+001
    endloop
  endfacet
  facet normal  -0.000000e+000 -9.967424e-002 -9.950201e-001
    outer loop
      vertex -1.250000e+001 -2.004070e+001  4.502751e+001
      vertex -4.500000e+000 -2.063575e+001  4.508712e+001
      vertex -1.250000e+001 -2.063575e+001  4.508712e+001
    endloop
  endfacet
  facet normal  -0.000000e+000 -9.876884e-001 -1.564341e-001
    outer loop
      vertex -1.250000e+001 -1.350000e+001  5.250000e+001
      vertex -4.500000e+000 -1.357341e+001  5.296352e+001
      vertex -1.250000e+001 -1.357341e+001  5.296352e+001
    endloop
  endfacet
  facet normal  0.000000e+000 -8.910079e-001 -4.539879e-001
    outer loop
      vertex -1.250000e+001 -1.357341e+001  5.296352e+001
      vertex -4.500000e+000 -1.357341e+001  5.296352e+001
      vertex -4.500000e+000 -1.378647e+001  5.338168e+001
    endloop
  endfacet
  facet normal  -0.000000e+000 -8.910079e-001 -4.539879e-001
    outer loop
      vertex -1.250000e+001 -1.357341e+001  5.296352e+001
      vertex -4.500000e+000 -1.378647e+001  5.338168e+001
      vertex -1.250000e+001 -1.378647e+001  5.338168e+001
    endloop
  endfacet
  facet normal  0.000000e+000 -7.071027e-001 -7.071108e-001
    outer loop
      vertex -1.250000e+001 -1.378647e+001  5.338168e+001
      vertex -4.500000e+000 -1.378647e+001  5.338168e+001
      vertex -4.500000e+000 -1.411832e+001  5.371352e+001
    endloop
  endfacet
  facet normal  -0.000000e+000 -7.071027e-001 -7.071108e-001
    outer loop
      vertex -1.250000e+001 -1.378647e+001  5.338168e+001
      vertex -4.500000e+000 -1.411832e+001  5.371352e+001
      vertex -1.250000e+001 -1.411832e+001  5.371352e+001
    endloop
  endfacet
  facet normal  0.000000e+000 -4.539960e-001 -8.910037e-001
    outer loop
      vertex -1.250000e+001 -1.411832e+001  5.371352e+001
      vertex -4.500000e+000 -1.411832e+001  5.371352e+001
      vertex -4.500000e+000 -1.453647e+001  5.392659e+001
    endloop
  endfacet
  facet normal  -0.000000e+000 -4.539960e-001 -8.910037e-001
    outer loop
      vertex -1.250000e+001 -1.411832e+001  5.371352e+001
      vertex -4.500000e+000 -1.453647e+001  5.392659e+001
      vertex -1.250000e+001 -1.453647e+001  5.392659e+001
    endloop
  endfacet
  facet normal  0.000000e+000 -1.564315e-001 -9.876888e-001
    outer loop
      vertex -1.250000e+001 -1.453647e+001  5.392659e+001
      vertex -4.500000e+000 -1.453647e+001  5.392659e+001
      vertex -4.500000e+000 -1.500000e+001  5.400000e+001
    endloop
  endfacet
  facet normal  -0.000000e+000 -1.564315e-001 -9.876888e-001
    outer loop
      vertex -1.250000e+001 -1.453647e+001  5.392659e+001
      vertex -4.500000e+000 -1.500000e+001  5.400000e+001
      vertex -1.250000e+001 -1.500000e+001  5.400000e+001
    endloop
  endfacet
  facet normal  0.000000e+000 -9.876884e-001 -1.564341e-001
    outer loop
      vertex -4.500000e+000 -1.357341e+001  5.296352e+001
      vertex -1.250000e+001 -1.350000e+001  5.250000e+001
      vertex -4.500000e+000 -1.350000e+001  5.250000e+001
    endloop
  endfacet
  facet normal  0.000000e+000 -9.876884e-001  1.564341e-001
    outer loop
      vertex -4.500000e+000 -1.350000e+001  5.250000e+001
      vertex -1.250000e+001 -1.350000e+001  5.250000e+001
      vertex -1.250000e+001 -1.357341e+001  5.203648e+001
    endloop
  endfacet
  facet normal  0.000000e+000 -9.876884e-001  1.564341e-001
    outer loop
      vertex -4.500000e+000 -1.350000e+001  5.250000e+001
      vertex -1.250000e+001 -1.357341e+001  5.203648e+001
      vertex -4.500000e+000 -1.357341e+001  5.203648e+001
    endloop
  endfacet
  facet normal  0.000000e+000 -8.910079e-001  4.539879e-001
    outer loop
      vertex -4.500000e+000 -1.357341e+001  5.203648e+001
      vertex -1.250000e+001 -1.357341e+001  5.203648e+001
      vertex -1.250000e+001 -1.378647e+001  5.161832e+001
    endloop
  endfacet
  facet normal  0.000000e+000 -8.910079e-001  4.539879e-001
    outer loop
      vertex -4.500000e+000 -1.357341e+001  5.203648e+001
      vertex -1.250000e+001 -1.378647e+001  5.161832e+001
      vertex -4.500000e+000 -1.378647e+001  5.161832e+001
    endloop
  endfacet
  facet normal  0.000000e+000 -7.071027e-001  7.071108e-001
    outer loop
      vertex -4.500000e+000 -1.378647e+001  5.161832e+001
      vertex -1.250000e+001 -1.378647e+001  5.161832e+001
      vertex -1.250000e+001 -1.411832e+001  5.128648e+001
    endloop
  endfacet
  facet normal  0.000000e+000 -7.071027e-001  7.071108e-001
    outer loop
      vertex -4.500000e+000 -1.378647e+001  5.161832e+001
      vertex -1.250000e+001 -1.411832e+001  5.128648e+001
      vertex -4.500000e+000 -1.411832e+001  5.128648e+001
    endloop
  endfacet
  facet normal  0.000000e+000 -4.539960e-001  8.910037e-001
    outer loop
      vertex -4.500000e+000 -1.411832e+001  5.128648e+001
      vertex -1.250000e+001 -1.411832e+001  5.128648e+001
      vertex -1.250000e+001 -1.453647e+001  5.107341e+001
    endloop
  endfacet
  facet normal  0.000000e+000 -4.539960e-001  8.910037e-001
    outer loop
      vertex -4.500000e+000 -1.411832e+001  5.128648e+001
      vertex -1.250000e+001 -1.453647e+001  5.107341e+001
      vertex -4.500000e+000 -1.453647e+001  5.107341e+001
    endloop
  endfacet
  facet normal  0.000000e+000 -1.564315e-001  9.876888e-001
    outer loop
      vertex -4.500000e+000 -1.453647e+001  5.107341e+001
      vertex -1.250000e+001 -1.453647e+001  5.107341e+001
      vertex -1.250000e+001 -1.500000e+001  5.100000e+001
    endloop
  endfacet
  facet normal  0.000000e+000 -1.564315e-001  9.876888e-001
    outer loop
      vertex -4.500000e+000 -1.453647e+001  5.107341e+001
      vertex -1.250000e+001 -1.500000e+001  5.100000e+001
      vertex -4.500000e+000 -1.500000e+001  5.100000e+001
    endloop
  endfacet
  facet normal  2.298386e-003  4.539948e-001  8.910013e-001
    outer loop
      vertex -1.250000e+001 -1.588168e+001  5.128648e+001
      vertex -4.500000e+000 -1.569470e+001  5.117057e+001
      vertex -1.250000e+001 -1.546353e+001  5.107341e+001
    endloop
  endfacet
  facet normal -1.291451e-003  5.662123e-001  8.242584e-001
    outer loop
      vertex -1.250000e+001 -1.588168e+001  5.128648e+001
      vertex -4.500000e+000 -1.599165e+001  5.137456e+001
      vertex -4.500000e+000 -1.569470e+001  5.117057e+001
    endloop
  endfacet
  facet normal  1.935195e-003  7.071014e-001  7.071096e-001
    outer loop
      vertex -4.500000e+000 -1.599165e+001  5.137456e+001
      vertex -1.250000e+001 -1.588168e+001  5.128648e+001
      vertex -1.250000e+001 -1.621353e+001  5.161832e+001
    endloop
  endfacet
  facet normal -1.290647e-003  7.602559e-001  6.496223e-001
    outer loop
      vertex -1.250000e+001 -1.621353e+001  5.161832e+001
      vertex -4.500000e+000 -1.626634e+001  5.169603e+001
      vertex -4.500000e+000 -1.599165e+001  5.137456e+001
    endloop
  endfacet
  facet normal  1.472834e-003  8.910077e-001  4.539858e-001
    outer loop
      vertex -4.500000e+000 -1.626634e+001  5.169603e+001
      vertex -1.250000e+001 -1.621353e+001  5.161832e+001
      vertex -1.250000e+001 -1.642658e+001  5.203648e+001
    endloop
  endfacet
  facet normal -7.365001e-004  9.113451e-001  4.116426e-001
    outer loop
      vertex -1.250000e+001 -1.642658e+001  5.203648e+001
      vertex -4.500000e+000 -1.644040e+001  5.208138e+001
      vertex -4.500000e+000 -1.626634e+001  5.169603e+001
    endloop
  endfacet
  facet normal -1.472834e-003  8.910077e-001 -4.539858e-001
    outer loop
      vertex -1.250000e+001 -1.626634e+001  5.330397e+001
      vertex -4.500000e+000 -1.621353e+001  5.338168e+001
      vertex -4.500000e+000 -1.642658e+001  5.296352e+001
    endloop
  endfacet
  facet normal  1.290647e-003  7.602559e-001 -6.496223e-001
    outer loop
      vertex -4.500000e+000 -1.621353e+001  5.338168e+001
      vertex -1.250000e+001 -1.626634e+001  5.330397e+001
      vertex -1.250000e+001 -1.599165e+001  5.362544e+001
    endloop
  endfacet
  facet normal -1.935195e-003  7.071014e-001 -7.071096e-001
    outer loop
      vertex -1.250000e+001 -1.599165e+001  5.362544e+001
      vertex -4.500000e+000 -1.588168e+001  5.371352e+001
      vertex -4.500000e+000 -1.621353e+001  5.338168e+001
    endloop
  endfacet
  facet normal  1.291451e-003  5.662123e-001 -8.242584e-001
    outer loop
      vertex -4.500000e+000 -1.588168e+001  5.371352e+001
      vertex -1.250000e+001 -1.599165e+001  5.362544e+001
      vertex -1.250000e+001 -1.569470e+001  5.382943e+001
    endloop
  endfacet
  facet normal -2.298386e-003  4.539948e-001 -8.910013e-001
    outer loop
      vertex -1.250000e+001 -1.569470e+001  5.382943e+001
      vertex -4.500000e+000 -1.546353e+001  5.392659e+001
      vertex -4.500000e+000 -1.588168e+001  5.371352e+001
    endloop
  endfacet
  facet normal -1.150321e-003  3.533452e-001  9.354923e-001
    outer loop
      vertex -4.500000e+000 -1.569470e+001  5.117057e+001
      vertex -4.500000e+000 -1.535767e+001  5.104327e+001
      vertex -1.250000e+001 -1.546353e+001  5.107341e+001
    endloop
  endfacet
  facet normal  2.152021e-003  1.200930e-001  9.927603e-001
    outer loop
      vertex -1.250000e+001 -1.546353e+001  5.107341e+001
      vertex -4.500000e+000 -1.535767e+001  5.104327e+001
      vertex -4.500000e+000 -1.500000e+001  5.100000e+001
    endloop
  endfacet
  facet normal  0.000000e+000  1.564315e-001  9.876888e-001
    outer loop
      vertex -1.250000e+001 -1.546353e+001  5.107341e+001
      vertex -4.500000e+000 -1.500000e+001  5.100000e+001
      vertex -1.250000e+001 -1.500000e+001  5.100000e+001
    endloop
  endfacet
  facet normal  7.365001e-004  9.113451e-001 -4.116426e-001
    outer loop
      vertex -1.250000e+001 -1.626634e+001  5.330397e+001
      vertex -4.500000e+000 -1.642658e+001  5.296352e+001
      vertex -1.250000e+001 -1.644040e+001  5.291862e+001
    endloop
  endfacet
  facet normal -8.277874e-004  9.876877e-001 -1.564360e-001
    outer loop
      vertex -1.250000e+001 -1.644040e+001  5.291862e+001
      vertex -4.500000e+000 -1.642658e+001  5.296352e+001
      vertex -4.500000e+000 -1.650000e+001  5.250000e+001
    endloop
  endfacet
  facet normal  0.000000e+000  9.900169e-001 -1.409483e-001
    outer loop
      vertex -1.250000e+001 -1.644040e+001  5.291862e+001
      vertex -4.500000e+000 -1.650000e+001  5.250000e+001
      vertex -1.250000e+001 -1.650000e+001  5.250000e+001
    endloop
  endfacet
  facet normal  -0.000000e+000  9.900169e-001  1.409483e-001
    outer loop
      vertex -1.250000e+001 -1.650000e+001  5.250000e+001
      vertex -4.500000e+000 -1.650000e+001  5.250000e+001
      vertex -4.500000e+000 -1.644040e+001  5.208138e+001
    endloop
  endfacet
  facet normal  8.277874e-004  9.876877e-001  1.564360e-001
    outer loop
      vertex -1.250000e+001 -1.650000e+001  5.250000e+001
      vertex -4.500000e+000 -1.644040e+001  5.208138e+001
      vertex -1.250000e+001 -1.642658e+001  5.203648e+001
    endloop
  endfacet
  facet normal  1.150321e-003  3.533452e-001 -9.354923e-001
    outer loop
      vertex -1.250000e+001 -1.569470e+001  5.382943e+001
      vertex -1.250000e+001 -1.535767e+001  5.395673e+001
      vertex -4.500000e+000 -1.546353e+001  5.392659e+001
    endloop
  endfacet
  facet normal -2.152021e-003  1.200930e-001 -9.927603e-001
    outer loop
      vertex -4.500000e+000 -1.546353e+001  5.392659e+001
      vertex -1.250000e+001 -1.535767e+001  5.395673e+001
      vertex -1.250000e+001 -1.500000e+001  5.400000e+001
    endloop
  endfacet
  facet normal  0.000000e+000  1.564315e-001 -9.876888e-001
    outer loop
      vertex -4.500000e+000 -1.546353e+001  5.392659e+001
      vertex -1.250000e+001 -1.500000e+001  5.400000e+001
      vertex -4.500000e+000 -1.500000e+001  5.400000e+001
    endloop
  endfacet
  facet normal  0.000000e+000  4.535566e-001  8.912275e-001
    outer loop
      vertex -4.000000e+000  1.423164e+001  3.262144e+001
      vertex  4.000000e+000  1.490192e+001  3.228033e+001
      vertex -4.000000e+000  1.490192e+001  3.228033e+001
    endloop
  endfacet
  facet normal  -0.000000e+000  2.787161e-001  9.603736e-001
    outer loop
      vertex -4.000000e+000  1.490192e+001  3.228033e+001
      vertex  4.000000e+000  1.490192e+001  3.228033e+001
      vertex  4.000000e+000  1.562422e+001  3.207071e+001
    endloop
  endfacet
  facet normal  0.000000e+000  2.787161e-001  9.603736e-001
    outer loop
      vertex -4.000000e+000  1.490192e+001  3.228033e+001
      vertex  4.000000e+000  1.562422e+001  3.207071e+001
      vertex -4.000000e+000  1.562422e+001  3.207071e+001
    endloop
  endfacet
  facet normal  -0.000000e+000  9.401093e-002  9.955711e-001
    outer loop
      vertex -4.000000e+000  1.562422e+001  3.207071e+001
      vertex  4.000000e+000  1.562422e+001  3.207071e+001
      vertex  4.000000e+000  1.637298e+001  3.200000e+001
    endloop
  endfacet
  facet normal  0.000000e+000  9.401093e-002  9.955711e-001
    outer loop
      vertex -4.000000e+000  1.562422e+001  3.207071e+001
      vertex  4.000000e+000  1.637298e+001  3.200000e+001
      vertex -4.000000e+000  1.637298e+001  3.200000e+001
    endloop
  endfacet
  facet normal  -0.000000e+000  4.535566e-001  8.912275e-001
    outer loop
      vertex  4.000000e+000  1.490192e+001  3.228033e+001
      vertex -4.000000e+000  1.423164e+001  3.262144e+001
      vertex  4.000000e+000  1.423164e+001  3.262144e+001
    endloop
  endfacet
  facet normal  0.000000e+000  6.123722e-001  7.905695e-001
    outer loop
      vertex  4.000000e+000  1.423164e+001  3.262144e+001
      vertex -4.000000e+000  1.423164e+001  3.262144e+001
      vertex -4.000000e+000  1.363705e+001  3.308201e+001
    endloop
  endfacet
  facet normal  -0.000000e+000  6.123722e-001  7.905695e-001
    outer loop
      vertex  4.000000e+000  1.423164e+001  3.262144e+001
      vertex -4.000000e+000  1.363705e+001  3.308201e+001
      vertex  4.000000e+000  1.363705e+001  3.308201e+001
    endloop
  endfacet
  facet normal  0.000000e+000  7.495364e-001  6.619632e-001
    outer loop
      vertex  4.000000e+000  1.363705e+001  3.308201e+001
      vertex -4.000000e+000  1.363705e+001  3.308201e+001
      vertex -4.000000e+000  1.313919e+001  3.364573e+001
    endloop
  endfacet
  facet normal  -0.000000e+000  7.495364e-001  6.619632e-001
    outer loop
      vertex  4.000000e+000  1.363705e+001  3.308201e+001
      vertex -4.000000e+000  1.313919e+001  3.364573e+001
      vertex  4.000000e+000  1.313919e+001  3.364573e+001
    endloop
  endfacet
  facet normal  0.000000e+000  8.602003e-001  5.099564e-001
    outer loop
      vertex  4.000000e+000  1.313919e+001  3.364573e+001
      vertex -4.000000e+000  1.313919e+001  3.364573e+001
      vertex -4.000000e+000  1.275565e+001  3.429269e+001
    endloop
  endfacet
  facet normal  -0.000000e+000  8.602003e-001  5.099564e-001
    outer loop
      vertex  4.000000e+000  1.313919e+001  3.364573e+001
      vertex -4.000000e+000  1.275565e+001  3.429269e+001
      vertex  4.000000e+000  1.275565e+001  3.429269e+001
    endloop
  endfacet
  facet normal  0.000000e+000  9.404547e-001  3.399193e-001
    outer loop
      vertex  4.000000e+000  1.275565e+001  3.429269e+001
      vertex -4.000000e+000  1.275565e+001  3.429269e+001
      vertex -4.000000e+000  1.250000e+001  3.500000e+001
    endloop
  endfacet
  facet normal  -0.000000e+000  9.404547e-001  3.399193e-001
    outer loop
      vertex  4.000000e+000  1.275565e+001  3.429269e+001
      vertex -4.000000e+000  1.250000e+001  3.500000e+001
      vertex  4.000000e+000  1.250000e+001  3.500000e+001
    endloop
  endfacet
  facet normal  4.535566e-001  -0.000000e+000  8.912275e-001
    outer loop
      vertex  1.423164e+001  4.000000e+000  3.262144e+001
      vertex  1.490192e+001 -4.000000e+000  3.228033e+001
      vertex  1.490192e+001  4.000000e+000  3.228033e+001
    endloop
  endfacet
  facet normal  2.787161e-001  0.000000e+000  9.603736e-001
    outer loop
      vertex  1.490192e+001  4.000000e+000  3.228033e+001
      vertex  1.490192e+001 -4.000000e+000  3.228033e+001
      vertex  1.562422e+001 -4.000000e+000  3.207071e+001
    endloop
  endfacet
  facet normal  2.787161e-001  -0.000000e+000  9.603736e-001
    outer loop
      vertex  1.490192e+001  4.000000e+000  3.228033e+001
      vertex  1.562422e+001 -4.000000e+000  3.207071e+001
      vertex  1.562422e+001  4.000000e+000  3.207071e+001
    endloop
  endfacet
  facet normal  9.401093e-002  0.000000e+000  9.955711e-001
    outer loop
      vertex  1.562422e+001  4.000000e+000  3.207071e+001
      vertex  1.562422e+001 -4.000000e+000  3.207071e+001
      vertex  1.637298e+001 -4.000000e+000  3.200000e+001
    endloop
  endfacet
  facet normal  9.401093e-002  -0.000000e+000  9.955711e-001
    outer loop
      vertex  1.562422e+001  4.000000e+000  3.207071e+001
      vertex  1.637298e+001 -4.000000e+000  3.200000e+001
      vertex  1.637298e+001  4.000000e+000  3.200000e+001
    endloop
  endfacet
  facet normal  4.535566e-001  0.000000e+000  8.912275e-001
    outer loop
      vertex  1.490192e+001 -4.000000e+000  3.228033e+001
      vertex  1.423164e+001  4.000000e+000  3.262144e+001
      vertex  1.423164e+001 -4.000000e+000  3.262144e+001
    endloop
  endfacet
  facet normal  6.123722e-001  -0.000000e+000  7.905695e-001
    outer loop
      vertex  1.423164e+001 -4.000000e+000  3.262144e+001
      vertex  1.423164e+001  4.000000e+000  3.262144e+001
      vertex  1.363705e+001  4.000000e+000  3.308201e+001
    endloop
  endfacet
  facet normal  6.123722e-001  0.000000e+000  7.905695e-001
    outer loop
      vertex  1.423164e+001 -4.000000e+000  3.262144e+001
      vertex  1.363705e+001  4.000000e+000  3.308201e+001
      vertex  1.363705e+001 -4.000000e+000  3.308201e+001
    endloop
  endfacet
  facet normal  7.495364e-001  -0.000000e+000  6.619632e-001
    outer loop
      vertex  1.363705e+001 -4.000000e+000  3.308201e+001
      vertex  1.363705e+001  4.000000e+000  3.308201e+001
      vertex  1.313919e+001  4.000000e+000  3.364573e+001
    endloop
  endfacet
  facet normal  7.495364e-001  0.000000e+000  6.619632e-001
    outer loop
      vertex  1.363705e+001 -4.000000e+000  3.308201e+001
      vertex  1.313919e+001  4.000000e+000  3.364573e+001
      vertex  1.313919e+001 -4.000000e+000  3.364573e+001
    endloop
  endfacet
  facet normal  8.602003e-001  -0.000000e+000  5.099564e-001
    outer loop
      vertex  1.313919e+001 -4.000000e+000  3.364573e+001
      vertex  1.313919e+001  4.000000e+000  3.364573e+001
      vertex  1.275565e+001  4.000000e+000  3.429269e+001
    endloop
  endfacet
  facet normal  8.602003e-001  0.000000e+000  5.099564e-001
    outer loop
      vertex  1.313919e+001 -4.000000e+000  3.364573e+001
      vertex  1.275565e+001  4.000000e+000  3.429269e+001
      vertex  1.275565e+001 -4.000000e+000  3.429269e+001
    endloop
  endfacet
  facet normal  9.404547e-001  -0.000000e+000  3.399193e-001
    outer loop
      vertex  1.275565e+001 -4.000000e+000  3.429269e+001
      vertex  1.275565e+001  4.000000e+000  3.429269e+001
      vertex  1.250000e+001  4.000000e+000  3.500000e+001
    endloop
  endfacet
  facet normal  9.404547e-001  0.000000e+000  3.399193e-001
    outer loop
      vertex  1.275565e+001 -4.000000e+000  3.429269e+001
      vertex  1.250000e+001  4.000000e+000  3.500000e+001
      vertex  1.250000e+001 -4.000000e+000  3.500000e+001
    endloop
  endfacet
  facet normal -1.564337e-001  -0.000000e+000 -9.876885e-001
    outer loop
      vertex -1.750000e+001 -4.000000e+000  2.752500e+001
      vertex -1.702875e+001  4.000000e+000  2.745036e+001
      vertex -1.702875e+001 -4.000000e+000  2.745036e+001
    endloop
  endfacet
  facet normal -4.539902e-001  0.000000e+000 -8.910067e-001
    outer loop
      vertex -1.702875e+001 -4.000000e+000  2.745036e+001
      vertex -1.702875e+001  4.000000e+000  2.745036e+001
      vertex -1.660363e+001  4.000000e+000  2.723375e+001
    endloop
  endfacet
  facet normal -4.539902e-001  -0.000000e+000 -8.910067e-001
    outer loop
      vertex -1.702875e+001 -4.000000e+000  2.745036e+001
      vertex -1.660363e+001  4.000000e+000  2.723375e+001
      vertex -1.660363e+001 -4.000000e+000  2.723375e+001
    endloop
  endfacet
  facet normal -7.071068e-001  0.000000e+000 -7.071068e-001
    outer loop
      vertex -1.660363e+001 -4.000000e+000  2.723375e+001
      vertex -1.660363e+001  4.000000e+000  2.723375e+001
      vertex -1.626625e+001  4.000000e+000  2.689637e+001
    endloop
  endfacet
  facet normal -7.071068e-001  -0.000000e+000 -7.071068e-001
    outer loop
      vertex -1.660363e+001 -4.000000e+000  2.723375e+001
      vertex -1.626625e+001  4.000000e+000  2.689637e+001
      vertex -1.626625e+001 -4.000000e+000  2.689637e+001
    endloop
  endfacet
  facet normal -8.910067e-001  0.000000e+000 -4.539902e-001
    outer loop
      vertex -1.626625e+001 -4.000000e+000  2.689637e+001
      vertex -1.626625e+001  4.000000e+000  2.689637e+001
      vertex -1.604964e+001  4.000000e+000  2.647125e+001
    endloop
  endfacet
  facet normal -8.910067e-001  -0.000000e+000 -4.539902e-001
    outer loop
      vertex -1.626625e+001 -4.000000e+000  2.689637e+001
      vertex -1.604964e+001  4.000000e+000  2.647125e+001
      vertex -1.604964e+001 -4.000000e+000  2.647125e+001
    endloop
  endfacet
  facet normal -9.876885e-001  0.000000e+000 -1.564337e-001
    outer loop
      vertex -1.604964e+001 -4.000000e+000  2.647125e+001
      vertex -1.604964e+001  4.000000e+000  2.647125e+001
      vertex -1.597500e+001  4.000000e+000  2.600000e+001
    endloop
  endfacet
  facet normal -9.876885e-001  -0.000000e+000 -1.564337e-001
    outer loop
      vertex -1.604964e+001 -4.000000e+000  2.647125e+001
      vertex -1.597500e+001  4.000000e+000  2.600000e+001
      vertex -1.597500e+001 -4.000000e+000  2.600000e+001
    endloop
  endfacet
  facet normal -1.564337e-001  0.000000e+000 -9.876885e-001
    outer loop
      vertex -1.702875e+001  4.000000e+000  2.745036e+001
      vertex -1.750000e+001 -4.000000e+000  2.752500e+001
      vertex -1.750000e+001  4.000000e+000  2.752500e+001
    endloop
  endfacet
  facet normal  1.564337e-001  0.000000e+000 -9.876885e-001
    outer loop
      vertex -1.750000e+001  4.000000e+000  2.752500e+001
      vertex -1.750000e+001 -4.000000e+000  2.752500e+001
      vertex -1.797125e+001 -4.000000e+000  2.745036e+001
    endloop
  endfacet
  facet normal  1.564337e-001  0.000000e+000 -9.876885e-001
    outer loop
      vertex -1.750000e+001  4.000000e+000  2.752500e+001
      vertex -1.797125e+001 -4.000000e+000  2.745036e+001
      vertex -1.797125e+001  4.000000e+000  2.745036e+001
    endloop
  endfacet
  facet normal  4.539902e-001  0.000000e+000 -8.910067e-001
    outer loop
      vertex -1.797125e+001  4.000000e+000  2.745036e+001
      vertex -1.797125e+001 -4.000000e+000  2.745036e+001
      vertex -1.839637e+001 -4.000000e+000  2.723375e+001
    endloop
  endfacet
  facet normal  4.539902e-001  0.000000e+000 -8.910067e-001
    outer loop
      vertex -1.797125e+001  4.000000e+000  2.745036e+001
      vertex -1.839637e+001 -4.000000e+000  2.723375e+001
      vertex -1.839637e+001  4.000000e+000  2.723375e+001
    endloop
  endfacet
  facet normal  7.071068e-001  0.000000e+000 -7.071068e-001
    outer loop
      vertex -1.839637e+001  4.000000e+000  2.723375e+001
      vertex -1.839637e+001 -4.000000e+000  2.723375e+001
      vertex -1.873375e+001 -4.000000e+000  2.689637e+001
    endloop
  endfacet
  facet normal  7.071068e-001  0.000000e+000 -7.071068e-001
    outer loop
      vertex -1.839637e+001  4.000000e+000  2.723375e+001
      vertex -1.873375e+001 -4.000000e+000  2.689637e+001
      vertex -1.873375e+001  4.000000e+000  2.689637e+001
    endloop
  endfacet
  facet normal  8.910067e-001  0.000000e+000 -4.539902e-001
    outer loop
      vertex -1.873375e+001  4.000000e+000  2.689637e+001
      vertex -1.873375e+001 -4.000000e+000  2.689637e+001
      vertex -1.895036e+001 -4.000000e+000  2.647125e+001
    endloop
  endfacet
  facet normal  8.910067e-001  0.000000e+000 -4.539902e-001
    outer loop
      vertex -1.873375e+001  4.000000e+000  2.689637e+001
      vertex -1.895036e+001 -4.000000e+000  2.647125e+001
      vertex -1.895036e+001  4.000000e+000  2.647125e+001
    endloop
  endfacet
  facet normal  9.876885e-001  0.000000e+000 -1.564337e-001
    outer loop
      vertex -1.895036e+001  4.000000e+000  2.647125e+001
      vertex -1.895036e+001 -4.000000e+000  2.647125e+001
      vertex -1.902500e+001 -4.000000e+000  2.600000e+001
    endloop
  endfacet
  facet normal  9.876885e-001  0.000000e+000 -1.564337e-001
    outer loop
      vertex -1.895036e+001  4.000000e+000  2.647125e+001
      vertex -1.902500e+001 -4.000000e+000  2.600000e+001
      vertex -1.902500e+001  4.000000e+000  2.600000e+001
    endloop
  endfacet
  facet normal  -0.000000e+000 -9.876885e-001 -1.564337e-001
    outer loop
      vertex -4.000000e+000  1.902500e+001  2.600000e+001
      vertex  4.000000e+000  1.895036e+001  2.647125e+001
      vertex -4.000000e+000  1.895036e+001  2.647125e+001
    endloop
  endfacet
  facet normal  0.000000e+000 -8.910067e-001 -4.539902e-001
    outer loop
      vertex -4.000000e+000  1.895036e+001  2.647125e+001
      vertex  4.000000e+000  1.895036e+001  2.647125e+001
      vertex  4.000000e+000  1.873375e+001  2.689637e+001
    endloop
  endfacet
  facet normal  -0.000000e+000 -8.910067e-001 -4.539902e-001
    outer loop
      vertex -4.000000e+000  1.895036e+001  2.647125e+001
      vertex  4.000000e+000  1.873375e+001  2.689637e+001
      vertex -4.000000e+000  1.873375e+001  2.689637e+001
    endloop
  endfacet
  facet normal  0.000000e+000 -7.071068e-001 -7.071068e-001
    outer loop
      vertex -4.000000e+000  1.873375e+001  2.689637e+001
      vertex  4.000000e+000  1.873375e+001  2.689637e+001
      vertex  4.000000e+000  1.839637e+001  2.723375e+001
    endloop
  endfacet
  facet normal  -0.000000e+000 -7.071068e-001 -7.071068e-001
    outer loop
      vertex -4.000000e+000  1.873375e+001  2.689637e+001
      vertex  4.000000e+000  1.839637e+001  2.723375e+001
      vertex -4.000000e+000  1.839637e+001  2.723375e+001
    endloop
  endfacet
  facet normal  0.000000e+000 -4.539902e-001 -8.910067e-001
    outer loop
      vertex -4.000000e+000  1.839637e+001  2.723375e+001
      vertex  4.000000e+000  1.839637e+001  2.723375e+001
      vertex  4.000000e+000  1.797125e+001  2.745036e+001
    endloop
  endfacet
  facet normal  -0.000000e+000 -4.539902e-001 -8.910067e-001
    outer loop
      vertex -4.000000e+000  1.839637e+001  2.723375e+001
      vertex  4.000000e+000  1.797125e+001  2.745036e+001
      vertex -4.000000e+000  1.797125e+001  2.745036e+001
    endloop
  endfacet
  facet normal  0.000000e+000 -1.564337e-001 -9.876885e-001
    outer loop
      vertex -4.000000e+000  1.797125e+001  2.745036e+001
      vertex  4.000000e+000  1.797125e+001  2.745036e+001
      vertex  4.000000e+000  1.750000e+001  2.752500e+001
    endloop
  endfacet
  facet normal  -0.000000e+000 -1.564337e-001 -9.876885e-001
    outer loop
      vertex -4.000000e+000  1.797125e+001  2.745036e+001
      vertex  4.000000e+000  1.750000e+001  2.752500e+001
      vertex -4.000000e+000  1.750000e+001  2.752500e+001
    endloop
  endfacet
  facet normal  0.000000e+000 -9.876885e-001 -1.564337e-001
    outer loop
      vertex  4.000000e+000  1.895036e+001  2.647125e+001
      vertex -4.000000e+000  1.902500e+001  2.600000e+001
      vertex  4.000000e+000  1.902500e+001  2.600000e+001
    endloop
  endfacet
  facet normal  0.000000e+000 -9.876885e-001  1.564337e-001
    outer loop
      vertex  4.000000e+000  1.902500e+001  2.600000e+001
      vertex -4.000000e+000  1.902500e+001  2.600000e+001
      vertex -4.000000e+000  1.895036e+001  2.552875e+001
    endloop
  endfacet
  facet normal  0.000000e+000 -9.876885e-001  1.564337e-001
    outer loop
      vertex  4.000000e+000  1.902500e+001  2.600000e+001
      vertex -4.000000e+000  1.895036e+001  2.552875e+001
      vertex  4.000000e+000  1.895036e+001  2.552875e+001
    endloop
  endfacet
  facet normal  0.000000e+000 -8.910067e-001  4.539902e-001
    outer loop
      vertex  4.000000e+000  1.895036e+001  2.552875e+001
      vertex -4.000000e+000  1.895036e+001  2.552875e+001
      vertex -4.000000e+000  1.873375e+001  2.510363e+001
    endloop
  endfacet
  facet normal  0.000000e+000 -8.910067e-001  4.539902e-001
    outer loop
      vertex  4.000000e+000  1.895036e+001  2.552875e+001
      vertex -4.000000e+000  1.873375e+001  2.510363e+001
      vertex  4.000000e+000  1.873375e+001  2.510363e+001
    endloop
  endfacet
  facet normal  0.000000e+000 -7.071068e-001  7.071068e-001
    outer loop
      vertex  4.000000e+000  1.873375e+001  2.510363e+001
      vertex -4.000000e+000  1.873375e+001  2.510363e+001
      vertex -4.000000e+000  1.839637e+001  2.476625e+001
    endloop
  endfacet
  facet normal  0.000000e+000 -7.071068e-001  7.071068e-001
    outer loop
      vertex  4.000000e+000  1.873375e+001  2.510363e+001
      vertex -4.000000e+000  1.839637e+001  2.476625e+001
      vertex  4.000000e+000  1.839637e+001  2.476625e+001
    endloop
  endfacet
  facet normal  0.000000e+000 -4.539902e-001  8.910067e-001
    outer loop
      vertex  4.000000e+000  1.839637e+001  2.476625e+001
      vertex -4.000000e+000  1.839637e+001  2.476625e+001
      vertex -4.000000e+000  1.797125e+001  2.454964e+001
    endloop
  endfacet
  facet normal  0.000000e+000 -4.539902e-001  8.910067e-001
    outer loop
      vertex  4.000000e+000  1.839637e+001  2.476625e+001
      vertex -4.000000e+000  1.797125e+001  2.454964e+001
      vertex  4.000000e+000  1.797125e+001  2.454964e+001
    endloop
  endfacet
  facet normal  0.000000e+000 -1.564337e-001  9.876885e-001
    outer loop
      vertex  4.000000e+000  1.797125e+001  2.454964e+001
      vertex -4.000000e+000  1.797125e+001  2.454964e+001
      vertex -4.000000e+000  1.750000e+001  2.447500e+001
    endloop
  endfacet
  facet normal  0.000000e+000 -1.564337e-001  9.876885e-001
    outer loop
      vertex  4.000000e+000  1.797125e+001  2.454964e+001
      vertex -4.000000e+000  1.750000e+001  2.447500e+001
      vertex  4.000000e+000  1.750000e+001  2.447500e+001
    endloop
  endfacet
  facet normal  1.564337e-001  0.000000e+000 -9.876885e-001
    outer loop
      vertex  1.750000e+001  4.000000e+000  2.752500e+001
      vertex  1.702875e+001 -4.000000e+000  2.745036e+001
      vertex  1.702875e+001  4.000000e+000  2.745036e+001
    endloop
  endfacet
  facet normal  4.539902e-001  0.000000e+000 -8.910067e-001
    outer loop
      vertex  1.702875e+001  4.000000e+000  2.745036e+001
      vertex  1.702875e+001 -4.000000e+000  2.745036e+001
      vertex  1.660363e+001 -4.000000e+000  2.723375e+001
    endloop
  endfacet
  facet normal  4.539902e-001  0.000000e+000 -8.910067e-001
    outer loop
      vertex  1.702875e+001  4.000000e+000  2.745036e+001
      vertex  1.660363e+001 -4.000000e+000  2.723375e+001
      vertex  1.660363e+001  4.000000e+000  2.723375e+001
    endloop
  endfacet
  facet normal  7.071068e-001  0.000000e+000 -7.071068e-001
    outer loop
      vertex  1.660363e+001  4.000000e+000  2.723375e+001
      vertex  1.660363e+001 -4.000000e+000  2.723375e+001
      vertex  1.626625e+001 -4.000000e+000  2.689637e+001
    endloop
  endfacet
  facet normal  7.071068e-001  0.000000e+000 -7.071068e-001
    outer loop
      vertex  1.660363e+001  4.000000e+000  2.723375e+001
      vertex  1.626625e+001 -4.000000e+000  2.689637e+001
      vertex  1.626625e+001  4.000000e+000  2.689637e+001
    endloop
  endfacet
  facet normal  8.910067e-001  0.000000e+000 -4.539902e-001
    outer loop
      vertex  1.626625e+001  4.000000e+000  2.689637e+001
      vertex  1.626625e+001 -4.000000e+000  2.689637e+001
      vertex  1.604964e+001 -4.000000e+000  2.647125e+001
    endloop
  endfacet
  facet normal  8.910067e-001  0.000000e+000 -4.539902e-001
    outer loop
      vertex  1.626625e+001  4.000000e+000  2.689637e+001
      vertex  1.604964e+001 -4.000000e+000  2.647125e+001
      vertex  1.604964e+001  4.000000e+000  2.647125e+001
    endloop
  endfacet
  facet normal  9.876885e-001  0.000000e+000 -1.564337e-001
    outer loop
      vertex  1.604964e+001  4.000000e+000  2.647125e+001
      vertex  1.604964e+001 -4.000000e+000  2.647125e+001
      vertex  1.597500e+001 -4.000000e+000  2.600000e+001
    endloop
  endfacet
  facet normal  9.876885e-001  0.000000e+000 -1.564337e-001
    outer loop
      vertex  1.604964e+001  4.000000e+000  2.647125e+001
      vertex  1.597500e+001 -4.000000e+000  2.600000e+001
      vertex  1.597500e+001  4.000000e+000  2.600000e+001
    endloop
  endfacet
  facet normal  1.564337e-001  0.000000e+000 -9.876885e-001
    outer loop
      vertex  1.702875e+001 -4.000000e+000  2.745036e+001
      vertex  1.750000e+001  4.000000e+000  2.752500e+001
      vertex  1.750000e+001 -4.000000e+000  2.752500e+001
    endloop
  endfacet
  facet normal -1.564337e-001  0.000000e+000 -9.876885e-001
    outer loop
      vertex  1.750000e+001 -4.000000e+000  2.752500e+001
      vertex  1.750000e+001  4.000000e+000  2.752500e+001
      vertex  1.797125e+001  4.000000e+000  2.745036e+001
    endloop
  endfacet
  facet normal -1.564337e-001  -0.000000e+000 -9.876885e-001
    outer loop
      vertex  1.750000e+001 -4.000000e+000  2.752500e+001
      vertex  1.797125e+001  4.000000e+000  2.745036e+001
      vertex  1.797125e+001 -4.000000e+000  2.745036e+001
    endloop
  endfacet
  facet normal -4.539902e-001  0.000000e+000 -8.910067e-001
    outer loop
      vertex  1.797125e+001 -4.000000e+000  2.745036e+001
      vertex  1.797125e+001  4.000000e+000  2.745036e+001
      vertex  1.839637e+001  4.000000e+000  2.723375e+001
    endloop
  endfacet
  facet normal -4.539902e-001  -0.000000e+000 -8.910067e-001
    outer loop
      vertex  1.797125e+001 -4.000000e+000  2.745036e+001
      vertex  1.839637e+001  4.000000e+000  2.723375e+001
      vertex  1.839637e+001 -4.000000e+000  2.723375e+001
    endloop
  endfacet
  facet normal -7.071068e-001  0.000000e+000 -7.071068e-001
    outer loop
      vertex  1.839637e+001 -4.000000e+000  2.723375e+001
      vertex  1.839637e+001  4.000000e+000  2.723375e+001
      vertex  1.873375e+001  4.000000e+000  2.689637e+001
    endloop
  endfacet
  facet normal -7.071068e-001  -0.000000e+000 -7.071068e-001
    outer loop
      vertex  1.839637e+001 -4.000000e+000  2.723375e+001
      vertex  1.873375e+001  4.000000e+000  2.689637e+001
      vertex  1.873375e+001 -4.000000e+000  2.689637e+001
    endloop
  endfacet
  facet normal -8.910067e-001  0.000000e+000 -4.539902e-001
    outer loop
      vertex  1.873375e+001 -4.000000e+000  2.689637e+001
      vertex  1.873375e+001  4.000000e+000  2.689637e+001
      vertex  1.895036e+001  4.000000e+000  2.647125e+001
    endloop
  endfacet
  facet normal -8.910067e-001  -0.000000e+000 -4.539902e-001
    outer loop
      vertex  1.873375e+001 -4.000000e+000  2.689637e+001
      vertex  1.895036e+001  4.000000e+000  2.647125e+001
      vertex  1.895036e+001 -4.000000e+000  2.647125e+001
    endloop
  endfacet
  facet normal -9.876885e-001  0.000000e+000 -1.564337e-001
    outer loop
      vertex  1.895036e+001 -4.000000e+000  2.647125e+001
      vertex  1.895036e+001  4.000000e+000  2.647125e+001
      vertex  1.902500e+001  4.000000e+000  2.600000e+001
    endloop
  endfacet
  facet normal -9.876885e-001  -0.000000e+000 -1.564337e-001
    outer loop
      vertex  1.895036e+001 -4.000000e+000  2.647125e+001
      vertex  1.902500e+001  4.000000e+000  2.600000e+001
      vertex  1.902500e+001 -4.000000e+000  2.600000e+001
    endloop
  endfacet
  facet normal  0.000000e+000  0.000000e+000  1.000000e+000
    outer loop
      vertex -1.637298e+001 -4.000000e+000  3.200000e+001
      vertex -1.637298e+001  4.000000e+000  3.200000e+001
      vertex -1.650000e+001 -4.000000e+000  3.200000e+001
    endloop
  endfacet
  facet normal  0.000000e+000  0.000000e+000  1.000000e+000
    outer loop
      vertex -1.650000e+001 -4.000000e+000  3.200000e+001
      vertex -1.637298e+001  4.000000e+000  3.200000e+001
      vertex -1.650000e+001  4.000000e+000  3.200000e+001
    endloop
  endfacet
  facet normal  0.000000e+000  0.000000e+000  1.000000e+000
    outer loop
      vertex  4.000000e+000  1.637298e+001  3.200000e+001
      vertex  4.000000e+000  1.650000e+001  3.200000e+001
      vertex -4.000000e+000  1.637298e+001  3.200000e+001
    endloop
  endfacet
  facet normal  0.000000e+000  0.000000e+000  1.000000e+000
    outer loop
      vertex -4.000000e+000  1.637298e+001  3.200000e+001
      vertex  4.000000e+000  1.650000e+001  3.200000e+001
      vertex -4.000000e+000  1.650000e+001  3.200000e+001
    endloop
  endfacet
  facet normal  0.000000e+000  0.000000e+000  1.000000e+000
    outer loop
      vertex  1.650000e+001 -4.000000e+000  3.200000e+001
      vertex  1.650000e+001  4.000000e+000  3.200000e+001
      vertex  1.637298e+001 -4.000000e+000  3.200000e+001
    endloop
  endfacet
  facet normal  0.000000e+000  0.000000e+000  1.000000e+000
    outer loop
      vertex  1.637298e+001 -4.000000e+000  3.200000e+001
      vertex  1.650000e+001  4.000000e+000  3.200000e+001
      vertex  1.637298e+001  4.000000e+000  3.200000e+001
    endloop
  endfacet
  facet normal  0.000000e+000 -9.876885e-001  1.564337e-001
    outer loop
      vertex  4.000000e+000 -1.597500e+001  2.600000e+001
      vertex -4.000000e+000 -1.604964e+001  2.552875e+001
      vertex  4.000000e+000 -1.604964e+001  2.552875e+001
    endloop
  endfacet
  facet normal  0.000000e+000 -8.910067e-001  4.539902e-001
    outer loop
      vertex  4.000000e+000 -1.604964e+001  2.552875e+001
      vertex -4.000000e+000 -1.604964e+001  2.552875e+001
      vertex -4.000000e+000 -1.626625e+001  2.510363e+001
    endloop
  endfacet
  facet normal  0.000000e+000 -8.910067e-001  4.539902e-001
    outer loop
      vertex  4.000000e+000 -1.604964e+001  2.552875e+001
      vertex -4.000000e+000 -1.626625e+001  2.510363e+001
      vertex  4.000000e+000 -1.626625e+001  2.510363e+001
    endloop
  endfacet
  facet normal  0.000000e+000 -7.071068e-001  7.071068e-001
    outer loop
      vertex  4.000000e+000 -1.626625e+001  2.510363e+001
      vertex -4.000000e+000 -1.626625e+001  2.510363e+001
      vertex -4.000000e+000 -1.660363e+001  2.476625e+001
    endloop
  endfacet
  facet normal  0.000000e+000 -7.071068e-001  7.071068e-001
    outer loop
      vertex  4.000000e+000 -1.626625e+001  2.510363e+001
      vertex -4.000000e+000 -1.660363e+001  2.476625e+001
      vertex  4.000000e+000 -1.660363e+001  2.476625e+001
    endloop
  endfacet
  facet normal  0.000000e+000 -4.539902e-001  8.910067e-001
    outer loop
      vertex  4.000000e+000 -1.660363e+001  2.476625e+001
      vertex -4.000000e+000 -1.660363e+001  2.476625e+001
      vertex -4.000000e+000 -1.702875e+001  2.454964e+001
    endloop
  endfacet
  facet normal  0.000000e+000 -4.539902e-001  8.910067e-001
    outer loop
      vertex  4.000000e+000 -1.660363e+001  2.476625e+001
      vertex -4.000000e+000 -1.702875e+001  2.454964e+001
      vertex  4.000000e+000 -1.702875e+001  2.454964e+001
    endloop
  endfacet
  facet normal  0.000000e+000 -1.564337e-001  9.876885e-001
    outer loop
      vertex  4.000000e+000 -1.702875e+001  2.454964e+001
      vertex -4.000000e+000 -1.702875e+001  2.454964e+001
      vertex -4.000000e+000 -1.750000e+001  2.447500e+001
    endloop
  endfacet
  facet normal  0.000000e+000 -1.564337e-001  9.876885e-001
    outer loop
      vertex  4.000000e+000 -1.702875e+001  2.454964e+001
      vertex -4.000000e+000 -1.750000e+001  2.447500e+001
      vertex  4.000000e+000 -1.750000e+001  2.447500e+001
    endloop
  endfacet
  facet normal  0.000000e+000 -9.876885e-001  1.564337e-001
    outer loop
      vertex -4.000000e+000 -1.604964e+001  2.552875e+001
      vertex  4.000000e+000 -1.597500e+001  2.600000e+001
      vertex -4.000000e+000 -1.597500e+001  2.600000e+001
    endloop
  endfacet
  facet normal  0.000000e+000 -9.876885e-001 -1.564337e-001
    outer loop
      vertex -4.000000e+000 -1.597500e+001  2.600000e+001
      vertex  4.000000e+000 -1.597500e+001  2.600000e+001
      vertex  4.000000e+000 -1.604964e+001  2.647125e+001
    endloop
  endfacet
  facet normal  -0.000000e+000 -9.876885e-001 -1.564337e-001
    outer loop
      vertex -4.000000e+000 -1.597500e+001  2.600000e+001
      vertex  4.000000e+000 -1.604964e+001  2.647125e+001
      vertex -4.000000e+000 -1.604964e+001  2.647125e+001
    endloop
  endfacet
  facet normal  0.000000e+000 -8.910067e-001 -4.539902e-001
    outer loop
      vertex -4.000000e+000 -1.604964e+001  2.647125e+001
      vertex  4.000000e+000 -1.604964e+001  2.647125e+001
      vertex  4.000000e+000 -1.626625e+001  2.689637e+001
    endloop
  endfacet
  facet normal  -0.000000e+000 -8.910067e-001 -4.539902e-001
    outer loop
      vertex -4.000000e+000 -1.604964e+001  2.647125e+001
      vertex  4.000000e+000 -1.626625e+001  2.689637e+001
      vertex -4.000000e+000 -1.626625e+001  2.689637e+001
    endloop
  endfacet
  facet normal  0.000000e+000 -7.071068e-001 -7.071068e-001
    outer loop
      vertex -4.000000e+000 -1.626625e+001  2.689637e+001
      vertex  4.000000e+000 -1.626625e+001  2.689637e+001
      vertex  4.000000e+000 -1.660363e+001  2.723375e+001
    endloop
  endfacet
  facet normal  -0.000000e+000 -7.071068e-001 -7.071068e-001
    outer loop
      vertex -4.000000e+000 -1.626625e+001  2.689637e+001
      vertex  4.000000e+000 -1.660363e+001  2.723375e+001
      vertex -4.000000e+000 -1.660363e+001  2.723375e+001
    endloop
  endfacet
  facet normal  0.000000e+000 -4.539902e-001 -8.910067e-001
    outer loop
      vertex -4.000000e+000 -1.660363e+001  2.723375e+001
      vertex  4.000000e+000 -1.660363e+001  2.723375e+001
      vertex  4.000000e+000 -1.702875e+001  2.745036e+001
    endloop
  endfacet
  facet normal  -0.000000e+000 -4.539902e-001 -8.910067e-001
    outer loop
      vertex -4.000000e+000 -1.660363e+001  2.723375e+001
      vertex  4.000000e+000 -1.702875e+001  2.745036e+001
      vertex -4.000000e+000 -1.702875e+001  2.745036e+001
    endloop
  endfacet
  facet normal  0.000000e+000 -1.564337e-001 -9.876885e-001
    outer loop
      vertex -4.000000e+000 -1.702875e+001  2.745036e+001
      vertex  4.000000e+000 -1.702875e+001  2.745036e+001
      vertex  4.000000e+000 -1.750000e+001  2.752500e+001
    endloop
  endfacet
  facet normal  -0.000000e+000 -1.564337e-001 -9.876885e-001
    outer loop
      vertex -4.000000e+000 -1.702875e+001  2.745036e+001
      vertex  4.000000e+000 -1.750000e+001  2.752500e+001
      vertex -4.000000e+000 -1.750000e+001  2.752500e+001
    endloop
  endfacet
  facet normal  0.000000e+000 -7.845888e-002  9.969174e-001
    outer loop
      vertex  4.000000e+000 -1.650000e+001  3.200000e+001
      vertex -4.000000e+000 -1.650000e+001  3.200000e+001
      vertex  4.000000e+000 -1.743861e+001  3.192613e+001
    endloop
  endfacet
  facet normal  0.000000e+000 -7.845888e-002  9.969174e-001
    outer loop
      vertex  4.000000e+000 -1.743861e+001  3.192613e+001
      vertex -4.000000e+000 -1.650000e+001  3.200000e+001
      vertex -4.000000e+000 -1.743861e+001  3.192613e+001
    endloop
  endfacet
  facet normal  0.000000e+000 -2.334459e-001  9.723698e-001
    outer loop
      vertex  4.000000e+000 -1.743861e+001  3.192613e+001
      vertex -4.000000e+000 -1.743861e+001  3.192613e+001
      vertex  4.000000e+000 -1.835410e+001  3.170634e+001
    endloop
  endfacet
  facet normal  0.000000e+000 -2.334459e-001  9.723698e-001
    outer loop
      vertex  4.000000e+000 -1.835410e+001  3.170634e+001
      vertex -4.000000e+000 -1.743861e+001  3.192613e+001
      vertex -4.000000e+000 -1.835410e+001  3.170634e+001
    endloop
  endfacet
  facet normal  0.000000e+000 -3.826829e-001  9.238797e-001
    outer loop
      vertex  4.000000e+000 -1.835410e+001  3.170634e+001
      vertex -4.000000e+000 -1.835410e+001  3.170634e+001
      vertex  4.000000e+000 -1.922394e+001  3.134604e+001
    endloop
  endfacet
  facet normal  0.000000e+000 -3.826829e-001  9.238797e-001
    outer loop
      vertex  4.000000e+000 -1.922394e+001  3.134604e+001
      vertex -4.000000e+000 -1.835410e+001  3.170634e+001
      vertex -4.000000e+000 -1.922394e+001  3.134604e+001
    endloop
  endfacet
  facet normal  0.000000e+000 -5.224988e-001  8.526400e-001
    outer loop
      vertex  4.000000e+000 -1.922394e+001  3.134604e+001
      vertex -4.000000e+000 -1.922394e+001  3.134604e+001
      vertex  4.000000e+000 -2.002671e+001  3.085410e+001
    endloop
  endfacet
  facet normal  0.000000e+000 -5.224988e-001  8.526400e-001
    outer loop
      vertex  4.000000e+000 -2.002671e+001  3.085410e+001
      vertex -4.000000e+000 -1.922394e+001  3.134604e+001
      vertex -4.000000e+000 -2.002671e+001  3.085410e+001
    endloop
  endfacet
  facet normal  0.000000e+000 -6.494472e-001  7.604068e-001
    outer loop
      vertex  4.000000e+000 -2.002671e+001  3.085410e+001
      vertex -4.000000e+000 -2.002671e+001  3.085410e+001
      vertex  4.000000e+000 -2.074264e+001  3.024264e+001
    endloop
  endfacet
  facet normal  0.000000e+000 -6.494472e-001  7.604068e-001
    outer loop
      vertex  4.000000e+000 -2.074264e+001  3.024264e+001
      vertex -4.000000e+000 -2.002671e+001  3.085410e+001
      vertex -4.000000e+000 -2.074264e+001  3.024264e+001
    endloop
  endfacet
  facet normal  0.000000e+000 -7.604068e-001  6.494472e-001
    outer loop
      vertex  4.000000e+000 -2.074264e+001  3.024264e+001
      vertex -4.000000e+000 -2.074264e+001  3.024264e+001
      vertex  4.000000e+000 -2.135410e+001  2.952671e+001
    endloop
  endfacet
  facet normal  0.000000e+000 -7.604068e-001  6.494472e-001
    outer loop
      vertex  4.000000e+000 -2.135410e+001  2.952671e+001
      vertex -4.000000e+000 -2.074264e+001  3.024264e+001
      vertex -4.000000e+000 -2.135410e+001  2.952671e+001
    endloop
  endfacet
  facet normal  0.000000e+000 -8.526400e-001  5.224988e-001
    outer loop
      vertex  4.000000e+000 -2.135410e+001  2.952671e+001
      vertex -4.000000e+000 -2.135410e+001  2.952671e+001
      vertex  4.000000e+000 -2.184604e+001  2.872394e+001
    endloop
  endfacet
  facet normal  0.000000e+000 -8.526400e-001  5.224988e-001
    outer loop
      vertex  4.000000e+000 -2.184604e+001  2.872394e+001
      vertex -4.000000e+000 -2.135410e+001  2.952671e+001
      vertex -4.000000e+000 -2.184604e+001  2.872394e+001
    endloop
  endfacet
  facet normal  0.000000e+000 -9.238797e-001  3.826829e-001
    outer loop
      vertex  4.000000e+000 -2.184604e+001  2.872394e+001
      vertex -4.000000e+000 -2.184604e+001  2.872394e+001
      vertex  4.000000e+000 -2.220634e+001  2.785410e+001
    endloop
  endfacet
  facet normal  0.000000e+000 -9.238797e-001  3.826829e-001
    outer loop
      vertex  4.000000e+000 -2.220634e+001  2.785410e+001
      vertex -4.000000e+000 -2.184604e+001  2.872394e+001
      vertex -4.000000e+000 -2.220634e+001  2.785410e+001
    endloop
  endfacet
  facet normal  0.000000e+000 -9.723698e-001  2.334459e-001
    outer loop
      vertex  4.000000e+000 -2.220634e+001  2.785410e+001
      vertex -4.000000e+000 -2.220634e+001  2.785410e+001
      vertex  4.000000e+000 -2.242613e+001  2.693861e+001
    endloop
  endfacet
  facet normal  0.000000e+000 -9.723698e-001  2.334459e-001
    outer loop
      vertex  4.000000e+000 -2.242613e+001  2.693861e+001
      vertex -4.000000e+000 -2.220634e+001  2.785410e+001
      vertex -4.000000e+000 -2.242613e+001  2.693861e+001
    endloop
  endfacet
  facet normal  0.000000e+000 -9.969174e-001  7.845888e-002
    outer loop
      vertex  4.000000e+000 -2.242613e+001  2.693861e+001
      vertex -4.000000e+000 -2.242613e+001  2.693861e+001
      vertex  4.000000e+000 -2.250000e+001  2.600000e+001
    endloop
  endfacet
  facet normal  0.000000e+000 -9.969174e-001  7.845888e-002
    outer loop
      vertex  4.000000e+000 -2.250000e+001  2.600000e+001
      vertex -4.000000e+000 -2.242613e+001  2.693861e+001
      vertex -4.000000e+000 -2.250000e+001  2.600000e+001
    endloop
  endfacet
  facet normal  0.000000e+000 -9.969174e-001 -7.845888e-002
    outer loop
      vertex  4.000000e+000 -2.250000e+001  2.600000e+001
      vertex -4.000000e+000 -2.250000e+001  2.600000e+001
      vertex  4.000000e+000 -2.242613e+001  2.506139e+001
    endloop
  endfacet
  facet normal  -0.000000e+000 -9.969174e-001 -7.845888e-002
    outer loop
      vertex  4.000000e+000 -2.242613e+001  2.506139e+001
      vertex -4.000000e+000 -2.250000e+001  2.600000e+001
      vertex -4.000000e+000 -2.242613e+001  2.506139e+001
    endloop
  endfacet
  facet normal  0.000000e+000 -9.723698e-001 -2.334459e-001
    outer loop
      vertex  4.000000e+000 -2.242613e+001  2.506139e+001
      vertex -4.000000e+000 -2.242613e+001  2.506139e+001
      vertex  4.000000e+000 -2.220634e+001  2.414590e+001
    endloop
  endfacet
  facet normal  -0.000000e+000 -9.723698e-001 -2.334459e-001
    outer loop
      vertex  4.000000e+000 -2.220634e+001  2.414590e+001
      vertex -4.000000e+000 -2.242613e+001  2.506139e+001
      vertex -4.000000e+000 -2.220634e+001  2.414590e+001
    endloop
  endfacet
  facet normal  0.000000e+000 -9.238797e-001 -3.826829e-001
    outer loop
      vertex  4.000000e+000 -2.220634e+001  2.414590e+001
      vertex -4.000000e+000 -2.220634e+001  2.414590e+001
      vertex  4.000000e+000 -2.184604e+001  2.327606e+001
    endloop
  endfacet
  facet normal  -0.000000e+000 -9.238797e-001 -3.826829e-001
    outer loop
      vertex  4.000000e+000 -2.184604e+001  2.327606e+001
      vertex -4.000000e+000 -2.220634e+001  2.414590e+001
      vertex -4.000000e+000 -2.184604e+001  2.327606e+001
    endloop
  endfacet
  facet normal  0.000000e+000 -8.526400e-001 -5.224988e-001
    outer loop
      vertex  4.000000e+000 -2.184604e+001  2.327606e+001
      vertex -4.000000e+000 -2.184604e+001  2.327606e+001
      vertex  4.000000e+000 -2.135410e+001  2.247329e+001
    endloop
  endfacet
  facet normal  -0.000000e+000 -8.526400e-001 -5.224988e-001
    outer loop
      vertex  4.000000e+000 -2.135410e+001  2.247329e+001
      vertex -4.000000e+000 -2.184604e+001  2.327606e+001
      vertex -4.000000e+000 -2.135410e+001  2.247329e+001
    endloop
  endfacet
  facet normal  0.000000e+000 -7.604068e-001 -6.494472e-001
    outer loop
      vertex  4.000000e+000 -2.135410e+001  2.247329e+001
      vertex -4.000000e+000 -2.135410e+001  2.247329e+001
      vertex  4.000000e+000 -2.074264e+001  2.175736e+001
    endloop
  endfacet
  facet normal  -0.000000e+000 -7.604068e-001 -6.494472e-001
    outer loop
      vertex  4.000000e+000 -2.074264e+001  2.175736e+001
      vertex -4.000000e+000 -2.135410e+001  2.247329e+001
      vertex -4.000000e+000 -2.074264e+001  2.175736e+001
    endloop
  endfacet
  facet normal  0.000000e+000 -6.494472e-001 -7.604068e-001
    outer loop
      vertex  4.000000e+000 -2.074264e+001  2.175736e+001
      vertex -4.000000e+000 -2.074264e+001  2.175736e+001
      vertex  4.000000e+000 -2.002671e+001  2.114590e+001
    endloop
  endfacet
  facet normal  -0.000000e+000 -6.494472e-001 -7.604068e-001
    outer loop
      vertex  4.000000e+000 -2.002671e+001  2.114590e+001
      vertex -4.000000e+000 -2.074264e+001  2.175736e+001
      vertex -4.000000e+000 -2.002671e+001  2.114590e+001
    endloop
  endfacet
  facet normal  0.000000e+000 -5.224988e-001 -8.526400e-001
    outer loop
      vertex  4.000000e+000 -2.002671e+001  2.114590e+001
      vertex -4.000000e+000 -2.002671e+001  2.114590e+001
      vertex  4.000000e+000 -1.922394e+001  2.065396e+001
    endloop
  endfacet
  facet normal  -0.000000e+000 -5.224988e-001 -8.526400e-001
    outer loop
      vertex  4.000000e+000 -1.922394e+001  2.065396e+001
      vertex -4.000000e+000 -2.002671e+001  2.114590e+001
      vertex -4.000000e+000 -1.922394e+001  2.065396e+001
    endloop
  endfacet
  facet normal  0.000000e+000 -3.826829e-001 -9.238797e-001
    outer loop
      vertex  4.000000e+000 -1.922394e+001  2.065396e+001
      vertex -4.000000e+000 -1.922394e+001  2.065396e+001
      vertex  4.000000e+000 -1.835410e+001  2.029366e+001
    endloop
  endfacet
  facet normal  -0.000000e+000 -3.826829e-001 -9.238797e-001
    outer loop
      vertex  4.000000e+000 -1.835410e+001  2.029366e+001
      vertex -4.000000e+000 -1.922394e+001  2.065396e+001
      vertex -4.000000e+000 -1.835410e+001  2.029366e+001
    endloop
  endfacet
  facet normal  0.000000e+000 -2.334459e-001 -9.723698e-001
    outer loop
      vertex  4.000000e+000 -1.835410e+001  2.029366e+001
      vertex -4.000000e+000 -1.835410e+001  2.029366e+001
      vertex  4.000000e+000 -1.743861e+001  2.007387e+001
    endloop
  endfacet
  facet normal  -0.000000e+000 -2.334459e-001 -9.723698e-001
    outer loop
      vertex  4.000000e+000 -1.743861e+001  2.007387e+001
      vertex -4.000000e+000 -1.835410e+001  2.029366e+001
      vertex -4.000000e+000 -1.743861e+001  2.007387e+001
    endloop
  endfacet
  facet normal  0.000000e+000 -7.845888e-002 -9.969174e-001
    outer loop
      vertex  4.000000e+000 -1.743861e+001  2.007387e+001
      vertex -4.000000e+000 -1.743861e+001  2.007387e+001
      vertex  4.000000e+000 -1.650000e+001  2.000000e+001
    endloop
  endfacet
  facet normal  -0.000000e+000 -7.845888e-002 -9.969174e-001
    outer loop
      vertex  4.000000e+000 -1.650000e+001  2.000000e+001
      vertex -4.000000e+000 -1.743861e+001  2.007387e+001
      vertex -4.000000e+000 -1.650000e+001  2.000000e+001
    endloop
  endfacet
  facet normal  7.845888e-002  -0.000000e+000  9.969174e-001
    outer loop
      vertex  1.650000e+001  4.000000e+000  3.200000e+001
      vertex  1.650000e+001 -4.000000e+000  3.200000e+001
      vertex  1.743861e+001  4.000000e+000  3.192613e+001
    endloop
  endfacet
  facet normal  7.845888e-002  0.000000e+000  9.969174e-001
    outer loop
      vertex  1.743861e+001  4.000000e+000  3.192613e+001
      vertex  1.650000e+001 -4.000000e+000  3.200000e+001
      vertex  1.743861e+001 -4.000000e+000  3.192613e+001
    endloop
  endfacet
  facet normal  2.334459e-001  -0.000000e+000  9.723698e-001
    outer loop
      vertex  1.743861e+001  4.000000e+000  3.192613e+001
      vertex  1.743861e+001 -4.000000e+000  3.192613e+001
      vertex  1.835410e+001  4.000000e+000  3.170634e+001
    endloop
  endfacet
  facet normal  2.334459e-001  0.000000e+000  9.723698e-001
    outer loop
      vertex  1.835410e+001  4.000000e+000  3.170634e+001
      vertex  1.743861e+001 -4.000000e+000  3.192613e+001
      vertex  1.835410e+001 -4.000000e+000  3.170634e+001
    endloop
  endfacet
  facet normal  3.826829e-001  -0.000000e+000  9.238797e-001
    outer loop
      vertex  1.835410e+001  4.000000e+000  3.170634e+001
      vertex  1.835410e+001 -4.000000e+000  3.170634e+001
      vertex  1.922394e+001  4.000000e+000  3.134604e+001
    endloop
  endfacet
  facet normal  3.826829e-001  0.000000e+000  9.238797e-001
    outer loop
      vertex  1.922394e+001  4.000000e+000  3.134604e+001
      vertex  1.835410e+001 -4.000000e+000  3.170634e+001
      vertex  1.922394e+001 -4.000000e+000  3.134604e+001
    endloop
  endfacet
  facet normal  5.224988e-001  -0.000000e+000  8.526400e-001
    outer loop
      vertex  1.922394e+001  4.000000e+000  3.134604e+001
      vertex  1.922394e+001 -4.000000e+000  3.134604e+001
      vertex  2.002671e+001  4.000000e+000  3.085410e+001
    endloop
  endfacet
  facet normal  5.224988e-001  0.000000e+000  8.526400e-001
    outer loop
      vertex  2.002671e+001  4.000000e+000  3.085410e+001
      vertex  1.922394e+001 -4.000000e+000  3.134604e+001
      vertex  2.002671e+001 -4.000000e+000  3.085410e+001
    endloop
  endfacet
  facet normal  6.494472e-001  -0.000000e+000  7.604068e-001
    outer loop
      vertex  2.002671e+001  4.000000e+000  3.085410e+001
      vertex  2.002671e+001 -4.000000e+000  3.085410e+001
      vertex  2.074264e+001  4.000000e+000  3.024264e+001
    endloop
  endfacet
  facet normal  6.494472e-001  0.000000e+000  7.604068e-001
    outer loop
      vertex  2.074264e+001  4.000000e+000  3.024264e+001
      vertex  2.002671e+001 -4.000000e+000  3.085410e+001
      vertex  2.074264e+001 -4.000000e+000  3.024264e+001
    endloop
  endfacet
  facet normal  7.604068e-001  -0.000000e+000  6.494472e-001
    outer loop
      vertex  2.074264e+001  4.000000e+000  3.024264e+001
      vertex  2.074264e+001 -4.000000e+000  3.024264e+001
      vertex  2.135410e+001  4.000000e+000  2.952671e+001
    endloop
  endfacet
  facet normal  7.604068e-001  0.000000e+000  6.494472e-001
    outer loop
      vertex  2.135410e+001  4.000000e+000  2.952671e+001
      vertex  2.074264e+001 -4.000000e+000  3.024264e+001
      vertex  2.135410e+001 -4.000000e+000  2.952671e+001
    endloop
  endfacet
  facet normal  8.526400e-001  -0.000000e+000  5.224988e-001
    outer loop
      vertex  2.135410e+001  4.000000e+000  2.952671e+001
      vertex  2.135410e+001 -4.000000e+000  2.952671e+001
      vertex  2.184604e+001  4.000000e+000  2.872394e+001
    endloop
  endfacet
  facet normal  8.526400e-001  0.000000e+000  5.224988e-001
    outer loop
      vertex  2.184604e+001  4.000000e+000  2.872394e+001
      vertex  2.135410e+001 -4.000000e+000  2.952671e+001
      vertex  2.184604e+001 -4.000000e+000  2.872394e+001
    endloop
  endfacet
  facet normal  9.238797e-001  -0.000000e+000  3.826829e-001
    outer loop
      vertex  2.184604e+001  4.000000e+000  2.872394e+001
      vertex  2.184604e+001 -4.000000e+000  2.872394e+001
      vertex  2.220634e+001  4.000000e+000  2.785410e+001
    endloop
  endfacet
  facet normal  9.238797e-001  0.000000e+000  3.826829e-001
    outer loop
      vertex  2.220634e+001  4.000000e+000  2.785410e+001
      vertex  2.184604e+001 -4.000000e+000  2.872394e+001
      vertex  2.220634e+001 -4.000000e+000  2.785410e+001
    endloop
  endfacet
  facet normal  9.723698e-001  -0.000000e+000  2.334459e-001
    outer loop
      vertex  2.220634e+001  4.000000e+000  2.785410e+001
      vertex  2.220634e+001 -4.000000e+000  2.785410e+001
      vertex  2.242613e+001  4.000000e+000  2.693861e+001
    endloop
  endfacet
  facet normal  9.723698e-001  0.000000e+000  2.334459e-001
    outer loop
      vertex  2.242613e+001  4.000000e+000  2.693861e+001
      vertex  2.220634e+001 -4.000000e+000  2.785410e+001
      vertex  2.242613e+001 -4.000000e+000  2.693861e+001
    endloop
  endfacet
  facet normal  9.969174e-001  -0.000000e+000  7.845888e-002
    outer loop
      vertex  2.242613e+001  4.000000e+000  2.693861e+001
      vertex  2.242613e+001 -4.000000e+000  2.693861e+001
      vertex  2.250000e+001  4.000000e+000  2.600000e+001
    endloop
  endfacet
  facet normal  9.969174e-001  0.000000e+000  7.845888e-002
    outer loop
      vertex  2.250000e+001  4.000000e+000  2.600000e+001
      vertex  2.242613e+001 -4.000000e+000  2.693861e+001
      vertex  2.250000e+001 -4.000000e+000  2.600000e+001
    endloop
  endfacet
  facet normal  0.000000e+000  7.845888e-002  9.969174e-001
    outer loop
      vertex -4.000000e+000  1.650000e+001  3.200000e+001
      vertex  4.000000e+000  1.650000e+001  3.200000e+001
      vertex -4.000000e+000  1.743861e+001  3.192613e+001
    endloop
  endfacet
  facet normal  -0.000000e+000  7.845888e-002  9.969174e-001
    outer loop
      vertex -4.000000e+000  1.743861e+001  3.192613e+001
      vertex  4.000000e+000  1.650000e+001  3.200000e+001
      vertex  4.000000e+000  1.743861e+001  3.192613e+001
    endloop
  endfacet
  facet normal  0.000000e+000  2.334459e-001  9.723698e-001
    outer loop
      vertex -4.000000e+000  1.743861e+001  3.192613e+001
      vertex  4.000000e+000  1.743861e+001  3.192613e+001
      vertex -4.000000e+000  1.835410e+001  3.170634e+001
    endloop
  endfacet
  facet normal  -0.000000e+000  2.334459e-001  9.723698e-001
    outer loop
      vertex -4.000000e+000  1.835410e+001  3.170634e+001
      vertex  4.000000e+000  1.743861e+001  3.192613e+001
      vertex  4.000000e+000  1.835410e+001  3.170634e+001
    endloop
  endfacet
  facet normal  0.000000e+000  3.826829e-001  9.238797e-001
    outer loop
      vertex -4.000000e+000  1.835410e+001  3.170634e+001
      vertex  4.000000e+000  1.835410e+001  3.170634e+001
      vertex -4.000000e+000  1.922394e+001  3.134604e+001
    endloop
  endfacet
  facet normal  -0.000000e+000  3.826829e-001  9.238797e-001
    outer loop
      vertex -4.000000e+000  1.922394e+001  3.134604e+001
      vertex  4.000000e+000  1.835410e+001  3.170634e+001
      vertex  4.000000e+000  1.922394e+001  3.134604e+001
    endloop
  endfacet
  facet normal  0.000000e+000  5.224988e-001  8.526400e-001
    outer loop
      vertex -4.000000e+000  1.922394e+001  3.134604e+001
      vertex  4.000000e+000  1.922394e+001  3.134604e+001
      vertex -4.000000e+000  2.002671e+001  3.085410e+001
    endloop
  endfacet
  facet normal  -0.000000e+000  5.224988e-001  8.526400e-001
    outer loop
      vertex -4.000000e+000  2.002671e+001  3.085410e+001
      vertex  4.000000e+000  1.922394e+001  3.134604e+001
      vertex  4.000000e+000  2.002671e+001  3.085410e+001
    endloop
  endfacet
  facet normal  0.000000e+000  6.494472e-001  7.604068e-001
    outer loop
      vertex -4.000000e+000  2.002671e+001  3.085410e+001
      vertex  4.000000e+000  2.002671e+001  3.085410e+001
      vertex -4.000000e+000  2.074264e+001  3.024264e+001
    endloop
  endfacet
  facet normal  -0.000000e+000  6.494472e-001  7.604068e-001
    outer loop
      vertex -4.000000e+000  2.074264e+001  3.024264e+001
      vertex  4.000000e+000  2.002671e+001  3.085410e+001
      vertex  4.000000e+000  2.074264e+001  3.024264e+001
    endloop
  endfacet
  facet normal  0.000000e+000  7.604068e-001  6.494472e-001
    outer loop
      vertex -4.000000e+000  2.074264e+001  3.024264e+001
      vertex  4.000000e+000  2.074264e+001  3.024264e+001
      vertex -4.000000e+000  2.135410e+001  2.952671e+001
    endloop
  endfacet
  facet normal  -0.000000e+000  7.604068e-001  6.494472e-001
    outer loop
      vertex -4.000000e+000  2.135410e+001  2.952671e+001
      vertex  4.000000e+000  2.074264e+001  3.024264e+001
      vertex  4.000000e+000  2.135410e+001  2.952671e+001
    endloop
  endfacet
  facet normal  0.000000e+000  8.526400e-001  5.224988e-001
    outer loop
      vertex -4.000000e+000  2.135410e+001  2.952671e+001
      vertex  4.000000e+000  2.135410e+001  2.952671e+001
      vertex -4.000000e+000  2.184604e+001  2.872394e+001
    endloop
  endfacet
  facet normal  -0.000000e+000  8.526400e-001  5.224988e-001
    outer loop
      vertex -4.000000e+000  2.184604e+001  2.872394e+001
      vertex  4.000000e+000  2.135410e+001  2.952671e+001
      vertex  4.000000e+000  2.184604e+001  2.872394e+001
    endloop
  endfacet
  facet normal  0.000000e+000  9.238797e-001  3.826829e-001
    outer loop
      vertex -4.000000e+000  2.184604e+001  2.872394e+001
      vertex  4.000000e+000  2.184604e+001  2.872394e+001
      vertex -4.000000e+000  2.220634e+001  2.785410e+001
    endloop
  endfacet
  facet normal  -0.000000e+000  9.238797e-001  3.826829e-001
    outer loop
      vertex -4.000000e+000  2.220634e+001  2.785410e+001
      vertex  4.000000e+000  2.184604e+001  2.872394e+001
      vertex  4.000000e+000  2.220634e+001  2.785410e+001
    endloop
  endfacet
  facet normal  0.000000e+000  9.723698e-001  2.334459e-001
    outer loop
      vertex -4.000000e+000  2.220634e+001  2.785410e+001
      vertex  4.000000e+000  2.220634e+001  2.785410e+001
      vertex -4.000000e+000  2.242613e+001  2.693861e+001
    endloop
  endfacet
  facet normal  -0.000000e+000  9.723698e-001  2.334459e-001
    outer loop
      vertex -4.000000e+000  2.242613e+001  2.693861e+001
      vertex  4.000000e+000  2.220634e+001  2.785410e+001
      vertex  4.000000e+000  2.242613e+001  2.693861e+001
    endloop
  endfacet
  facet normal  0.000000e+000  9.969174e-001  7.845888e-002
    outer loop
      vertex -4.000000e+000  2.242613e+001  2.693861e+001
      vertex  4.000000e+000  2.242613e+001  2.693861e+001
      vertex -4.000000e+000  2.250000e+001  2.600000e+001
    endloop
  endfacet
  facet normal  -0.000000e+000  9.969174e-001  7.845888e-002
    outer loop
      vertex -4.000000e+000  2.250000e+001  2.600000e+001
      vertex  4.000000e+000  2.242613e+001  2.693861e+001
      vertex  4.000000e+000  2.250000e+001  2.600000e+001
    endloop
  endfacet
  facet normal  0.000000e+000  9.969174e-001 -7.845888e-002
    outer loop
      vertex -4.000000e+000  2.250000e+001  2.600000e+001
      vertex  4.000000e+000  2.250000e+001  2.600000e+001
      vertex -4.000000e+000  2.242613e+001  2.506139e+001
    endloop
  endfacet
  facet normal  0.000000e+000  9.969174e-001 -7.845888e-002
    outer loop
      vertex -4.000000e+000  2.242613e+001  2.506139e+001
      vertex  4.000000e+000  2.250000e+001  2.600000e+001
      vertex  4.000000e+000  2.242613e+001  2.506139e+001
    endloop
  endfacet
  facet normal  0.000000e+000  9.723698e-001 -2.334459e-001
    outer loop
      vertex -4.000000e+000  2.242613e+001  2.506139e+001
      vertex  4.000000e+000  2.242613e+001  2.506139e+001
      vertex -4.000000e+000  2.220634e+001  2.414590e+001
    endloop
  endfacet
  facet normal  0.000000e+000  9.723698e-001 -2.334459e-001
    outer loop
      vertex -4.000000e+000  2.220634e+001  2.414590e+001
      vertex  4.000000e+000  2.242613e+001  2.506139e+001
      vertex  4.000000e+000  2.220634e+001  2.414590e+001
    endloop
  endfacet
  facet normal  0.000000e+000  9.238797e-001 -3.826829e-001
    outer loop
      vertex -4.000000e+000  2.220634e+001  2.414590e+001
      vertex  4.000000e+000  2.220634e+001  2.414590e+001
      vertex -4.000000e+000  2.184604e+001  2.327606e+001
    endloop
  endfacet
  facet normal  0.000000e+000  9.238797e-001 -3.826829e-001
    outer loop
      vertex -4.000000e+000  2.184604e+001  2.327606e+001
      vertex  4.000000e+000  2.220634e+001  2.414590e+001
      vertex  4.000000e+000  2.184604e+001  2.327606e+001
    endloop
  endfacet
  facet normal  0.000000e+000  8.526400e-001 -5.224988e-001
    outer loop
      vertex -4.000000e+000  2.184604e+001  2.327606e+001
      vertex  4.000000e+000  2.184604e+001  2.327606e+001
      vertex -4.000000e+000  2.135410e+001  2.247329e+001
    endloop
  endfacet
  facet normal  0.000000e+000  8.526400e-001 -5.224988e-001
    outer loop
      vertex -4.000000e+000  2.135410e+001  2.247329e+001
      vertex  4.000000e+000  2.184604e+001  2.327606e+001
      vertex  4.000000e+000  2.135410e+001  2.247329e+001
    endloop
  endfacet
  facet normal  0.000000e+000  7.604068e-001 -6.494472e-001
    outer loop
      vertex -4.000000e+000  2.135410e+001  2.247329e+001
      vertex  4.000000e+000  2.135410e+001  2.247329e+001
      vertex -4.000000e+000  2.074264e+001  2.175736e+001
    endloop
  endfacet
  facet normal  0.000000e+000  7.604068e-001 -6.494472e-001
    outer loop
      vertex -4.000000e+000  2.074264e+001  2.175736e+001
      vertex  4.000000e+000  2.135410e+001  2.247329e+001
      vertex  4.000000e+000  2.074264e+001  2.175736e+001
    endloop
  endfacet
  facet normal  0.000000e+000  6.494472e-001 -7.604068e-001
    outer loop
      vertex -4.000000e+000  2.074264e+001  2.175736e+001
      vertex  4.000000e+000  2.074264e+001  2.175736e+001
      vertex -4.000000e+000  2.002671e+001  2.114590e+001
    endloop
  endfacet
  facet normal  0.000000e+000  6.494472e-001 -7.604068e-001
    outer loop
      vertex -4.000000e+000  2.002671e+001  2.114590e+001
      vertex  4.000000e+000  2.074264e+001  2.175736e+001
      vertex  4.000000e+000  2.002671e+001  2.114590e+001
    endloop
  endfacet
  facet normal  0.000000e+000  5.224988e-001 -8.526400e-001
    outer loop
      vertex -4.000000e+000  2.002671e+001  2.114590e+001
      vertex  4.000000e+000  2.002671e+001  2.114590e+001
      vertex -4.000000e+000  1.922394e+001  2.065396e+001
    endloop
  endfacet
  facet normal  0.000000e+000  5.224988e-001 -8.526400e-001
    outer loop
      vertex -4.000000e+000  1.922394e+001  2.065396e+001
      vertex  4.000000e+000  2.002671e+001  2.114590e+001
      vertex  4.000000e+000  1.922394e+001  2.065396e+001
    endloop
  endfacet
  facet normal  0.000000e+000  3.826829e-001 -9.238797e-001
    outer loop
      vertex -4.000000e+000  1.922394e+001  2.065396e+001
      vertex  4.000000e+000  1.922394e+001  2.065396e+001
      vertex -4.000000e+000  1.835410e+001  2.029366e+001
    endloop
  endfacet
  facet normal  0.000000e+000  3.826829e-001 -9.238797e-001
    outer loop
      vertex -4.000000e+000  1.835410e+001  2.029366e+001
      vertex  4.000000e+000  1.922394e+001  2.065396e+001
      vertex  4.000000e+000  1.835410e+001  2.029366e+001
    endloop
  endfacet
  facet normal  0.000000e+000  2.334459e-001 -9.723698e-001
    outer loop
      vertex -4.000000e+000  1.835410e+001  2.029366e+001
      vertex  4.000000e+000  1.835410e+001  2.029366e+001
      vertex -4.000000e+000  1.743861e+001  2.007387e+001
    endloop
  endfacet
  facet normal  0.000000e+000  2.334459e-001 -9.723698e-001
    outer loop
      vertex -4.000000e+000  1.743861e+001  2.007387e+001
      vertex  4.000000e+000  1.835410e+001  2.029366e+001
      vertex  4.000000e+000  1.743861e+001  2.007387e+001
    endloop
  endfacet
  facet normal  0.000000e+000  7.845888e-002 -9.969174e-001
    outer loop
      vertex -4.000000e+000  1.743861e+001  2.007387e+001
      vertex  4.000000e+000  1.743861e+001  2.007387e+001
      vertex -4.000000e+000  1.650000e+001  2.000000e+001
    endloop
  endfacet
  facet normal  0.000000e+000  7.845888e-002 -9.969174e-001
    outer loop
      vertex -4.000000e+000  1.650000e+001  2.000000e+001
      vertex  4.000000e+000  1.743861e+001  2.007387e+001
      vertex  4.000000e+000  1.650000e+001  2.000000e+001
    endloop
  endfacet
  facet normal -7.845888e-002  0.000000e+000  9.969174e-001
    outer loop
      vertex -1.650000e+001 -4.000000e+000  3.200000e+001
      vertex -1.650000e+001  4.000000e+000  3.200000e+001
      vertex -1.743861e+001 -4.000000e+000  3.192613e+001
    endloop
  endfacet
  facet normal -7.845888e-002  0.000000e+000  9.969174e-001
    outer loop
      vertex -1.743861e+001 -4.000000e+000  3.192613e+001
      vertex -1.650000e+001  4.000000e+000  3.200000e+001
      vertex -1.743861e+001  4.000000e+000  3.192613e+001
    endloop
  endfacet
  facet normal -2.334459e-001  0.000000e+000  9.723698e-001
    outer loop
      vertex -1.743861e+001 -4.000000e+000  3.192613e+001
      vertex -1.743861e+001  4.000000e+000  3.192613e+001
      vertex -1.835410e+001 -4.000000e+000  3.170634e+001
    endloop
  endfacet
  facet normal -2.334459e-001  0.000000e+000  9.723698e-001
    outer loop
      vertex -1.835410e+001 -4.000000e+000  3.170634e+001
      vertex -1.743861e+001  4.000000e+000  3.192613e+001
      vertex -1.835410e+001  4.000000e+000  3.170634e+001
    endloop
  endfacet
  facet normal -3.826829e-001  0.000000e+000  9.238797e-001
    outer loop
      vertex -1.835410e+001 -4.000000e+000  3.170634e+001
      vertex -1.835410e+001  4.000000e+000  3.170634e+001
      vertex -1.922394e+001 -4.000000e+000  3.134604e+001
    endloop
  endfacet
  facet normal -3.826829e-001  0.000000e+000  9.238797e-001
    outer loop
      vertex -1.922394e+001 -4.000000e+000  3.134604e+001
      vertex -1.835410e+001  4.000000e+000  3.170634e+001
      vertex -1.922394e+001  4.000000e+000  3.134604e+001
    endloop
  endfacet
  facet normal -5.224988e-001  0.000000e+000  8.526400e-001
    outer loop
      vertex -1.922394e+001 -4.000000e+000  3.134604e+001
      vertex -1.922394e+001  4.000000e+000  3.134604e+001
      vertex -2.002671e+001 -4.000000e+000  3.085410e+001
    endloop
  endfacet
  facet normal -5.224988e-001  0.000000e+000  8.526400e-001
    outer loop
      vertex -2.002671e+001 -4.000000e+000  3.085410e+001
      vertex -1.922394e+001  4.000000e+000  3.134604e+001
      vertex -2.002671e+001  4.000000e+000  3.085410e+001
    endloop
  endfacet
  facet normal -6.494472e-001  0.000000e+000  7.604068e-001
    outer loop
      vertex -2.002671e+001 -4.000000e+000  3.085410e+001
      vertex -2.002671e+001  4.000000e+000  3.085410e+001
      vertex -2.074264e+001 -4.000000e+000  3.024264e+001
    endloop
  endfacet
  facet normal -6.494472e-001  0.000000e+000  7.604068e-001
    outer loop
      vertex -2.074264e+001 -4.000000e+000  3.024264e+001
      vertex -2.002671e+001  4.000000e+000  3.085410e+001
      vertex -2.074264e+001  4.000000e+000  3.024264e+001
    endloop
  endfacet
  facet normal -7.604068e-001  0.000000e+000  6.494472e-001
    outer loop
      vertex -2.074264e+001 -4.000000e+000  3.024264e+001
      vertex -2.074264e+001  4.000000e+000  3.024264e+001
      vertex -2.135410e+001 -4.000000e+000  2.952671e+001
    endloop
  endfacet
  facet normal -7.604068e-001  0.000000e+000  6.494472e-001
    outer loop
      vertex -2.135410e+001 -4.000000e+000  2.952671e+001
      vertex -2.074264e+001  4.000000e+000  3.024264e+001
      vertex -2.135410e+001  4.000000e+000  2.952671e+001
    endloop
  endfacet
  facet normal -8.526400e-001  0.000000e+000  5.224988e-001
    outer loop
      vertex -2.135410e+001 -4.000000e+000  2.952671e+001
      vertex -2.135410e+001  4.000000e+000  2.952671e+001
      vertex -2.184604e+001 -4.000000e+000  2.872394e+001
    endloop
  endfacet
  facet normal -8.526400e-001  0.000000e+000  5.224988e-001
    outer loop
      vertex -2.184604e+001 -4.000000e+000  2.872394e+001
      vertex -2.135410e+001  4.000000e+000  2.952671e+001
      vertex -2.184604e+001  4.000000e+000  2.872394e+001
    endloop
  endfacet
  facet normal -9.238797e-001  0.000000e+000  3.826829e-001
    outer loop
      vertex -2.184604e+001 -4.000000e+000  2.872394e+001
      vertex -2.184604e+001  4.000000e+000  2.872394e+001
      vertex -2.220634e+001 -4.000000e+000  2.785410e+001
    endloop
  endfacet
  facet normal -9.238797e-001  0.000000e+000  3.826829e-001
    outer loop
      vertex -2.220634e+001 -4.000000e+000  2.785410e+001
      vertex -2.184604e+001  4.000000e+000  2.872394e+001
      vertex -2.220634e+001  4.000000e+000  2.785410e+001
    endloop
  endfacet
  facet normal -9.723698e-001  0.000000e+000  2.334459e-001
    outer loop
      vertex -2.220634e+001 -4.000000e+000  2.785410e+001
      vertex -2.220634e+001  4.000000e+000  2.785410e+001
      vertex -2.242613e+001 -4.000000e+000  2.693861e+001
    endloop
  endfacet
  facet normal -9.723698e-001  0.000000e+000  2.334459e-001
    outer loop
      vertex -2.242613e+001 -4.000000e+000  2.693861e+001
      vertex -2.220634e+001  4.000000e+000  2.785410e+001
      vertex -2.242613e+001  4.000000e+000  2.693861e+001
    endloop
  endfacet
  facet normal -9.969174e-001  0.000000e+000  7.845888e-002
    outer loop
      vertex -2.242613e+001 -4.000000e+000  2.693861e+001
      vertex -2.242613e+001  4.000000e+000  2.693861e+001
      vertex -2.250000e+001 -4.000000e+000  2.600000e+001
    endloop
  endfacet
  facet normal -9.969174e-001  0.000000e+000  7.845888e-002
    outer loop
      vertex -2.250000e+001 -4.000000e+000  2.600000e+001
      vertex -2.242613e+001  4.000000e+000  2.693861e+001
      vertex -2.250000e+001  4.000000e+000  2.600000e+001
    endloop
  endfacet
  facet normal  9.974521e-001  7.133923e-002  -0.000000e+000
    outer loop
      vertex  1.250000e+001  5.500000e+000  3.500000e+001
      vertex  1.250000e+001  5.500000e+000  1.800000e+001
      vertex  1.242875e+001  6.496204e+000  3.500000e+001
    endloop
  endfacet
  facet normal  9.974521e-001  7.133923e-002  0.000000e+000
    outer loop
      vertex  1.242875e+001  6.496204e+000  3.500000e+001
      vertex  1.250000e+001  5.500000e+000  1.800000e+001
      vertex  1.242875e+001  6.496204e+000  1.800000e+001
    endloop
  endfacet
  facet normal  9.771468e-001  2.125654e-001  -0.000000e+000
    outer loop
      vertex  1.242875e+001  6.496204e+000  3.500000e+001
      vertex  1.242875e+001  6.496204e+000  1.800000e+001
      vertex  1.221645e+001  7.472128e+000  3.500000e+001
    endloop
  endfacet
  facet normal  9.771468e-001  2.125654e-001  0.000000e+000
    outer loop
      vertex  1.221645e+001  7.472128e+000  3.500000e+001
      vertex  1.242875e+001  6.496204e+000  1.800000e+001
      vertex  1.221645e+001  7.472128e+000  1.800000e+001
    endloop
  endfacet
  facet normal  9.369497e-001  3.494642e-001  -0.000000e+000
    outer loop
      vertex  1.221645e+001  7.472128e+000  3.500000e+001
      vertex  1.221645e+001  7.472128e+000  1.800000e+001
      vertex  1.186742e+001  8.407905e+000  3.500000e+001
    endloop
  endfacet
  facet normal  9.369497e-001  3.494642e-001  0.000000e+000
    outer loop
      vertex  1.186742e+001  8.407905e+000  3.500000e+001
      vertex  1.221645e+001  7.472128e+000  1.800000e+001
      vertex  1.186742e+001  8.407905e+000  1.800000e+001
    endloop
  endfacet
  facet normal  8.776792e-001  4.792487e-001  -0.000000e+000
    outer loop
      vertex  1.186742e+001  8.407905e+000  3.500000e+001
      vertex  1.186742e+001  8.407905e+000  1.800000e+001
      vertex  1.138877e+001  9.284486e+000  3.500000e+001
    endloop
  endfacet
  facet normal  8.776792e-001  4.792487e-001  0.000000e+000
    outer loop
      vertex  1.138877e+001  9.284486e+000  3.500000e+001
      vertex  1.186742e+001  8.407905e+000  1.800000e+001
      vertex  1.138877e+001  9.284486e+000  1.800000e+001
    endloop
  endfacet
  facet normal  8.005412e-001  5.992777e-001  -0.000000e+000
    outer loop
      vertex  1.138877e+001  9.284486e+000  3.500000e+001
      vertex  1.138877e+001  9.284486e+000  1.800000e+001
      vertex  1.079025e+001  1.008403e+001  3.500000e+001
    endloop
  endfacet
  facet normal  8.005412e-001  5.992777e-001  0.000000e+000
    outer loop
      vertex  1.079025e+001  1.008403e+001  3.500000e+001
      vertex  1.138877e+001  9.284486e+000  1.800000e+001
      vertex  1.079025e+001  1.008403e+001  1.800000e+001
    endloop
  endfacet
  facet normal  7.071068e-001  7.071068e-001  -0.000000e+000
    outer loop
      vertex  1.079025e+001  1.008403e+001  3.500000e+001
      vertex  1.079025e+001  1.008403e+001  1.800000e+001
      vertex  1.008403e+001  1.079025e+001  3.500000e+001
    endloop
  endfacet
  facet normal  7.071068e-001  7.071068e-001  0.000000e+000
    outer loop
      vertex  1.008403e+001  1.079025e+001  3.500000e+001
      vertex  1.079025e+001  1.008403e+001  1.800000e+001
      vertex  1.008403e+001  1.079025e+001  1.800000e+001
    endloop
  endfacet
  facet normal  5.992777e-001  8.005412e-001  -0.000000e+000
    outer loop
      vertex  1.008403e+001  1.079025e+001  3.500000e+001
      vertex  1.008403e+001  1.079025e+001  1.800000e+001
      vertex  9.284486e+000  1.138877e+001  3.500000e+001
    endloop
  endfacet
  facet normal  5.992777e-001  8.005412e-001  0.000000e+000
    outer loop
      vertex  9.284486e+000  1.138877e+001  3.500000e+001
      vertex  1.008403e+001  1.079025e+001  1.800000e+001
      vertex  9.284486e+000  1.138877e+001  1.800000e+001
    endloop
  endfacet
  facet normal  4.792487e-001  8.776792e-001  -0.000000e+000
    outer loop
      vertex  9.284486e+000  1.138877e+001  3.500000e+001
      vertex  9.284486e+000  1.138877e+001  1.800000e+001
      vertex  8.407905e+000  1.186742e+001  3.500000e+001
    endloop
  endfacet
  facet normal  4.792487e-001  8.776792e-001  0.000000e+000
    outer loop
      vertex  8.407905e+000  1.186742e+001  3.500000e+001
      vertex  9.284486e+000  1.138877e+001  1.800000e+001
      vertex  8.407905e+000  1.186742e+001  1.800000e+001
    endloop
  endfacet
  facet normal  3.494642e-001  9.369497e-001  -0.000000e+000
    outer loop
      vertex  8.407905e+000  1.186742e+001  3.500000e+001
      vertex  8.407905e+000  1.186742e+001  1.800000e+001
      vertex  7.472128e+000  1.221645e+001  3.500000e+001
    endloop
  endfacet
  facet normal  3.494642e-001  9.369497e-001  0.000000e+000
    outer loop
      vertex  7.472128e+000  1.221645e+001  3.500000e+001
      vertex  8.407905e+000  1.186742e+001  1.800000e+001
      vertex  7.472128e+000  1.221645e+001  1.800000e+001
    endloop
  endfacet
  facet normal  2.125654e-001  9.771468e-001  -0.000000e+000
    outer loop
      vertex  7.472128e+000  1.221645e+001  3.500000e+001
      vertex  7.472128e+000  1.221645e+001  1.800000e+001
      vertex  6.496204e+000  1.242875e+001  3.500000e+001
    endloop
  endfacet
  facet normal  2.125654e-001  9.771468e-001  0.000000e+000
    outer loop
      vertex  6.496204e+000  1.242875e+001  3.500000e+001
      vertex  7.472128e+000  1.221645e+001  1.800000e+001
      vertex  6.496204e+000  1.242875e+001  1.800000e+001
    endloop
  endfacet
  facet normal  7.133923e-002  9.974521e-001  -0.000000e+000
    outer loop
      vertex  6.496204e+000  1.242875e+001  3.500000e+001
      vertex  6.496204e+000  1.242875e+001  1.800000e+001
      vertex  5.500000e+000  1.250000e+001  3.500000e+001
    endloop
  endfacet
  facet normal  7.133923e-002  9.974521e-001  0.000000e+000
    outer loop
      vertex  5.500000e+000  1.250000e+001  3.500000e+001
      vertex  6.496204e+000  1.242875e+001  1.800000e+001
      vertex  5.500000e+000  1.250000e+001  1.800000e+001
    endloop
  endfacet
  facet normal  7.133923e-002 -9.974521e-001  0.000000e+000
    outer loop
      vertex  5.500000e+000 -1.250000e+001  3.500000e+001
      vertex  5.500000e+000 -1.250000e+001  1.800000e+001
      vertex  6.496204e+000 -1.242875e+001  3.500000e+001
    endloop
  endfacet
  facet normal  7.133923e-002 -9.974521e-001  0.000000e+000
    outer loop
      vertex  6.496204e+000 -1.242875e+001  3.500000e+001
      vertex  5.500000e+000 -1.250000e+001  1.800000e+001
      vertex  6.496204e+000 -1.242875e+001  1.800000e+001
    endloop
  endfacet
  facet normal  2.125654e-001 -9.771468e-001  0.000000e+000
    outer loop
      vertex  6.496204e+000 -1.242875e+001  3.500000e+001
      vertex  6.496204e+000 -1.242875e+001  1.800000e+001
      vertex  7.472128e+000 -1.221645e+001  3.500000e+001
    endloop
  endfacet
  facet normal  2.125654e-001 -9.771468e-001  0.000000e+000
    outer loop
      vertex  7.472128e+000 -1.221645e+001  3.500000e+001
      vertex  6.496204e+000 -1.242875e+001  1.800000e+001
      vertex  7.472128e+000 -1.221645e+001  1.800000e+001
    endloop
  endfacet
  facet normal  3.494642e-001 -9.369497e-001  0.000000e+000
    outer loop
      vertex  7.472128e+000 -1.221645e+001  3.500000e+001
      vertex  7.472128e+000 -1.221645e+001  1.800000e+001
      vertex  8.407905e+000 -1.186742e+001  3.500000e+001
    endloop
  endfacet
  facet normal  3.494642e-001 -9.369497e-001  0.000000e+000
    outer loop
      vertex  8.407905e+000 -1.186742e+001  3.500000e+001
      vertex  7.472128e+000 -1.221645e+001  1.800000e+001
      vertex  8.407905e+000 -1.186742e+001  1.800000e+001
    endloop
  endfacet
  facet normal  4.792487e-001 -8.776792e-001  0.000000e+000
    outer loop
      vertex  8.407905e+000 -1.186742e+001  3.500000e+001
      vertex  8.407905e+000 -1.186742e+001  1.800000e+001
      vertex  9.284486e+000 -1.138877e+001  3.500000e+001
    endloop
  endfacet
  facet normal  4.792487e-001 -8.776792e-001  0.000000e+000
    outer loop
      vertex  9.284486e+000 -1.138877e+001  3.500000e+001
      vertex  8.407905e+000 -1.186742e+001  1.800000e+001
      vertex  9.284486e+000 -1.138877e+001  1.800000e+001
    endloop
  endfacet
  facet normal  5.992777e-001 -8.005412e-001  0.000000e+000
    outer loop
      vertex  9.284486e+000 -1.138877e+001  3.500000e+001
      vertex  9.284486e+000 -1.138877e+001  1.800000e+001
      vertex  1.008403e+001 -1.079025e+001  3.500000e+001
    endloop
  endfacet
  facet normal  5.992777e-001 -8.005412e-001  0.000000e+000
    outer loop
      vertex  1.008403e+001 -1.079025e+001  3.500000e+001
      vertex  9.284486e+000 -1.138877e+001  1.800000e+001
      vertex  1.008403e+001 -1.079025e+001  1.800000e+001
    endloop
  endfacet
  facet normal  7.071068e-001 -7.071068e-001  0.000000e+000
    outer loop
      vertex  1.008403e+001 -1.079025e+001  3.500000e+001
      vertex  1.008403e+001 -1.079025e+001  1.800000e+001
      vertex  1.079025e+001 -1.008403e+001  3.500000e+001
    endloop
  endfacet
  facet normal  7.071068e-001 -7.071068e-001  0.000000e+000
    outer loop
      vertex  1.079025e+001 -1.008403e+001  3.500000e+001
      vertex  1.008403e+001 -1.079025e+001  1.800000e+001
      vertex  1.079025e+001 -1.008403e+001  1.800000e+001
    endloop
  endfacet
  facet normal  8.005412e-001 -5.992777e-001  0.000000e+000
    outer loop
      vertex  1.079025e+001 -1.008403e+001  3.500000e+001
      vertex  1.079025e+001 -1.008403e+001  1.800000e+001
      vertex  1.138877e+001 -9.284486e+000  3.500000e+001
    endloop
  endfacet
  facet normal  8.005412e-001 -5.992777e-001  0.000000e+000
    outer loop
      vertex  1.138877e+001 -9.284486e+000  3.500000e+001
      vertex  1.079025e+001 -1.008403e+001  1.800000e+001
      vertex  1.138877e+001 -9.284486e+000  1.800000e+001
    endloop
  endfacet
  facet normal  8.776792e-001 -4.792487e-001  0.000000e+000
    outer loop
      vertex  1.138877e+001 -9.284486e+000  3.500000e+001
      vertex  1.138877e+001 -9.284486e+000  1.800000e+001
      vertex  1.186742e+001 -8.407905e+000  3.500000e+001
    endloop
  endfacet
  facet normal  8.776792e-001 -4.792487e-001  0.000000e+000
    outer loop
      vertex  1.186742e+001 -8.407905e+000  3.500000e+001
      vertex  1.138877e+001 -9.284486e+000  1.800000e+001
      vertex  1.186742e+001 -8.407905e+000  1.800000e+001
    endloop
  endfacet
  facet normal  9.369497e-001 -3.494642e-001  0.000000e+000
    outer loop
      vertex  1.186742e+001 -8.407905e+000  3.500000e+001
      vertex  1.186742e+001 -8.407905e+000  1.800000e+001
      vertex  1.221645e+001 -7.472128e+000  3.500000e+001
    endloop
  endfacet
  facet normal  9.369497e-001 -3.494642e-001  0.000000e+000
    outer loop
      vertex  1.221645e+001 -7.472128e+000  3.500000e+001
      vertex  1.186742e+001 -8.407905e+000  1.800000e+001
      vertex  1.221645e+001 -7.472128e+000  1.800000e+001
    endloop
  endfacet
  facet normal  9.771468e-001 -2.125654e-001  0.000000e+000
    outer loop
      vertex  1.221645e+001 -7.472128e+000  3.500000e+001
      vertex  1.221645e+001 -7.472128e+000  1.800000e+001
      vertex  1.242875e+001 -6.496204e+000  3.500000e+001
    endloop
  endfacet
  facet normal  9.771468e-001 -2.125654e-001  0.000000e+000
    outer loop
      vertex  1.242875e+001 -6.496204e+000  3.500000e+001
      vertex  1.221645e+001 -7.472128e+000  1.800000e+001
      vertex  1.242875e+001 -6.496204e+000  1.800000e+001
    endloop
  endfacet
  facet normal  9.974521e-001 -7.133923e-002  0.000000e+000
    outer loop
      vertex  1.242875e+001 -6.496204e+000  3.500000e+001
      vertex  1.242875e+001 -6.496204e+000  1.800000e+001
      vertex  1.250000e+001 -5.500000e+000  3.500000e+001
    endloop
  endfacet
  facet normal  9.974521e-001 -7.133923e-002  0.000000e+000
    outer loop
      vertex  1.250000e+001 -5.500000e+000  3.500000e+001
      vertex  1.242875e+001 -6.496204e+000  1.800000e+001
      vertex  1.250000e+001 -5.500000e+000  1.800000e+001
    endloop
  endfacet
  facet normal -7.133923e-002  9.974521e-001  0.000000e+000
    outer loop
      vertex -5.500000e+000  1.250000e+001  3.500000e+001
      vertex -5.500000e+000  1.250000e+001  1.800000e+001
      vertex -6.496204e+000  1.242875e+001  3.500000e+001
    endloop
  endfacet
  facet normal -7.133923e-002  9.974521e-001  0.000000e+000
    outer loop
      vertex -6.496204e+000  1.242875e+001  3.500000e+001
      vertex -5.500000e+000  1.250000e+001  1.800000e+001
      vertex -6.496204e+000  1.242875e+001  1.800000e+001
    endloop
  endfacet
  facet normal -2.125654e-001  9.771468e-001  0.000000e+000
    outer loop
      vertex -6.496204e+000  1.242875e+001  3.500000e+001
      vertex -6.496204e+000  1.242875e+001  1.800000e+001
      vertex -7.472128e+000  1.221645e+001  3.500000e+001
    endloop
  endfacet
  facet normal -2.125654e-001  9.771468e-001  0.000000e+000
    outer loop
      vertex -7.472128e+000  1.221645e+001  3.500000e+001
      vertex -6.496204e+000  1.242875e+001  1.800000e+001
      vertex -7.472128e+000  1.221645e+001  1.800000e+001
    endloop
  endfacet
  facet normal -3.494642e-001  9.369497e-001  0.000000e+000
    outer loop
      vertex -7.472128e+000  1.221645e+001  3.500000e+001
      vertex -7.472128e+000  1.221645e+001  1.800000e+001
      vertex -8.407905e+000  1.186742e+001  3.500000e+001
    endloop
  endfacet
  facet normal -3.494642e-001  9.369497e-001  0.000000e+000
    outer loop
      vertex -8.407905e+000  1.186742e+001  3.500000e+001
      vertex -7.472128e+000  1.221645e+001  1.800000e+001
      vertex -8.407905e+000  1.186742e+001  1.800000e+001
    endloop
  endfacet
  facet normal -4.792487e-001  8.776792e-001  0.000000e+000
    outer loop
      vertex -8.407905e+000  1.186742e+001  3.500000e+001
      vertex -8.407905e+000  1.186742e+001  1.800000e+001
      vertex -9.284486e+000  1.138877e+001  3.500000e+001
    endloop
  endfacet
  facet normal -4.792487e-001  8.776792e-001  0.000000e+000
    outer loop
      vertex -9.284486e+000  1.138877e+001  3.500000e+001
      vertex -8.407905e+000  1.186742e+001  1.800000e+001
      vertex -9.284486e+000  1.138877e+001  1.800000e+001
    endloop
  endfacet
  facet normal -5.992777e-001  8.005412e-001  0.000000e+000
    outer loop
      vertex -9.284486e+000  1.138877e+001  3.500000e+001
      vertex -9.284486e+000  1.138877e+001  1.800000e+001
      vertex -1.008403e+001  1.079025e+001  3.500000e+001
    endloop
  endfacet
  facet normal -5.992777e-001  8.005412e-001  0.000000e+000
    outer loop
      vertex -1.008403e+001  1.079025e+001  3.500000e+001
      vertex -9.284486e+000  1.138877e+001  1.800000e+001
      vertex -1.008403e+001  1.079025e+001  1.800000e+001
    endloop
  endfacet
  facet normal -7.071068e-001  7.071068e-001  0.000000e+000
    outer loop
      vertex -1.008403e+001  1.079025e+001  3.500000e+001
      vertex -1.008403e+001  1.079025e+001  1.800000e+001
      vertex -1.079025e+001  1.008403e+001  3.500000e+001
    endloop
  endfacet
  facet normal -7.071068e-001  7.071068e-001  0.000000e+000
    outer loop
      vertex -1.079025e+001  1.008403e+001  3.500000e+001
      vertex -1.008403e+001  1.079025e+001  1.800000e+001
      vertex -1.079025e+001  1.008403e+001  1.800000e+001
    endloop
  endfacet
  facet normal -8.005412e-001  5.992777e-001  0.000000e+000
    outer loop
      vertex -1.079025e+001  1.008403e+001  3.500000e+001
      vertex -1.079025e+001  1.008403e+001  1.800000e+001
      vertex -1.138877e+001  9.284486e+000  3.500000e+001
    endloop
  endfacet
  facet normal -8.005412e-001  5.992777e-001  0.000000e+000
    outer loop
      vertex -1.138877e+001  9.284486e+000  3.500000e+001
      vertex -1.079025e+001  1.008403e+001  1.800000e+001
      vertex -1.138877e+001  9.284486e+000  1.800000e+001
    endloop
  endfacet
  facet normal -8.776792e-001  4.792487e-001  0.000000e+000
    outer loop
      vertex -1.138877e+001  9.284486e+000  3.500000e+001
      vertex -1.138877e+001  9.284486e+000  1.800000e+001
      vertex -1.186742e+001  8.407905e+000  3.500000e+001
    endloop
  endfacet
  facet normal -8.776792e-001  4.792487e-001  0.000000e+000
    outer loop
      vertex -1.186742e+001  8.407905e+000  3.500000e+001
      vertex -1.138877e+001  9.284486e+000  1.800000e+001
      vertex -1.186742e+001  8.407905e+000  1.800000e+001
    endloop
  endfacet
  facet normal -9.369497e-001  3.494642e-001  0.000000e+000
    outer loop
      vertex -1.186742e+001  8.407905e+000  3.500000e+001
      vertex -1.186742e+001  8.407905e+000  1.800000e+001
      vertex -1.221645e+001  7.472128e+000  3.500000e+001
    endloop
  endfacet
  facet normal -9.369497e-001  3.494642e-001  0.000000e+000
    outer loop
      vertex -1.221645e+001  7.472128e+000  3.500000e+001
      vertex -1.186742e+001  8.407905e+000  1.800000e+001
      vertex -1.221645e+001  7.472128e+000  1.800000e+001
    endloop
  endfacet
  facet normal -9.771468e-001  2.125654e-001  0.000000e+000
    outer loop
      vertex -1.221645e+001  7.472128e+000  3.500000e+001
      vertex -1.221645e+001  7.472128e+000  1.800000e+001
      vertex -1.242875e+001  6.496204e+000  3.500000e+001
    endloop
  endfacet
  facet normal -9.771468e-001  2.125654e-001  0.000000e+000
    outer loop
      vertex -1.242875e+001  6.496204e+000  3.500000e+001
      vertex -1.221645e+001  7.472128e+000  1.800000e+001
      vertex -1.242875e+001  6.496204e+000  1.800000e+001
    endloop
  endfacet
  facet normal -9.974521e-001  7.133923e-002  0.000000e+000
    outer loop
      vertex -1.242875e+001  6.496204e+000  3.500000e+001
      vertex -1.242875e+001  6.496204e+000  1.800000e+001
      vertex -1.250000e+001  5.500000e+000  3.500000e+001
    endloop
  endfacet
  facet normal -9.974521e-001  7.133923e-002  0.000000e+000
    outer loop
      vertex -1.250000e+001  5.500000e+000  3.500000e+001
      vertex -1.242875e+001  6.496204e+000  1.800000e+001
      vertex -1.250000e+001  5.500000e+000  1.800000e+001
    endloop
  endfacet
  facet normal -5.735757e-001  -0.000000e+000 -8.191526e-001
    outer loop
      vertex -1.450000e+001 -4.000000e+000  1.946410e+001
      vertex -1.392885e+001  4.000000e+000  1.906418e+001
      vertex -1.392885e+001 -4.000000e+000  1.906418e+001
    endloop
  endfacet
  facet normal -7.071081e-001  0.000000e+000 -7.071055e-001
    outer loop
      vertex -1.392885e+001 -4.000000e+000  1.906418e+001
      vertex -1.392885e+001  4.000000e+000  1.906418e+001
      vertex -1.343582e+001  4.000000e+000  1.857115e+001
    endloop
  endfacet
  facet normal -7.071081e-001  -0.000000e+000 -7.071055e-001
    outer loop
      vertex -1.392885e+001 -4.000000e+000  1.906418e+001
      vertex -1.343582e+001  4.000000e+000  1.857115e+001
      vertex -1.343582e+001 -4.000000e+000  1.857115e+001
    endloop
  endfacet
  facet normal -8.191515e-001  0.000000e+000 -5.735773e-001
    outer loop
      vertex -1.343582e+001 -4.000000e+000  1.857115e+001
      vertex -1.343582e+001  4.000000e+000  1.857115e+001
      vertex -1.303590e+001  4.000000e+000  1.800000e+001
    endloop
  endfacet
  facet normal -8.191515e-001  -0.000000e+000 -5.735773e-001
    outer loop
      vertex -1.343582e+001 -4.000000e+000  1.857115e+001
      vertex -1.303590e+001  4.000000e+000  1.800000e+001
      vertex -1.303590e+001 -4.000000e+000  1.800000e+001
    endloop
  endfacet
  facet normal -5.735757e-001  0.000000e+000 -8.191526e-001
    outer loop
      vertex -1.392885e+001  4.000000e+000  1.906418e+001
      vertex -1.450000e+001 -4.000000e+000  1.946410e+001
      vertex -1.450000e+001  4.000000e+000  1.946410e+001
    endloop
  endfacet
  facet normal -4.226172e-001  -0.000000e+000 -9.063082e-001
    outer loop
      vertex -1.450000e+001  4.000000e+000  1.946410e+001
      vertex -1.450000e+001 -4.000000e+000  1.946410e+001
      vertex -1.513192e+001 -4.000000e+000  1.975877e+001
    endloop
  endfacet
  facet normal -4.226172e-001  0.000000e+000 -9.063082e-001
    outer loop
      vertex -1.450000e+001  4.000000e+000  1.946410e+001
      vertex -1.513192e+001 -4.000000e+000  1.975877e+001
      vertex -1.513192e+001  4.000000e+000  1.975877e+001
    endloop
  endfacet
  facet normal -2.588210e-001  -0.000000e+000 -9.659253e-001
    outer loop
      vertex -1.513192e+001  4.000000e+000  1.975877e+001
      vertex -1.513192e+001 -4.000000e+000  1.975877e+001
      vertex -1.580541e+001 -4.000000e+000  1.993923e+001
    endloop
  endfacet
  facet normal -2.588210e-001  0.000000e+000 -9.659253e-001
    outer loop
      vertex -1.513192e+001  4.000000e+000  1.975877e+001
      vertex -1.580541e+001 -4.000000e+000  1.993923e+001
      vertex -1.580541e+001  4.000000e+000  1.993923e+001
    endloop
  endfacet
  facet normal -8.715454e-002  -0.000000e+000 -9.961947e-001
    outer loop
      vertex -1.580541e+001  4.000000e+000  1.993923e+001
      vertex -1.580541e+001 -4.000000e+000  1.993923e+001
      vertex -1.650000e+001 -4.000000e+000  2.000000e+001
    endloop
  endfacet
  facet normal -8.715454e-002  0.000000e+000 -9.961947e-001
    outer loop
      vertex -1.580541e+001  4.000000e+000  1.993923e+001
      vertex -1.650000e+001 -4.000000e+000  2.000000e+001
      vertex -1.650000e+001  4.000000e+000  2.000000e+001
    endloop
  endfacet
  facet normal  0.000000e+000  5.735757e-001 -8.191526e-001
    outer loop
      vertex -4.000000e+000  1.450000e+001  1.946410e+001
      vertex  4.000000e+000  1.392885e+001  1.906418e+001
      vertex -4.000000e+000  1.392885e+001  1.906418e+001
    endloop
  endfacet
  facet normal  0.000000e+000  7.071081e-001 -7.071055e-001
    outer loop
      vertex -4.000000e+000  1.392885e+001  1.906418e+001
      vertex  4.000000e+000  1.392885e+001  1.906418e+001
      vertex  4.000000e+000  1.343582e+001  1.857115e+001
    endloop
  endfacet
  facet normal  0.000000e+000  7.071081e-001 -7.071055e-001
    outer loop
      vertex -4.000000e+000  1.392885e+001  1.906418e+001
      vertex  4.000000e+000  1.343582e+001  1.857115e+001
      vertex -4.000000e+000  1.343582e+001  1.857115e+001
    endloop
  endfacet
  facet normal  0.000000e+000  8.191515e-001 -5.735773e-001
    outer loop
      vertex -4.000000e+000  1.343582e+001  1.857115e+001
      vertex  4.000000e+000  1.343582e+001  1.857115e+001
      vertex  4.000000e+000  1.303590e+001  1.800000e+001
    endloop
  endfacet
  facet normal  0.000000e+000  8.191515e-001 -5.735773e-001
    outer loop
      vertex -4.000000e+000  1.343582e+001  1.857115e+001
      vertex  4.000000e+000  1.303590e+001  1.800000e+001
      vertex -4.000000e+000  1.303590e+001  1.800000e+001
    endloop
  endfacet
  facet normal  0.000000e+000  5.735757e-001 -8.191526e-001
    outer loop
      vertex  4.000000e+000  1.392885e+001  1.906418e+001
      vertex -4.000000e+000  1.450000e+001  1.946410e+001
      vertex  4.000000e+000  1.450000e+001  1.946410e+001
    endloop
  endfacet
  facet normal  0.000000e+000  4.226172e-001 -9.063082e-001
    outer loop
      vertex  4.000000e+000  1.450000e+001  1.946410e+001
      vertex -4.000000e+000  1.450000e+001  1.946410e+001
      vertex -4.000000e+000  1.513192e+001  1.975877e+001
    endloop
  endfacet
  facet normal  0.000000e+000  4.226172e-001 -9.063082e-001
    outer loop
      vertex  4.000000e+000  1.450000e+001  1.946410e+001
      vertex -4.000000e+000  1.513192e+001  1.975877e+001
      vertex  4.000000e+000  1.513192e+001  1.975877e+001
    endloop
  endfacet
  facet normal  0.000000e+000  2.588210e-001 -9.659253e-001
    outer loop
      vertex  4.000000e+000  1.513192e+001  1.975877e+001
      vertex -4.000000e+000  1.513192e+001  1.975877e+001
      vertex -4.000000e+000  1.580541e+001  1.993923e+001
    endloop
  endfacet
  facet normal  0.000000e+000  2.588210e-001 -9.659253e-001
    outer loop
      vertex  4.000000e+000  1.513192e+001  1.975877e+001
      vertex -4.000000e+000  1.580541e+001  1.993923e+001
      vertex  4.000000e+000  1.580541e+001  1.993923e+001
    endloop
  endfacet
  facet normal  0.000000e+000  8.715454e-002 -9.961947e-001
    outer loop
      vertex  4.000000e+000  1.580541e+001  1.993923e+001
      vertex -4.000000e+000  1.580541e+001  1.993923e+001
      vertex -4.000000e+000  1.650000e+001  2.000000e+001
    endloop
  endfacet
  facet normal  0.000000e+000  8.715454e-002 -9.961947e-001
    outer loop
      vertex  4.000000e+000  1.580541e+001  1.993923e+001
      vertex -4.000000e+000  1.650000e+001  2.000000e+001
      vertex  4.000000e+000  1.650000e+001  2.000000e+001
    endloop
  endfacet
  facet normal  5.735757e-001  0.000000e+000 -8.191526e-001
    outer loop
      vertex  1.450000e+001  4.000000e+000  1.946410e+001
      vertex  1.392885e+001 -4.000000e+000  1.906418e+001
      vertex  1.392885e+001  4.000000e+000  1.906418e+001
    endloop
  endfacet
  facet normal  7.071081e-001  0.000000e+000 -7.071055e-001
    outer loop
      vertex  1.392885e+001  4.000000e+000  1.906418e+001
      vertex  1.392885e+001 -4.000000e+000  1.906418e+001
      vertex  1.343582e+001 -4.000000e+000  1.857115e+001
    endloop
  endfacet
  facet normal  7.071081e-001  0.000000e+000 -7.071055e-001
    outer loop
      vertex  1.392885e+001  4.000000e+000  1.906418e+001
      vertex  1.343582e+001 -4.000000e+000  1.857115e+001
      vertex  1.343582e+001  4.000000e+000  1.857115e+001
    endloop
  endfacet
  facet normal  8.191515e-001  0.000000e+000 -5.735773e-001
    outer loop
      vertex  1.343582e+001  4.000000e+000  1.857115e+001
      vertex  1.343582e+001 -4.000000e+000  1.857115e+001
      vertex  1.303590e+001 -4.000000e+000  1.800000e+001
    endloop
  endfacet
  facet normal  8.191515e-001  0.000000e+000 -5.735773e-001
    outer loop
      vertex  1.343582e+001  4.000000e+000  1.857115e+001
      vertex  1.303590e+001 -4.000000e+000  1.800000e+001
      vertex  1.303590e+001  4.000000e+000  1.800000e+001
    endloop
  endfacet
  facet normal  5.735757e-001  0.000000e+000 -8.191526e-001
    outer loop
      vertex  1.392885e+001 -4.000000e+000  1.906418e+001
      vertex  1.450000e+001  4.000000e+000  1.946410e+001
      vertex  1.450000e+001 -4.000000e+000  1.946410e+001
    endloop
  endfacet
  facet normal  4.226172e-001  0.000000e+000 -9.063082e-001
    outer loop
      vertex  1.450000e+001 -4.000000e+000  1.946410e+001
      vertex  1.450000e+001  4.000000e+000  1.946410e+001
      vertex  1.513192e+001  4.000000e+000  1.975877e+001
    endloop
  endfacet
  facet normal  4.226172e-001  0.000000e+000 -9.063082e-001
    outer loop
      vertex  1.450000e+001 -4.000000e+000  1.946410e+001
      vertex  1.513192e+001  4.000000e+000  1.975877e+001
      vertex  1.513192e+001 -4.000000e+000  1.975877e+001
    endloop
  endfacet
  facet normal  2.588210e-001  0.000000e+000 -9.659253e-001
    outer loop
      vertex  1.513192e+001 -4.000000e+000  1.975877e+001
      vertex  1.513192e+001  4.000000e+000  1.975877e+001
      vertex  1.580541e+001  4.000000e+000  1.993923e+001
    endloop
  endfacet
  facet normal  2.588210e-001  0.000000e+000 -9.659253e-001
    outer loop
      vertex  1.513192e+001 -4.000000e+000  1.975877e+001
      vertex  1.580541e+001  4.000000e+000  1.993923e+001
      vertex  1.580541e+001 -4.000000e+000  1.993923e+001
    endloop
  endfacet
  facet normal  8.715454e-002  0.000000e+000 -9.961947e-001
    outer loop
      vertex  1.580541e+001 -4.000000e+000  1.993923e+001
      vertex  1.580541e+001  4.000000e+000  1.993923e+001
      vertex  1.650000e+001  4.000000e+000  2.000000e+001
    endloop
  endfacet
  facet normal  8.715454e-002  0.000000e+000 -9.961947e-001
    outer loop
      vertex  1.580541e+001 -4.000000e+000  1.993923e+001
      vertex  1.650000e+001  4.000000e+000  2.000000e+001
      vertex  1.650000e+001 -4.000000e+000  2.000000e+001
    endloop
  endfacet
  facet normal  0.000000e+000  1.000000e+000  0.000000e+000
    outer loop
      vertex -1.743861e+001  4.000000e+000  2.007387e+001
      vertex -1.750000e+001  4.000000e+000  2.447500e+001
      vertex -1.650000e+001  4.000000e+000  2.000000e+001
    endloop
  endfacet
  facet normal  0.000000e+000  1.000000e+000  0.000000e+000
    outer loop
      vertex -1.750000e+001  4.000000e+000  2.447500e+001
      vertex -1.580541e+001  4.000000e+000  1.993923e+001
      vertex -1.650000e+001  4.000000e+000  2.000000e+001
    endloop
  endfacet
  facet normal  0.000000e+000  1.000000e+000  0.000000e+000
    outer loop
      vertex -2.250000e+001  4.000000e+000  2.600000e+001
      vertex -1.895036e+001  4.000000e+000  2.647125e+001
      vertex -1.902500e+001  4.000000e+000  2.600000e+001
    endloop
  endfacet
  facet normal  0.000000e+000  1.000000e+000  0.000000e+000
    outer loop
      vertex -1.450000e+001  4.000000e+000  1.946410e+001
      vertex -1.750000e+001  4.000000e+000  2.447500e+001
      vertex -1.392885e+001  4.000000e+000  1.906418e+001
    endloop
  endfacet
  facet normal  0.000000e+000  1.000000e+000  0.000000e+000
    outer loop
      vertex -1.513192e+001  4.000000e+000  1.975877e+001
      vertex -1.750000e+001  4.000000e+000  2.447500e+001
      vertex -1.450000e+001  4.000000e+000  1.946410e+001
    endloop
  endfacet
  facet normal  0.000000e+000  1.000000e+000  0.000000e+000
    outer loop
      vertex -1.580541e+001  4.000000e+000  1.993923e+001
      vertex -1.750000e+001  4.000000e+000  2.447500e+001
      vertex -1.513192e+001  4.000000e+000  1.975877e+001
    endloop
  endfacet
  facet normal  0.000000e+000  1.000000e+000  -0.000000e+000
    outer loop
      vertex -1.250000e+001  4.000000e+000  1.800000e+001
      vertex -1.303590e+001  4.000000e+000  1.800000e+001
      vertex -1.343582e+001  4.000000e+000  1.857115e+001
    endloop
  endfacet
  facet normal  -0.000000e+000  1.000000e+000  -0.000000e+000
    outer loop
      vertex -1.250000e+001  4.000000e+000  1.800000e+001
      vertex -1.343582e+001  4.000000e+000  1.857115e+001
      vertex -1.392885e+001  4.000000e+000  1.906418e+001
    endloop
  endfacet
  facet normal  -0.000000e+000  9.999999e-001  -0.000000e+000
    outer loop
      vertex -1.250000e+001  4.000000e+000  1.800000e+001
      vertex -1.392885e+001  4.000000e+000  1.906418e+001
      vertex -1.750000e+001  4.000000e+000  2.447500e+001
    endloop
  endfacet
  facet normal  -0.000000e+000  9.999999e-001  0.000000e+000
    outer loop
      vertex -1.250000e+001  4.000000e+000  1.800000e+001
      vertex -1.750000e+001  4.000000e+000  2.447500e+001
      vertex -1.702875e+001  4.000000e+000  2.454964e+001
    endloop
  endfacet
  facet normal  -0.000000e+000  1.000000e+000  0.000000e+000
    outer loop
      vertex -1.250000e+001  4.000000e+000  1.800000e+001
      vertex -1.702875e+001  4.000000e+000  2.454964e+001
      vertex -1.660363e+001  4.000000e+000  2.476625e+001
    endloop
  endfacet
  facet normal  -0.000000e+000  1.000000e+000  0.000000e+000
    outer loop
      vertex -1.250000e+001  4.000000e+000  1.800000e+001
      vertex -1.660363e+001  4.000000e+000  2.476625e+001
      vertex -1.626625e+001  4.000000e+000  2.510363e+001
    endloop
  endfacet
  facet normal  -0.000000e+000  1.000000e+000  0.000000e+000
    outer loop
      vertex -1.250000e+001  4.000000e+000  1.800000e+001
      vertex -1.626625e+001  4.000000e+000  2.510363e+001
      vertex -1.604964e+001  4.000000e+000  2.552875e+001
    endloop
  endfacet
  facet normal  -0.000000e+000  1.000000e+000  0.000000e+000
    outer loop
      vertex -1.250000e+001  4.000000e+000  1.800000e+001
      vertex -1.604964e+001  4.000000e+000  2.552875e+001
      vertex -1.597500e+001  4.000000e+000  2.600000e+001
    endloop
  endfacet
  facet normal  -0.000000e+000  1.000000e+000  -0.000000e+000
    outer loop
      vertex -1.250000e+001  4.000000e+000  1.800000e+001
      vertex -1.597500e+001  4.000000e+000  2.600000e+001
      vertex -1.604964e+001  4.000000e+000  2.647125e+001
    endloop
  endfacet
  facet normal  -0.000000e+000  1.000000e+000  0.000000e+000
    outer loop
      vertex -2.220634e+001  4.000000e+000  2.414590e+001
      vertex -2.242613e+001  4.000000e+000  2.506139e+001
      vertex -1.873375e+001  4.000000e+000  2.510363e+001
    endloop
  endfacet
  facet normal  0.000000e+000  1.000000e+000  0.000000e+000
    outer loop
      vertex -2.220634e+001  4.000000e+000  2.414590e+001
      vertex -1.873375e+001  4.000000e+000  2.510363e+001
      vertex -1.839637e+001  4.000000e+000  2.476625e+001
    endloop
  endfacet
  facet normal  0.000000e+000  1.000000e+000  0.000000e+000
    outer loop
      vertex -2.220634e+001  4.000000e+000  2.414590e+001
      vertex -1.839637e+001  4.000000e+000  2.476625e+001
      vertex -1.797125e+001  4.000000e+000  2.454964e+001
    endloop
  endfacet
  facet normal  0.000000e+000  1.000000e+000  0.000000e+000
    outer loop
      vertex -2.220634e+001  4.000000e+000  2.414590e+001
      vertex -1.797125e+001  4.000000e+000  2.454964e+001
      vertex -1.750000e+001  4.000000e+000  2.447500e+001
    endloop
  endfacet
  facet normal  0.000000e+000  1.000000e+000  0.000000e+000
    outer loop
      vertex -2.220634e+001  4.000000e+000  2.414590e+001
      vertex -1.750000e+001  4.000000e+000  2.447500e+001
      vertex -1.743861e+001  4.000000e+000  2.007387e+001
    endloop
  endfacet
  facet normal  0.000000e+000  1.000000e+000  0.000000e+000
    outer loop
      vertex -2.220634e+001  4.000000e+000  2.414590e+001
      vertex -1.743861e+001  4.000000e+000  2.007387e+001
      vertex -1.835410e+001  4.000000e+000  2.029366e+001
    endloop
  endfacet
  facet normal  0.000000e+000  1.000000e+000  0.000000e+000
    outer loop
      vertex -2.220634e+001  4.000000e+000  2.414590e+001
      vertex -1.835410e+001  4.000000e+000  2.029366e+001
      vertex -1.922394e+001  4.000000e+000  2.065396e+001
    endloop
  endfacet
  facet normal  0.000000e+000  1.000000e+000  0.000000e+000
    outer loop
      vertex -2.220634e+001  4.000000e+000  2.414590e+001
      vertex -1.922394e+001  4.000000e+000  2.065396e+001
      vertex -2.002671e+001  4.000000e+000  2.114590e+001
    endloop
  endfacet
  facet normal  0.000000e+000  1.000000e+000  0.000000e+000
    outer loop
      vertex -2.220634e+001  4.000000e+000  2.414590e+001
      vertex -2.002671e+001  4.000000e+000  2.114590e+001
      vertex -2.074264e+001  4.000000e+000  2.175736e+001
    endloop
  endfacet
  facet normal  0.000000e+000  1.000000e+000  0.000000e+000
    outer loop
      vertex -2.220634e+001  4.000000e+000  2.414590e+001
      vertex -2.074264e+001  4.000000e+000  2.175736e+001
      vertex -2.135410e+001  4.000000e+000  2.247329e+001
    endloop
  endfacet
  facet normal  0.000000e+000  1.000000e+000  0.000000e+000
    outer loop
      vertex -2.220634e+001  4.000000e+000  2.414590e+001
      vertex -2.135410e+001  4.000000e+000  2.247329e+001
      vertex -2.184604e+001  4.000000e+000  2.327606e+001
    endloop
  endfacet
  facet normal  0.000000e+000  1.000000e+000  0.000000e+000
    outer loop
      vertex -1.743861e+001  4.000000e+000  3.192613e+001
      vertex -1.250000e+001  4.000000e+000  1.800000e+001
      vertex -1.604964e+001  4.000000e+000  2.647125e+001
    endloop
  endfacet
  facet normal  0.000000e+000  1.000000e+000  0.000000e+000
    outer loop
      vertex -1.743861e+001  4.000000e+000  3.192613e+001
      vertex -1.604964e+001  4.000000e+000  2.647125e+001
      vertex -1.626625e+001  4.000000e+000  2.689637e+001
    endloop
  endfacet
  facet normal  0.000000e+000  1.000000e+000  0.000000e+000
    outer loop
      vertex -1.743861e+001  4.000000e+000  3.192613e+001
      vertex -1.626625e+001  4.000000e+000  2.689637e+001
      vertex -1.660363e+001  4.000000e+000  2.723375e+001
    endloop
  endfacet
  facet normal  0.000000e+000  1.000000e+000  0.000000e+000
    outer loop
      vertex -1.743861e+001  4.000000e+000  3.192613e+001
      vertex -1.660363e+001  4.000000e+000  2.723375e+001
      vertex -1.702875e+001  4.000000e+000  2.745036e+001
    endloop
  endfacet
  facet normal  0.000000e+000  1.000000e+000  0.000000e+000
    outer loop
      vertex -1.743861e+001  4.000000e+000  3.192613e+001
      vertex -1.702875e+001  4.000000e+000  2.745036e+001
      vertex -1.750000e+001  4.000000e+000  2.752500e+001
    endloop
  endfacet
  facet normal  0.000000e+000  1.000000e+000  -0.000000e+000
    outer loop
      vertex -1.743861e+001  4.000000e+000  3.192613e+001
      vertex -1.750000e+001  4.000000e+000  2.752500e+001
      vertex -1.835410e+001  4.000000e+000  3.170634e+001
    endloop
  endfacet
  facet normal  -0.000000e+000  1.000000e+000  0.000000e+000
    outer loop
      vertex -1.750000e+001  4.000000e+000  2.752500e+001
      vertex -2.220634e+001  4.000000e+000  2.785410e+001
      vertex -2.184604e+001  4.000000e+000  2.872394e+001
    endloop
  endfacet
  facet normal  -0.000000e+000  1.000000e+000  0.000000e+000
    outer loop
      vertex -1.750000e+001  4.000000e+000  2.752500e+001
      vertex -2.184604e+001  4.000000e+000  2.872394e+001
      vertex -2.135410e+001  4.000000e+000  2.952671e+001
    endloop
  endfacet
  facet normal  -0.000000e+000  1.000000e+000  0.000000e+000
    outer loop
      vertex -1.750000e+001  4.000000e+000  2.752500e+001
      vertex -2.135410e+001  4.000000e+000  2.952671e+001
      vertex -2.074264e+001  4.000000e+000  3.024264e+001
    endloop
  endfacet
  facet normal  -0.000000e+000  1.000000e+000  0.000000e+000
    outer loop
      vertex -1.750000e+001  4.000000e+000  2.752500e+001
      vertex -2.074264e+001  4.000000e+000  3.024264e+001
      vertex -2.002671e+001  4.000000e+000  3.085410e+001
    endloop
  endfacet
  facet normal  -0.000000e+000  1.000000e+000  0.000000e+000
    outer loop
      vertex -1.750000e+001  4.000000e+000  2.752500e+001
      vertex -2.002671e+001  4.000000e+000  3.085410e+001
      vertex -1.922394e+001  4.000000e+000  3.134604e+001
    endloop
  endfacet
  facet normal  -0.000000e+000  1.000000e+000  0.000000e+000
    outer loop
      vertex -1.750000e+001  4.000000e+000  2.752500e+001
      vertex -1.922394e+001  4.000000e+000  3.134604e+001
      vertex -1.835410e+001  4.000000e+000  3.170634e+001
    endloop
  endfacet
  facet normal  0.000000e+000  1.000000e+000  0.000000e+000
    outer loop
      vertex -2.242613e+001  4.000000e+000  2.693861e+001
      vertex -2.220634e+001  4.000000e+000  2.785410e+001
      vertex -1.750000e+001  4.000000e+000  2.752500e+001
    endloop
  endfacet
  facet normal  0.000000e+000  1.000000e+000  0.000000e+000
    outer loop
      vertex -2.242613e+001  4.000000e+000  2.693861e+001
      vertex -1.750000e+001  4.000000e+000  2.752500e+001
      vertex -1.797125e+001  4.000000e+000  2.745036e+001
    endloop
  endfacet
  facet normal  0.000000e+000  1.000000e+000  0.000000e+000
    outer loop
      vertex -2.242613e+001  4.000000e+000  2.693861e+001
      vertex -1.797125e+001  4.000000e+000  2.745036e+001
      vertex -1.839637e+001  4.000000e+000  2.723375e+001
    endloop
  endfacet
  facet normal  0.000000e+000  1.000000e+000  0.000000e+000
    outer loop
      vertex -2.242613e+001  4.000000e+000  2.693861e+001
      vertex -1.839637e+001  4.000000e+000  2.723375e+001
      vertex -1.873375e+001  4.000000e+000  2.689637e+001
    endloop
  endfacet
  facet normal  0.000000e+000  9.999999e-001  0.000000e+000
    outer loop
      vertex -2.242613e+001  4.000000e+000  2.693861e+001
      vertex -1.873375e+001  4.000000e+000  2.689637e+001
      vertex -1.895036e+001  4.000000e+000  2.647125e+001
    endloop
  endfacet
  facet normal  0.000000e+000  9.999999e-001  0.000000e+000
    outer loop
      vertex -2.242613e+001  4.000000e+000  2.693861e+001
      vertex -1.895036e+001  4.000000e+000  2.647125e+001
      vertex -2.250000e+001  4.000000e+000  2.600000e+001
    endloop
  endfacet
  facet normal  -0.000000e+000  1.000000e+000  0.000000e+000
    outer loop
      vertex -2.242613e+001  4.000000e+000  2.506139e+001
      vertex -2.250000e+001  4.000000e+000  2.600000e+001
      vertex -1.902500e+001  4.000000e+000  2.600000e+001
    endloop
  endfacet
  facet normal  0.000000e+000  1.000000e+000  0.000000e+000
    outer loop
      vertex -2.242613e+001  4.000000e+000  2.506139e+001
      vertex -1.902500e+001  4.000000e+000  2.600000e+001
      vertex -1.895036e+001  4.000000e+000  2.552875e+001
    endloop
  endfacet
  facet normal  0.000000e+000  9.999999e-001  0.000000e+000
    outer loop
      vertex -2.242613e+001  4.000000e+000  2.506139e+001
      vertex -1.895036e+001  4.000000e+000  2.552875e+001
      vertex -1.873375e+001  4.000000e+000  2.510363e+001
    endloop
  endfacet
  facet normal  -0.000000e+000  1.000000e+000  0.000000e+000
    outer loop
      vertex -1.250000e+001  4.000000e+000  1.800000e+001
      vertex -1.743861e+001  4.000000e+000  3.192613e+001
      vertex -1.650000e+001  4.000000e+000  3.200000e+001
    endloop
  endfacet
  facet normal  -0.000000e+000  1.000000e+000  0.000000e+000
    outer loop
      vertex -1.250000e+001  4.000000e+000  1.800000e+001
      vertex -1.650000e+001  4.000000e+000  3.200000e+001
      vertex -1.637298e+001  4.000000e+000  3.200000e+001
    endloop
  endfacet
  facet normal  -0.000000e+000  9.999999e-001  0.000000e+000
    outer loop
      vertex -1.250000e+001  4.000000e+000  1.800000e+001
      vertex -1.637298e+001  4.000000e+000  3.200000e+001
      vertex -1.562422e+001  4.000000e+000  3.207071e+001
    endloop
  endfacet
  facet normal  -0.000000e+000  1.000000e+000  0.000000e+000
    outer loop
      vertex -1.250000e+001  4.000000e+000  1.800000e+001
      vertex -1.562422e+001  4.000000e+000  3.207071e+001
      vertex -1.490192e+001  4.000000e+000  3.228033e+001
    endloop
  endfacet
  facet normal  -0.000000e+000  1.000000e+000  0.000000e+000
    outer loop
      vertex -1.250000e+001  4.000000e+000  1.800000e+001
      vertex -1.490192e+001  4.000000e+000  3.228033e+001
      vertex -1.423164e+001  4.000000e+000  3.262144e+001
    endloop
  endfacet
  facet normal  -0.000000e+000  1.000000e+000  0.000000e+000
    outer loop
      vertex -1.250000e+001  4.000000e+000  1.800000e+001
      vertex -1.423164e+001  4.000000e+000  3.262144e+001
      vertex -1.363705e+001  4.000000e+000  3.308201e+001
    endloop
  endfacet
  facet normal  -0.000000e+000  1.000000e+000  0.000000e+000
    outer loop
      vertex -1.250000e+001  4.000000e+000  1.800000e+001
      vertex -1.363705e+001  4.000000e+000  3.308201e+001
      vertex -1.313919e+001  4.000000e+000  3.364573e+001
    endloop
  endfacet
  facet normal  -0.000000e+000  1.000000e+000  0.000000e+000
    outer loop
      vertex -1.250000e+001  4.000000e+000  1.800000e+001
      vertex -1.313919e+001  4.000000e+000  3.364573e+001
      vertex -1.275565e+001  4.000000e+000  3.429269e+001
    endloop
  endfacet
  facet normal  -0.000000e+000  1.000000e+000  0.000000e+000
    outer loop
      vertex -1.250000e+001  4.000000e+000  1.800000e+001
      vertex -1.275565e+001  4.000000e+000  3.429269e+001
      vertex -1.250000e+001  4.000000e+000  3.500000e+001
    endloop
  endfacet
  facet normal -1.000000e+000  -0.000000e+000  0.000000e+000
    outer loop
      vertex -4.000000e+000  1.250000e+001  3.500000e+001
      vertex -4.000000e+000  1.275565e+001  3.429269e+001
      vertex -4.000000e+000  1.250000e+001  1.800000e+001
    endloop
  endfacet
  facet normal -1.000000e+000  -0.000000e+000  0.000000e+000
    outer loop
      vertex -4.000000e+000  1.604964e+001  2.552875e+001
      vertex -4.000000e+000  1.626625e+001  2.510363e+001
      vertex -4.000000e+000  1.580541e+001  1.993923e+001
    endloop
  endfacet
  facet normal -1.000000e+000  0.000000e+000  -0.000000e+000
    outer loop
      vertex -4.000000e+000  1.902500e+001  2.600000e+001
      vertex -4.000000e+000  1.922394e+001  3.134604e+001
      vertex -4.000000e+000  2.002671e+001  3.085410e+001
    endloop
  endfacet
  facet normal -1.000000e+000  0.000000e+000  -0.000000e+000
    outer loop
      vertex -4.000000e+000  1.902500e+001  2.600000e+001
      vertex -4.000000e+000  2.002671e+001  3.085410e+001
      vertex -4.000000e+000  2.074264e+001  3.024264e+001
    endloop
  endfacet
  facet normal -1.000000e+000  0.000000e+000  -0.000000e+000
    outer loop
      vertex -4.000000e+000  1.902500e+001  2.600000e+001
      vertex -4.000000e+000  2.074264e+001  3.024264e+001
      vertex -4.000000e+000  2.135410e+001  2.952671e+001
    endloop
  endfacet
  facet normal -1.000000e+000  0.000000e+000  -0.000000e+000
    outer loop
      vertex -4.000000e+000  1.902500e+001  2.600000e+001
      vertex -4.000000e+000  2.135410e+001  2.952671e+001
      vertex -4.000000e+000  2.184604e+001  2.872394e+001
    endloop
  endfacet
  facet normal -1.000000e+000  0.000000e+000  -0.000000e+000
    outer loop
      vertex -4.000000e+000  1.902500e+001  2.600000e+001
      vertex -4.000000e+000  2.184604e+001  2.872394e+001
      vertex -4.000000e+000  2.220634e+001  2.785410e+001
    endloop
  endfacet
  facet normal -1.000000e+000  0.000000e+000  -0.000000e+000
    outer loop
      vertex -4.000000e+000  1.902500e+001  2.600000e+001
      vertex -4.000000e+000  2.220634e+001  2.785410e+001
      vertex -4.000000e+000  2.242613e+001  2.693861e+001
    endloop
  endfacet
  facet normal -1.000000e+000  0.000000e+000  -0.000000e+000
    outer loop
      vertex -4.000000e+000  1.902500e+001  2.600000e+001
      vertex -4.000000e+000  2.242613e+001  2.693861e+001
      vertex -4.000000e+000  2.250000e+001  2.600000e+001
    endloop
  endfacet
  facet normal -1.000000e+000  -0.000000e+000  0.000000e+000
    outer loop
      vertex -4.000000e+000  1.902500e+001  2.600000e+001
      vertex -4.000000e+000  2.250000e+001  2.600000e+001
      vertex -4.000000e+000  2.242613e+001  2.506139e+001
    endloop
  endfacet
  facet normal -1.000000e+000  -0.000000e+000  0.000000e+000
    outer loop
      vertex -4.000000e+000  1.902500e+001  2.600000e+001
      vertex -4.000000e+000  2.242613e+001  2.506139e+001
      vertex -4.000000e+000  2.220634e+001  2.414590e+001
    endloop
  endfacet
  facet normal -1.000000e+000  -0.000000e+000  0.000000e+000
    outer loop
      vertex -4.000000e+000  1.902500e+001  2.600000e+001
      vertex -4.000000e+000  2.220634e+001  2.414590e+001
      vertex -4.000000e+000  2.184604e+001  2.327606e+001
    endloop
  endfacet
  facet normal -1.000000e+000  -0.000000e+000  0.000000e+000
    outer loop
      vertex -4.000000e+000  1.902500e+001  2.600000e+001
      vertex -4.000000e+000  2.184604e+001  2.327606e+001
      vertex -4.000000e+000  2.135410e+001  2.247329e+001
    endloop
  endfacet
  facet normal -1.000000e+000  -0.000000e+000  0.000000e+000
    outer loop
      vertex -4.000000e+000  1.902500e+001  2.600000e+001
      vertex -4.000000e+000  2.135410e+001  2.247329e+001
      vertex -4.000000e+000  2.074264e+001  2.175736e+001
    endloop
  endfacet
  facet normal -1.000000e+000  -0.000000e+000  0.000000e+000
    outer loop
      vertex -4.000000e+000  1.902500e+001  2.600000e+001
      vertex -4.000000e+000  2.074264e+001  2.175736e+001
      vertex -4.000000e+000  2.002671e+001  2.114590e+001
    endloop
  endfacet
  facet normal -1.000000e+000  -0.000000e+000  0.000000e+000
    outer loop
      vertex -4.000000e+000  1.902500e+001  2.600000e+001
      vertex -4.000000e+000  2.002671e+001  2.114590e+001
      vertex -4.000000e+000  1.922394e+001  2.065396e+001
    endloop
  endfacet
  facet normal -9.999999e-001  -0.000000e+000  0.000000e+000
    outer loop
      vertex -4.000000e+000  1.902500e+001  2.600000e+001
      vertex -4.000000e+000  1.922394e+001  2.065396e+001
      vertex -4.000000e+000  1.835410e+001  2.029366e+001
    endloop
  endfacet
  facet normal -9.999999e-001  -0.000000e+000  0.000000e+000
    outer loop
      vertex -4.000000e+000  1.835410e+001  3.170634e+001
      vertex -4.000000e+000  1.922394e+001  3.134604e+001
      vertex -4.000000e+000  1.902500e+001  2.600000e+001
    endloop
  endfacet
  facet normal -1.000000e+000  0.000000e+000  0.000000e+000
    outer loop
      vertex -4.000000e+000  1.835410e+001  3.170634e+001
      vertex -4.000000e+000  1.902500e+001  2.600000e+001
      vertex -4.000000e+000  1.895036e+001  2.647125e+001
    endloop
  endfacet
  facet normal -1.000000e+000  0.000000e+000  0.000000e+000
    outer loop
      vertex -4.000000e+000  1.835410e+001  3.170634e+001
      vertex -4.000000e+000  1.895036e+001  2.647125e+001
      vertex -4.000000e+000  1.873375e+001  2.689637e+001
    endloop
  endfacet
  facet normal -1.000000e+000  0.000000e+000  0.000000e+000
    outer loop
      vertex -4.000000e+000  1.835410e+001  3.170634e+001
      vertex -4.000000e+000  1.873375e+001  2.689637e+001
      vertex -4.000000e+000  1.839637e+001  2.723375e+001
    endloop
  endfacet
  facet normal -9.999999e-001  0.000000e+000  0.000000e+000
    outer loop
      vertex -4.000000e+000  1.835410e+001  3.170634e+001
      vertex -4.000000e+000  1.839637e+001  2.723375e+001
      vertex -4.000000e+000  1.797125e+001  2.745036e+001
    endloop
  endfacet
  facet normal -9.999999e-001  0.000000e+000  0.000000e+000
    outer loop
      vertex -4.000000e+000  1.835410e+001  3.170634e+001
      vertex -4.000000e+000  1.797125e+001  2.745036e+001
      vertex -4.000000e+000  1.743861e+001  3.192613e+001
    endloop
  endfacet
  facet normal -1.000000e+000  -0.000000e+000  0.000000e+000
    outer loop
      vertex -4.000000e+000  1.562422e+001  3.207071e+001
      vertex -4.000000e+000  1.637298e+001  3.200000e+001
      vertex -4.000000e+000  1.626625e+001  2.689637e+001
    endloop
  endfacet
  facet normal -1.000000e+000  -0.000000e+000  0.000000e+000
    outer loop
      vertex -4.000000e+000  1.562422e+001  3.207071e+001
      vertex -4.000000e+000  1.626625e+001  2.689637e+001
      vertex -4.000000e+000  1.604964e+001  2.647125e+001
    endloop
  endfacet
  facet normal -9.999999e-001  -0.000000e+000  0.000000e+000
    outer loop
      vertex -4.000000e+000  1.562422e+001  3.207071e+001
      vertex -4.000000e+000  1.604964e+001  2.647125e+001
      vertex -4.000000e+000  1.597500e+001  2.600000e+001
    endloop
  endfacet
  facet normal -1.000000e+000  0.000000e+000  0.000000e+000
    outer loop
      vertex -4.000000e+000  1.562422e+001  3.207071e+001
      vertex -4.000000e+000  1.597500e+001  2.600000e+001
      vertex -4.000000e+000  1.490192e+001  3.228033e+001
    endloop
  endfacet
  facet normal -9.999999e-001  0.000000e+000  0.000000e+000
    outer loop
      vertex -4.000000e+000  1.835410e+001  2.029366e+001
      vertex -4.000000e+000  1.743861e+001  2.007387e+001
      vertex -4.000000e+000  1.797125e+001  2.454964e+001
    endloop
  endfacet
  facet normal -9.999999e-001  0.000000e+000  0.000000e+000
    outer loop
      vertex -4.000000e+000  1.835410e+001  2.029366e+001
      vertex -4.000000e+000  1.797125e+001  2.454964e+001
      vertex -4.000000e+000  1.839637e+001  2.476625e+001
    endloop
  endfacet
  facet normal -1.000000e+000  0.000000e+000  -0.000000e+000
    outer loop
      vertex -4.000000e+000  1.835410e+001  2.029366e+001
      vertex -4.000000e+000  1.839637e+001  2.476625e+001
      vertex -4.000000e+000  1.873375e+001  2.510363e+001
    endloop
  endfacet
  facet normal -1.000000e+000  0.000000e+000  -0.000000e+000
    outer loop
      vertex -4.000000e+000  1.835410e+001  2.029366e+001
      vertex -4.000000e+000  1.873375e+001  2.510363e+001
      vertex -4.000000e+000  1.895036e+001  2.552875e+001
    endloop
  endfacet
  facet normal -1.000000e+000  0.000000e+000  -0.000000e+000
    outer loop
      vertex -4.000000e+000  1.835410e+001  2.029366e+001
      vertex -4.000000e+000  1.895036e+001  2.552875e+001
      vertex -4.000000e+000  1.902500e+001  2.600000e+001
    endloop
  endfacet
  facet normal -1.000000e+000  -0.000000e+000  0.000000e+000
    outer loop
      vertex -4.000000e+000  1.597500e+001  2.600000e+001
      vertex -4.000000e+000  1.604964e+001  2.552875e+001
      vertex -4.000000e+000  1.580541e+001  1.993923e+001
    endloop
  endfacet
  facet normal -1.000000e+000  -0.000000e+000  0.000000e+000
    outer loop
      vertex -4.000000e+000  1.597500e+001  2.600000e+001
      vertex -4.000000e+000  1.580541e+001  1.993923e+001
      vertex -4.000000e+000  1.513192e+001  1.975877e+001
    endloop
  endfacet
  facet normal -1.000000e+000  -0.000000e+000  0.000000e+000
    outer loop
      vertex -4.000000e+000  1.597500e+001  2.600000e+001
      vertex -4.000000e+000  1.513192e+001  1.975877e+001
      vertex -4.000000e+000  1.450000e+001  1.946410e+001
    endloop
  endfacet
  facet normal -1.000000e+000  -0.000000e+000  0.000000e+000
    outer loop
      vertex -4.000000e+000  1.597500e+001  2.600000e+001
      vertex -4.000000e+000  1.450000e+001  1.946410e+001
      vertex -4.000000e+000  1.392885e+001  1.906418e+001
    endloop
  endfacet
  facet normal -1.000000e+000  -0.000000e+000  0.000000e+000
    outer loop
      vertex -4.000000e+000  1.597500e+001  2.600000e+001
      vertex -4.000000e+000  1.392885e+001  1.906418e+001
      vertex -4.000000e+000  1.343582e+001  1.857115e+001
    endloop
  endfacet
  facet normal -1.000000e+000  -0.000000e+000  0.000000e+000
    outer loop
      vertex -4.000000e+000  1.597500e+001  2.600000e+001
      vertex -4.000000e+000  1.343582e+001  1.857115e+001
      vertex -4.000000e+000  1.303590e+001  1.800000e+001
    endloop
  endfacet
  facet normal -1.000000e+000  0.000000e+000  0.000000e+000
    outer loop
      vertex -4.000000e+000  1.597500e+001  2.600000e+001
      vertex -4.000000e+000  1.303590e+001  1.800000e+001
      vertex -4.000000e+000  1.250000e+001  1.800000e+001
    endloop
  endfacet
  facet normal -1.000000e+000  0.000000e+000  0.000000e+000
    outer loop
      vertex -4.000000e+000  1.597500e+001  2.600000e+001
      vertex -4.000000e+000  1.250000e+001  1.800000e+001
      vertex -4.000000e+000  1.275565e+001  3.429269e+001
    endloop
  endfacet
  facet normal -9.999999e-001  0.000000e+000  0.000000e+000
    outer loop
      vertex -4.000000e+000  1.597500e+001  2.600000e+001
      vertex -4.000000e+000  1.275565e+001  3.429269e+001
      vertex -4.000000e+000  1.313919e+001  3.364573e+001
    endloop
  endfacet
  facet normal -1.000000e+000  0.000000e+000  0.000000e+000
    outer loop
      vertex -4.000000e+000  1.597500e+001  2.600000e+001
      vertex -4.000000e+000  1.313919e+001  3.364573e+001
      vertex -4.000000e+000  1.363705e+001  3.308201e+001
    endloop
  endfacet
  facet normal -1.000000e+000  0.000000e+000  0.000000e+000
    outer loop
      vertex -4.000000e+000  1.597500e+001  2.600000e+001
      vertex -4.000000e+000  1.363705e+001  3.308201e+001
      vertex -4.000000e+000  1.423164e+001  3.262144e+001
    endloop
  endfacet
  facet normal -1.000000e+000  0.000000e+000  0.000000e+000
    outer loop
      vertex -4.000000e+000  1.597500e+001  2.600000e+001
      vertex -4.000000e+000  1.423164e+001  3.262144e+001
      vertex -4.000000e+000  1.490192e+001  3.228033e+001
    endloop
  endfacet
  facet normal -1.000000e+000  0.000000e+000  0.000000e+000
    outer loop
      vertex -4.000000e+000  1.797125e+001  2.745036e+001
      vertex -4.000000e+000  1.750000e+001  2.752500e+001
      vertex -4.000000e+000  1.743861e+001  3.192613e+001
    endloop
  endfacet
  facet normal -1.000000e+000  0.000000e+000  -0.000000e+000
    outer loop
      vertex -4.000000e+000  1.743861e+001  3.192613e+001
      vertex -4.000000e+000  1.750000e+001  2.752500e+001
      vertex -4.000000e+000  1.702875e+001  2.745036e+001
    endloop
  endfacet
  facet normal -1.000000e+000  0.000000e+000  0.000000e+000
    outer loop
      vertex -4.000000e+000  1.743861e+001  3.192613e+001
      vertex -4.000000e+000  1.702875e+001  2.745036e+001
      vertex -4.000000e+000  1.650000e+001  3.200000e+001
    endloop
  endfacet
  facet normal -1.000000e+000  0.000000e+000  0.000000e+000
    outer loop
      vertex -4.000000e+000  1.702875e+001  2.745036e+001
      vertex -4.000000e+000  1.660363e+001  2.723375e+001
      vertex -4.000000e+000  1.650000e+001  3.200000e+001
    endloop
  endfacet
  facet normal -1.000000e+000  0.000000e+000  -0.000000e+000
    outer loop
      vertex -4.000000e+000  1.650000e+001  3.200000e+001
      vertex -4.000000e+000  1.660363e+001  2.723375e+001
      vertex -4.000000e+000  1.626625e+001  2.689637e+001
    endloop
  endfacet
  facet normal -1.000000e+000  0.000000e+000  0.000000e+000
    outer loop
      vertex -4.000000e+000  1.650000e+001  3.200000e+001
      vertex -4.000000e+000  1.626625e+001  2.689637e+001
      vertex -4.000000e+000  1.637298e+001  3.200000e+001
    endloop
  endfacet
  facet normal -1.000000e+000  0.000000e+000  0.000000e+000
    outer loop
      vertex -4.000000e+000  1.797125e+001  2.454964e+001
      vertex -4.000000e+000  1.743861e+001  2.007387e+001
      vertex -4.000000e+000  1.750000e+001  2.447500e+001
    endloop
  endfacet
  facet normal -1.000000e+000  0.000000e+000  0.000000e+000
    outer loop
      vertex -4.000000e+000  1.750000e+001  2.447500e+001
      vertex -4.000000e+000  1.743861e+001  2.007387e+001
      vertex -4.000000e+000  1.650000e+001  2.000000e+001
    endloop
  endfacet
  facet normal -1.000000e+000  0.000000e+000  0.000000e+000
    outer loop
      vertex -4.000000e+000  1.750000e+001  2.447500e+001
      vertex -4.000000e+000  1.650000e+001  2.000000e+001
      vertex -4.000000e+000  1.702875e+001  2.454964e+001
    endloop
  endfacet
  facet normal -1.000000e+000  0.000000e+000  0.000000e+000
    outer loop
      vertex -4.000000e+000  1.702875e+001  2.454964e+001
      vertex -4.000000e+000  1.650000e+001  2.000000e+001
      vertex -4.000000e+000  1.660363e+001  2.476625e+001
    endloop
  endfacet
  facet normal -1.000000e+000  0.000000e+000  0.000000e+000
    outer loop
      vertex -4.000000e+000  1.660363e+001  2.476625e+001
      vertex -4.000000e+000  1.650000e+001  2.000000e+001
      vertex -4.000000e+000  1.580541e+001  1.993923e+001
    endloop
  endfacet
  facet normal -1.000000e+000  0.000000e+000  0.000000e+000
    outer loop
      vertex -4.000000e+000  1.660363e+001  2.476625e+001
      vertex -4.000000e+000  1.580541e+001  1.993923e+001
      vertex -4.000000e+000  1.626625e+001  2.510363e+001
    endloop
  endfacet
  facet normal  1.000000e+000  0.000000e+000  0.000000e+000
    outer loop
      vertex  4.000000e+000  1.604964e+001  2.552875e+001
      vertex  4.000000e+000  1.580541e+001  1.993923e+001
      vertex  4.000000e+000  1.626625e+001  2.510363e+001
    endloop
  endfacet
  facet normal  1.000000e+000  0.000000e+000  0.000000e+000
    outer loop
      vertex  4.000000e+000  1.660363e+001  2.723375e+001
      vertex  4.000000e+000  1.702875e+001  2.745036e+001
      vertex  4.000000e+000  1.650000e+001  3.200000e+001
    endloop
  endfacet
  facet normal  1.000000e+000  0.000000e+000  -0.000000e+000
    outer loop
      vertex  4.000000e+000  1.250000e+001  1.800000e+001
      vertex  4.000000e+000  1.303590e+001  1.800000e+001
      vertex  4.000000e+000  1.597500e+001  2.600000e+001
    endloop
  endfacet
  facet normal  9.999999e-001  0.000000e+000  0.000000e+000
    outer loop
      vertex  4.000000e+000  1.250000e+001  1.800000e+001
      vertex  4.000000e+000  1.597500e+001  2.600000e+001
      vertex  4.000000e+000  1.562422e+001  3.207071e+001
    endloop
  endfacet
  facet normal  1.000000e+000  0.000000e+000  0.000000e+000
    outer loop
      vertex  4.000000e+000  1.250000e+001  1.800000e+001
      vertex  4.000000e+000  1.562422e+001  3.207071e+001
      vertex  4.000000e+000  1.490192e+001  3.228033e+001
    endloop
  endfacet
  facet normal  1.000000e+000  0.000000e+000  0.000000e+000
    outer loop
      vertex  4.000000e+000  1.250000e+001  1.800000e+001
      vertex  4.000000e+000  1.490192e+001  3.228033e+001
      vertex  4.000000e+000  1.423164e+001  3.262144e+001
    endloop
  endfacet
  facet normal  1.000000e+000  0.000000e+000  0.000000e+000
    outer loop
      vertex  4.000000e+000  1.250000e+001  1.800000e+001
      vertex  4.000000e+000  1.423164e+001  3.262144e+001
      vertex  4.000000e+000  1.363705e+001  3.308201e+001
    endloop
  endfacet
  facet normal  1.000000e+000  0.000000e+000  0.000000e+000
    outer loop
      vertex  4.000000e+000  1.250000e+001  1.800000e+001
      vertex  4.000000e+000  1.363705e+001  3.308201e+001
      vertex  4.000000e+000  1.313919e+001  3.364573e+001
    endloop
  endfacet
  facet normal  1.000000e+000  0.000000e+000  0.000000e+000
    outer loop
      vertex  4.000000e+000  1.250000e+001  1.800000e+001
      vertex  4.000000e+000  1.313919e+001  3.364573e+001
      vertex  4.000000e+000  1.275565e+001  3.429269e+001
    endloop
  endfacet
  facet normal  1.000000e+000  0.000000e+000  0.000000e+000
    outer loop
      vertex  4.000000e+000  1.250000e+001  1.800000e+001
      vertex  4.000000e+000  1.275565e+001  3.429269e+001
      vertex  4.000000e+000  1.250000e+001  3.500000e+001
    endloop
  endfacet
  facet normal  1.000000e+000  0.000000e+000  -0.000000e+000
    outer loop
      vertex  4.000000e+000  1.902500e+001  2.600000e+001
      vertex  4.000000e+000  1.922394e+001  2.065396e+001
      vertex  4.000000e+000  2.002671e+001  2.114590e+001
    endloop
  endfacet
  facet normal  1.000000e+000  0.000000e+000  -0.000000e+000
    outer loop
      vertex  4.000000e+000  1.902500e+001  2.600000e+001
      vertex  4.000000e+000  2.002671e+001  2.114590e+001
      vertex  4.000000e+000  2.074264e+001  2.175736e+001
    endloop
  endfacet
  facet normal  1.000000e+000  0.000000e+000  -0.000000e+000
    outer loop
      vertex  4.000000e+000  1.902500e+001  2.600000e+001
      vertex  4.000000e+000  2.074264e+001  2.175736e+001
      vertex  4.000000e+000  2.135410e+001  2.247329e+001
    endloop
  endfacet
  facet normal  1.000000e+000  0.000000e+000  -0.000000e+000
    outer loop
      vertex  4.000000e+000  1.902500e+001  2.600000e+001
      vertex  4.000000e+000  2.135410e+001  2.247329e+001
      vertex  4.000000e+000  2.184604e+001  2.327606e+001
    endloop
  endfacet
  facet normal  1.000000e+000  0.000000e+000  -0.000000e+000
    outer loop
      vertex  4.000000e+000  1.902500e+001  2.600000e+001
      vertex  4.000000e+000  2.184604e+001  2.327606e+001
      vertex  4.000000e+000  2.220634e+001  2.414590e+001
    endloop
  endfacet
  facet normal  1.000000e+000  0.000000e+000  -0.000000e+000
    outer loop
      vertex  4.000000e+000  1.902500e+001  2.600000e+001
      vertex  4.000000e+000  2.220634e+001  2.414590e+001
      vertex  4.000000e+000  2.242613e+001  2.506139e+001
    endloop
  endfacet
  facet normal  1.000000e+000  0.000000e+000  -0.000000e+000
    outer loop
      vertex  4.000000e+000  1.902500e+001  2.600000e+001
      vertex  4.000000e+000  2.242613e+001  2.506139e+001
      vertex  4.000000e+000  2.250000e+001  2.600000e+001
    endloop
  endfacet
  facet normal  1.000000e+000  0.000000e+000  0.000000e+000
    outer loop
      vertex  4.000000e+000  1.902500e+001  2.600000e+001
      vertex  4.000000e+000  2.250000e+001  2.600000e+001
      vertex  4.000000e+000  2.242613e+001  2.693861e+001
    endloop
  endfacet
  facet normal  1.000000e+000  0.000000e+000  0.000000e+000
    outer loop
      vertex  4.000000e+000  1.902500e+001  2.600000e+001
      vertex  4.000000e+000  2.242613e+001  2.693861e+001
      vertex  4.000000e+000  2.220634e+001  2.785410e+001
    endloop
  endfacet
  facet normal  1.000000e+000  0.000000e+000  0.000000e+000
    outer loop
      vertex  4.000000e+000  1.902500e+001  2.600000e+001
      vertex  4.000000e+000  2.220634e+001  2.785410e+001
      vertex  4.000000e+000  2.184604e+001  2.872394e+001
    endloop
  endfacet
  facet normal  1.000000e+000  0.000000e+000  0.000000e+000
    outer loop
      vertex  4.000000e+000  1.902500e+001  2.600000e+001
      vertex  4.000000e+000  2.184604e+001  2.872394e+001
      vertex  4.000000e+000  2.135410e+001  2.952671e+001
    endloop
  endfacet
  facet normal  1.000000e+000  0.000000e+000  0.000000e+000
    outer loop
      vertex  4.000000e+000  1.902500e+001  2.600000e+001
      vertex  4.000000e+000  2.135410e+001  2.952671e+001
      vertex  4.000000e+000  2.074264e+001  3.024264e+001
    endloop
  endfacet
  facet normal  1.000000e+000  0.000000e+000  0.000000e+000
    outer loop
      vertex  4.000000e+000  1.902500e+001  2.600000e+001
      vertex  4.000000e+000  2.074264e+001  3.024264e+001
      vertex  4.000000e+000  2.002671e+001  3.085410e+001
    endloop
  endfacet
  facet normal  1.000000e+000  0.000000e+000  0.000000e+000
    outer loop
      vertex  4.000000e+000  1.902500e+001  2.600000e+001
      vertex  4.000000e+000  2.002671e+001  3.085410e+001
      vertex  4.000000e+000  1.922394e+001  3.134604e+001
    endloop
  endfacet
  facet normal  9.999999e-001  0.000000e+000  0.000000e+000
    outer loop
      vertex  4.000000e+000  1.902500e+001  2.600000e+001
      vertex  4.000000e+000  1.922394e+001  3.134604e+001
      vertex  4.000000e+000  1.835410e+001  3.170634e+001
    endloop
  endfacet
  facet normal  9.999999e-001  0.000000e+000  0.000000e+000
    outer loop
      vertex  4.000000e+000  1.835410e+001  2.029366e+001
      vertex  4.000000e+000  1.922394e+001  2.065396e+001
      vertex  4.000000e+000  1.902500e+001  2.600000e+001
    endloop
  endfacet
  facet normal  1.000000e+000  0.000000e+000  0.000000e+000
    outer loop
      vertex  4.000000e+000  1.835410e+001  2.029366e+001
      vertex  4.000000e+000  1.902500e+001  2.600000e+001
      vertex  4.000000e+000  1.895036e+001  2.552875e+001
    endloop
  endfacet
  facet normal  1.000000e+000  0.000000e+000  0.000000e+000
    outer loop
      vertex  4.000000e+000  1.835410e+001  2.029366e+001
      vertex  4.000000e+000  1.895036e+001  2.552875e+001
      vertex  4.000000e+000  1.873375e+001  2.510363e+001
    endloop
  endfacet
  facet normal  1.000000e+000  0.000000e+000  0.000000e+000
    outer loop
      vertex  4.000000e+000  1.835410e+001  2.029366e+001
      vertex  4.000000e+000  1.873375e+001  2.510363e+001
      vertex  4.000000e+000  1.839637e+001  2.476625e+001
    endloop
  endfacet
  facet normal  9.999999e-001  0.000000e+000  0.000000e+000
    outer loop
      vertex  4.000000e+000  1.835410e+001  2.029366e+001
      vertex  4.000000e+000  1.839637e+001  2.476625e+001
      vertex  4.000000e+000  1.797125e+001  2.454964e+001
    endloop
  endfacet
  facet normal  9.999999e-001  0.000000e+000  0.000000e+000
    outer loop
      vertex  4.000000e+000  1.835410e+001  2.029366e+001
      vertex  4.000000e+000  1.797125e+001  2.454964e+001
      vertex  4.000000e+000  1.743861e+001  2.007387e+001
    endloop
  endfacet
  facet normal  1.000000e+000  0.000000e+000  0.000000e+000
    outer loop
      vertex  4.000000e+000  1.597500e+001  2.600000e+001
      vertex  4.000000e+000  1.303590e+001  1.800000e+001
      vertex  4.000000e+000  1.343582e+001  1.857115e+001
    endloop
  endfacet
  facet normal  1.000000e+000  0.000000e+000  0.000000e+000
    outer loop
      vertex  4.000000e+000  1.597500e+001  2.600000e+001
      vertex  4.000000e+000  1.343582e+001  1.857115e+001
      vertex  4.000000e+000  1.392885e+001  1.906418e+001
    endloop
  endfacet
  facet normal  1.000000e+000  0.000000e+000  0.000000e+000
    outer loop
      vertex  4.000000e+000  1.597500e+001  2.600000e+001
      vertex  4.000000e+000  1.392885e+001  1.906418e+001
      vertex  4.000000e+000  1.450000e+001  1.946410e+001
    endloop
  endfacet
  facet normal  1.000000e+000  0.000000e+000  0.000000e+000
    outer loop
      vertex  4.000000e+000  1.597500e+001  2.600000e+001
      vertex  4.000000e+000  1.450000e+001  1.946410e+001
      vertex  4.000000e+000  1.513192e+001  1.975877e+001
    endloop
  endfacet
  facet normal  1.000000e+000  0.000000e+000  0.000000e+000
    outer loop
      vertex  4.000000e+000  1.597500e+001  2.600000e+001
      vertex  4.000000e+000  1.513192e+001  1.975877e+001
      vertex  4.000000e+000  1.580541e+001  1.993923e+001
    endloop
  endfacet
  facet normal  1.000000e+000  0.000000e+000  0.000000e+000
    outer loop
      vertex  4.000000e+000  1.597500e+001  2.600000e+001
      vertex  4.000000e+000  1.580541e+001  1.993923e+001
      vertex  4.000000e+000  1.604964e+001  2.552875e+001
    endloop
  endfacet
  facet normal  9.999999e-001  0.000000e+000  0.000000e+000
    outer loop
      vertex  4.000000e+000  1.835410e+001  3.170634e+001
      vertex  4.000000e+000  1.743861e+001  3.192613e+001
      vertex  4.000000e+000  1.797125e+001  2.745036e+001
    endloop
  endfacet
  facet normal  9.999999e-001  -0.000000e+000  0.000000e+000
    outer loop
      vertex  4.000000e+000  1.835410e+001  3.170634e+001
      vertex  4.000000e+000  1.797125e+001  2.745036e+001
      vertex  4.000000e+000  1.839637e+001  2.723375e+001
    endloop
  endfacet
  facet normal  1.000000e+000  -0.000000e+000  -0.000000e+000
    outer loop
      vertex  4.000000e+000  1.835410e+001  3.170634e+001
      vertex  4.000000e+000  1.839637e+001  2.723375e+001
      vertex  4.000000e+000  1.873375e+001  2.689637e+001
    endloop
  endfacet
  facet normal  1.000000e+000  -0.000000e+000  -0.000000e+000
    outer loop
      vertex  4.000000e+000  1.835410e+001  3.170634e+001
      vertex  4.000000e+000  1.873375e+001  2.689637e+001
      vertex  4.000000e+000  1.895036e+001  2.647125e+001
    endloop
  endfacet
  facet normal  1.000000e+000  -0.000000e+000  -0.000000e+000
    outer loop
      vertex  4.000000e+000  1.835410e+001  3.170634e+001
      vertex  4.000000e+000  1.895036e+001  2.647125e+001
      vertex  4.000000e+000  1.902500e+001  2.600000e+001
    endloop
  endfacet
  facet normal  1.000000e+000  -0.000000e+000  0.000000e+000
    outer loop
      vertex  4.000000e+000  1.797125e+001  2.454964e+001
      vertex  4.000000e+000  1.750000e+001  2.447500e+001
      vertex  4.000000e+000  1.743861e+001  2.007387e+001
    endloop
  endfacet
  facet normal  1.000000e+000  0.000000e+000  -0.000000e+000
    outer loop
      vertex  4.000000e+000  1.743861e+001  2.007387e+001
      vertex  4.000000e+000  1.750000e+001  2.447500e+001
      vertex  4.000000e+000  1.702875e+001  2.454964e+001
    endloop
  endfacet
  facet normal  1.000000e+000  0.000000e+000  0.000000e+000
    outer loop
      vertex  4.000000e+000  1.743861e+001  2.007387e+001
      vertex  4.000000e+000  1.702875e+001  2.454964e+001
      vertex  4.000000e+000  1.650000e+001  2.000000e+001
    endloop
  endfacet
  facet normal  1.000000e+000  0.000000e+000  0.000000e+000
    outer loop
      vertex  4.000000e+000  1.702875e+001  2.454964e+001
      vertex  4.000000e+000  1.660363e+001  2.476625e+001
      vertex  4.000000e+000  1.650000e+001  2.000000e+001
    endloop
  endfacet
  facet normal  1.000000e+000  0.000000e+000  -0.000000e+000
    outer loop
      vertex  4.000000e+000  1.650000e+001  2.000000e+001
      vertex  4.000000e+000  1.660363e+001  2.476625e+001
      vertex  4.000000e+000  1.626625e+001  2.510363e+001
    endloop
  endfacet
  facet normal  1.000000e+000  0.000000e+000  0.000000e+000
    outer loop
      vertex  4.000000e+000  1.650000e+001  2.000000e+001
      vertex  4.000000e+000  1.626625e+001  2.510363e+001
      vertex  4.000000e+000  1.580541e+001  1.993923e+001
    endloop
  endfacet
  facet normal  1.000000e+000  0.000000e+000  0.000000e+000
    outer loop
      vertex  4.000000e+000  1.797125e+001  2.745036e+001
      vertex  4.000000e+000  1.743861e+001  3.192613e+001
      vertex  4.000000e+000  1.750000e+001  2.752500e+001
    endloop
  endfacet
  facet normal  1.000000e+000  0.000000e+000  0.000000e+000
    outer loop
      vertex  4.000000e+000  1.750000e+001  2.752500e+001
      vertex  4.000000e+000  1.743861e+001  3.192613e+001
      vertex  4.000000e+000  1.650000e+001  3.200000e+001
    endloop
  endfacet
  facet normal  1.000000e+000  0.000000e+000  0.000000e+000
    outer loop
      vertex  4.000000e+000  1.750000e+001  2.752500e+001
      vertex  4.000000e+000  1.650000e+001  3.200000e+001
      vertex  4.000000e+000  1.702875e+001  2.745036e+001
    endloop
  endfacet
  facet normal  9.999999e-001  0.000000e+000  0.000000e+000
    outer loop
      vertex  4.000000e+000  1.597500e+001  2.600000e+001
      vertex  4.000000e+000  1.604964e+001  2.647125e+001
      vertex  4.000000e+000  1.562422e+001  3.207071e+001
    endloop
  endfacet
  facet normal  1.000000e+000  0.000000e+000  0.000000e+000
    outer loop
      vertex  4.000000e+000  1.562422e+001  3.207071e+001
      vertex  4.000000e+000  1.604964e+001  2.647125e+001
      vertex  4.000000e+000  1.626625e+001  2.689637e+001
    endloop
  endfacet
  facet normal  1.000000e+000  0.000000e+000  -0.000000e+000
    outer loop
      vertex  4.000000e+000  1.562422e+001  3.207071e+001
      vertex  4.000000e+000  1.626625e+001  2.689637e+001
      vertex  4.000000e+000  1.637298e+001  3.200000e+001
    endloop
  endfacet
  facet normal  1.000000e+000  0.000000e+000  0.000000e+000
    outer loop
      vertex  4.000000e+000  1.637298e+001  3.200000e+001
      vertex  4.000000e+000  1.626625e+001  2.689637e+001
      vertex  4.000000e+000  1.660363e+001  2.723375e+001
    endloop
  endfacet
  facet normal  1.000000e+000  0.000000e+000  0.000000e+000
    outer loop
      vertex  4.000000e+000  1.637298e+001  3.200000e+001
      vertex  4.000000e+000  1.660363e+001  2.723375e+001
      vertex  4.000000e+000  1.650000e+001  3.200000e+001
    endloop
  endfacet
  facet normal  0.000000e+000  1.000000e+000  0.000000e+000
    outer loop
      vertex  1.839637e+001  4.000000e+000  2.723375e+001
      vertex  1.797125e+001  4.000000e+000  2.745036e+001
      vertex  2.242613e+001  4.000000e+000  2.693861e+001
    endloop
  endfacet
  facet normal  0.000000e+000  1.000000e+000  -0.000000e+000
    outer loop
      vertex  2.242613e+001  4.000000e+000  2.693861e+001
      vertex  1.873375e+001  4.000000e+000  2.689637e+001
      vertex  1.839637e+001  4.000000e+000  2.723375e+001
    endloop
  endfacet
  facet normal  0.000000e+000  1.000000e+000  0.000000e+000
    outer loop
      vertex  1.250000e+001  4.000000e+000  1.800000e+001
      vertex  1.604964e+001  4.000000e+000  2.647125e+001
      vertex  1.597500e+001  4.000000e+000  2.600000e+001
    endloop
  endfacet
  facet normal  0.000000e+000  1.000000e+000  0.000000e+000
    outer loop
      vertex  1.250000e+001  4.000000e+000  1.800000e+001
      vertex  1.597500e+001  4.000000e+000  2.600000e+001
      vertex  1.604964e+001  4.000000e+000  2.552875e+001
    endloop
  endfacet
  facet normal  0.000000e+000  1.000000e+000  0.000000e+000
    outer loop
      vertex  1.250000e+001  4.000000e+000  1.800000e+001
      vertex  1.604964e+001  4.000000e+000  2.552875e+001
      vertex  1.626625e+001  4.000000e+000  2.510363e+001
    endloop
  endfacet
  facet normal  0.000000e+000  1.000000e+000  0.000000e+000
    outer loop
      vertex  1.250000e+001  4.000000e+000  1.800000e+001
      vertex  1.626625e+001  4.000000e+000  2.510363e+001
      vertex  1.660363e+001  4.000000e+000  2.476625e+001
    endloop
  endfacet
  facet normal  0.000000e+000  1.000000e+000  0.000000e+000
    outer loop
      vertex  1.250000e+001  4.000000e+000  1.800000e+001
      vertex  1.660363e+001  4.000000e+000  2.476625e+001
      vertex  1.702875e+001  4.000000e+000  2.454964e+001
    endloop
  endfacet
  facet normal  0.000000e+000  9.999999e-001  0.000000e+000
    outer loop
      vertex  1.250000e+001  4.000000e+000  1.800000e+001
      vertex  1.702875e+001  4.000000e+000  2.454964e+001
      vertex  1.750000e+001  4.000000e+000  2.447500e+001
    endloop
  endfacet
  facet normal  0.000000e+000  9.999999e-001  0.000000e+000
    outer loop
      vertex  1.250000e+001  4.000000e+000  1.800000e+001
      vertex  1.750000e+001  4.000000e+000  2.447500e+001
      vertex  1.392885e+001  4.000000e+000  1.906418e+001
    endloop
  endfacet
  facet normal  0.000000e+000  1.000000e+000  0.000000e+000
    outer loop
      vertex  1.250000e+001  4.000000e+000  1.800000e+001
      vertex  1.392885e+001  4.000000e+000  1.906418e+001
      vertex  1.343582e+001  4.000000e+000  1.857115e+001
    endloop
  endfacet
  facet normal  0.000000e+000  1.000000e+000  0.000000e+000
    outer loop
      vertex  1.250000e+001  4.000000e+000  1.800000e+001
      vertex  1.343582e+001  4.000000e+000  1.857115e+001
      vertex  1.303590e+001  4.000000e+000  1.800000e+001
    endloop
  endfacet
  facet normal  0.000000e+000  1.000000e+000  0.000000e+000
    outer loop
      vertex  1.750000e+001  4.000000e+000  2.447500e+001
      vertex  1.797125e+001  4.000000e+000  2.454964e+001
      vertex  2.220634e+001  4.000000e+000  2.414590e+001
    endloop
  endfacet
  facet normal  0.000000e+000  1.000000e+000  0.000000e+000
    outer loop
      vertex  1.750000e+001  4.000000e+000  2.447500e+001
      vertex  2.220634e+001  4.000000e+000  2.414590e+001
      vertex  2.184604e+001  4.000000e+000  2.327606e+001
    endloop
  endfacet
  facet normal  0.000000e+000  1.000000e+000  0.000000e+000
    outer loop
      vertex  1.750000e+001  4.000000e+000  2.447500e+001
      vertex  2.184604e+001  4.000000e+000  2.327606e+001
      vertex  2.135410e+001  4.000000e+000  2.247329e+001
    endloop
  endfacet
  facet normal  0.000000e+000  1.000000e+000  0.000000e+000
    outer loop
      vertex  1.750000e+001  4.000000e+000  2.447500e+001
      vertex  2.135410e+001  4.000000e+000  2.247329e+001
      vertex  2.074264e+001  4.000000e+000  2.175736e+001
    endloop
  endfacet
  facet normal  0.000000e+000  1.000000e+000  0.000000e+000
    outer loop
      vertex  1.750000e+001  4.000000e+000  2.447500e+001
      vertex  2.074264e+001  4.000000e+000  2.175736e+001
      vertex  2.002671e+001  4.000000e+000  2.114590e+001
    endloop
  endfacet
  facet normal  0.000000e+000  1.000000e+000  0.000000e+000
    outer loop
      vertex  1.750000e+001  4.000000e+000  2.447500e+001
      vertex  2.002671e+001  4.000000e+000  2.114590e+001
      vertex  1.922394e+001  4.000000e+000  2.065396e+001
    endloop
  endfacet
  facet normal  0.000000e+000  1.000000e+000  0.000000e+000
    outer loop
      vertex  1.750000e+001  4.000000e+000  2.447500e+001
      vertex  1.922394e+001  4.000000e+000  2.065396e+001
      vertex  1.835410e+001  4.000000e+000  2.029366e+001
    endloop
  endfacet
  facet normal  0.000000e+000  1.000000e+000  0.000000e+000
    outer loop
      vertex  1.750000e+001  4.000000e+000  2.447500e+001
      vertex  1.835410e+001  4.000000e+000  2.029366e+001
      vertex  1.743861e+001  4.000000e+000  2.007387e+001
    endloop
  endfacet
  facet normal  0.000000e+000  1.000000e+000  -0.000000e+000
    outer loop
      vertex  1.750000e+001  4.000000e+000  2.447500e+001
      vertex  1.743861e+001  4.000000e+000  2.007387e+001
      vertex  1.650000e+001  4.000000e+000  2.000000e+001
    endloop
  endfacet
  facet normal  0.000000e+000  1.000000e+000  -0.000000e+000
    outer loop
      vertex  1.750000e+001  4.000000e+000  2.447500e+001
      vertex  1.650000e+001  4.000000e+000  2.000000e+001
      vertex  1.580541e+001  4.000000e+000  1.993923e+001
    endloop
  endfacet
  facet normal  0.000000e+000  1.000000e+000  -0.000000e+000
    outer loop
      vertex  1.750000e+001  4.000000e+000  2.447500e+001
      vertex  1.580541e+001  4.000000e+000  1.993923e+001
      vertex  1.513192e+001  4.000000e+000  1.975877e+001
    endloop
  endfacet
  facet normal  0.000000e+000  1.000000e+000  -0.000000e+000
    outer loop
      vertex  1.750000e+001  4.000000e+000  2.447500e+001
      vertex  1.513192e+001  4.000000e+000  1.975877e+001
      vertex  1.450000e+001  4.000000e+000  1.946410e+001
    endloop
  endfacet
  facet normal  0.000000e+000  1.000000e+000  -0.000000e+000
    outer loop
      vertex  1.750000e+001  4.000000e+000  2.447500e+001
      vertex  1.450000e+001  4.000000e+000  1.946410e+001
      vertex  1.392885e+001  4.000000e+000  1.906418e+001
    endloop
  endfacet
  facet normal  0.000000e+000  1.000000e+000  0.000000e+000
    outer loop
      vertex  1.743861e+001  4.000000e+000  3.192613e+001
      vertex  1.835410e+001  4.000000e+000  3.170634e+001
      vertex  1.750000e+001  4.000000e+000  2.752500e+001
    endloop
  endfacet
  facet normal  0.000000e+000  1.000000e+000  0.000000e+000
    outer loop
      vertex  1.743861e+001  4.000000e+000  3.192613e+001
      vertex  1.750000e+001  4.000000e+000  2.752500e+001
      vertex  1.702875e+001  4.000000e+000  2.745036e+001
    endloop
  endfacet
  facet normal  0.000000e+000  1.000000e+000  -0.000000e+000
    outer loop
      vertex  1.743861e+001  4.000000e+000  3.192613e+001
      vertex  1.702875e+001  4.000000e+000  2.745036e+001
      vertex  1.660363e+001  4.000000e+000  2.723375e+001
    endloop
  endfacet
  facet normal  0.000000e+000  1.000000e+000  -0.000000e+000
    outer loop
      vertex  1.743861e+001  4.000000e+000  3.192613e+001
      vertex  1.660363e+001  4.000000e+000  2.723375e+001
      vertex  1.626625e+001  4.000000e+000  2.689637e+001
    endloop
  endfacet
  facet normal  0.000000e+000  1.000000e+000  -0.000000e+000
    outer loop
      vertex  1.743861e+001  4.000000e+000  3.192613e+001
      vertex  1.626625e+001  4.000000e+000  2.689637e+001
      vertex  1.604964e+001  4.000000e+000  2.647125e+001
    endloop
  endfacet
  facet normal  0.000000e+000  1.000000e+000  -0.000000e+000
    outer loop
      vertex  1.743861e+001  4.000000e+000  3.192613e+001
      vertex  1.604964e+001  4.000000e+000  2.647125e+001
      vertex  1.250000e+001  4.000000e+000  1.800000e+001
    endloop
  endfacet
  facet normal  0.000000e+000  1.000000e+000  0.000000e+000
    outer loop
      vertex  1.250000e+001  4.000000e+000  1.800000e+001
      vertex  1.250000e+001  4.000000e+000  3.500000e+001
      vertex  1.275565e+001  4.000000e+000  3.429269e+001
    endloop
  endfacet
  facet normal  0.000000e+000  1.000000e+000  0.000000e+000
    outer loop
      vertex  1.250000e+001  4.000000e+000  1.800000e+001
      vertex  1.275565e+001  4.000000e+000  3.429269e+001
      vertex  1.313919e+001  4.000000e+000  3.364573e+001
    endloop
  endfacet
  facet normal  0.000000e+000  1.000000e+000  0.000000e+000
    outer loop
      vertex  1.250000e+001  4.000000e+000  1.800000e+001
      vertex  1.313919e+001  4.000000e+000  3.364573e+001
      vertex  1.363705e+001  4.000000e+000  3.308201e+001
    endloop
  endfacet
  facet normal  0.000000e+000  1.000000e+000  0.000000e+000
    outer loop
      vertex  1.250000e+001  4.000000e+000  1.800000e+001
      vertex  1.363705e+001  4.000000e+000  3.308201e+001
      vertex  1.423164e+001  4.000000e+000  3.262144e+001
    endloop
  endfacet
  facet normal  0.000000e+000  1.000000e+000  0.000000e+000
    outer loop
      vertex  1.250000e+001  4.000000e+000  1.800000e+001
      vertex  1.423164e+001  4.000000e+000  3.262144e+001
      vertex  1.490192e+001  4.000000e+000  3.228033e+001
    endloop
  endfacet
  facet normal  0.000000e+000  1.000000e+000  0.000000e+000
    outer loop
      vertex  1.250000e+001  4.000000e+000  1.800000e+001
      vertex  1.490192e+001  4.000000e+000  3.228033e+001
      vertex  1.562422e+001  4.000000e+000  3.207071e+001
    endloop
  endfacet
  facet normal  0.000000e+000  9.999999e-001  0.000000e+000
    outer loop
      vertex  1.250000e+001  4.000000e+000  1.800000e+001
      vertex  1.562422e+001  4.000000e+000  3.207071e+001
      vertex  1.637298e+001  4.000000e+000  3.200000e+001
    endloop
  endfacet
  facet normal  -0.000000e+000  1.000000e+000  0.000000e+000
    outer loop
      vertex  1.250000e+001  4.000000e+000  1.800000e+001
      vertex  1.637298e+001  4.000000e+000  3.200000e+001
      vertex  1.650000e+001  4.000000e+000  3.200000e+001
    endloop
  endfacet
  facet normal  0.000000e+000  1.000000e+000  0.000000e+000
    outer loop
      vertex  1.250000e+001  4.000000e+000  1.800000e+001
      vertex  1.650000e+001  4.000000e+000  3.200000e+001
      vertex  1.743861e+001  4.000000e+000  3.192613e+001
    endloop
  endfacet
  facet normal  0.000000e+000  1.000000e+000  0.000000e+000
    outer loop
      vertex  1.750000e+001  4.000000e+000  2.752500e+001
      vertex  1.835410e+001  4.000000e+000  3.170634e+001
      vertex  1.922394e+001  4.000000e+000  3.134604e+001
    endloop
  endfacet
  facet normal  0.000000e+000  1.000000e+000  0.000000e+000
    outer loop
      vertex  1.750000e+001  4.000000e+000  2.752500e+001
      vertex  1.922394e+001  4.000000e+000  3.134604e+001
      vertex  2.002671e+001  4.000000e+000  3.085410e+001
    endloop
  endfacet
  facet normal  0.000000e+000  1.000000e+000  0.000000e+000
    outer loop
      vertex  1.750000e+001  4.000000e+000  2.752500e+001
      vertex  2.002671e+001  4.000000e+000  3.085410e+001
      vertex  2.074264e+001  4.000000e+000  3.024264e+001
    endloop
  endfacet
  facet normal  0.000000e+000  1.000000e+000  0.000000e+000
    outer loop
      vertex  1.750000e+001  4.000000e+000  2.752500e+001
      vertex  2.074264e+001  4.000000e+000  3.024264e+001
      vertex  2.135410e+001  4.000000e+000  2.952671e+001
    endloop
  endfacet
  facet normal  0.000000e+000  1.000000e+000  0.000000e+000
    outer loop
      vertex  1.750000e+001  4.000000e+000  2.752500e+001
      vertex  2.135410e+001  4.000000e+000  2.952671e+001
      vertex  2.184604e+001  4.000000e+000  2.872394e+001
    endloop
  endfacet
  facet normal  0.000000e+000  1.000000e+000  0.000000e+000
    outer loop
      vertex  1.750000e+001  4.000000e+000  2.752500e+001
      vertex  2.184604e+001  4.000000e+000  2.872394e+001
      vertex  2.220634e+001  4.000000e+000  2.785410e+001
    endloop
  endfacet
  facet normal  0.000000e+000  1.000000e+000  0.000000e+000
    outer loop
      vertex  1.750000e+001  4.000000e+000  2.752500e+001
      vertex  2.220634e+001  4.000000e+000  2.785410e+001
      vertex  2.242613e+001  4.000000e+000  2.693861e+001
    endloop
  endfacet
  facet normal  0.000000e+000  1.000000e+000  0.000000e+000
    outer loop
      vertex  1.750000e+001  4.000000e+000  2.752500e+001
      vertex  2.242613e+001  4.000000e+000  2.693861e+001
      vertex  1.797125e+001  4.000000e+000  2.745036e+001
    endloop
  endfacet
  facet normal  0.000000e+000  1.000000e+000  0.000000e+000
    outer loop
      vertex  1.902500e+001  4.000000e+000  2.600000e+001
      vertex  1.895036e+001  4.000000e+000  2.647125e+001
      vertex  2.250000e+001  4.000000e+000  2.600000e+001
    endloop
  endfacet
  facet normal  0.000000e+000  1.000000e+000  0.000000e+000
    outer loop
      vertex  2.250000e+001  4.000000e+000  2.600000e+001
      vertex  1.895036e+001  4.000000e+000  2.647125e+001
      vertex  1.873375e+001  4.000000e+000  2.689637e+001
    endloop
  endfacet
  facet normal  -0.000000e+000  1.000000e+000  0.000000e+000
    outer loop
      vertex  2.250000e+001  4.000000e+000  2.600000e+001
      vertex  1.873375e+001  4.000000e+000  2.689637e+001
      vertex  2.242613e+001  4.000000e+000  2.693861e+001
    endloop
  endfacet
  facet normal  0.000000e+000  9.999999e-001  0.000000e+000
    outer loop
      vertex  1.873375e+001  4.000000e+000  2.510363e+001
      vertex  1.895036e+001  4.000000e+000  2.552875e+001
      vertex  2.242613e+001  4.000000e+000  2.506139e+001
    endloop
  endfacet
  facet normal  0.000000e+000  1.000000e+000  0.000000e+000
    outer loop
      vertex  2.242613e+001  4.000000e+000  2.506139e+001
      vertex  1.895036e+001  4.000000e+000  2.552875e+001
      vertex  1.902500e+001  4.000000e+000  2.600000e+001
    endloop
  endfacet
  facet normal  -0.000000e+000  1.000000e+000  0.000000e+000
    outer loop
      vertex  2.242613e+001  4.000000e+000  2.506139e+001
      vertex  1.902500e+001  4.000000e+000  2.600000e+001
      vertex  2.250000e+001  4.000000e+000  2.600000e+001
    endloop
  endfacet
  facet normal  0.000000e+000  1.000000e+000  0.000000e+000
    outer loop
      vertex  1.797125e+001  4.000000e+000  2.454964e+001
      vertex  1.839637e+001  4.000000e+000  2.476625e+001
      vertex  2.220634e+001  4.000000e+000  2.414590e+001
    endloop
  endfacet
  facet normal  0.000000e+000  1.000000e+000  0.000000e+000
    outer loop
      vertex  2.220634e+001  4.000000e+000  2.414590e+001
      vertex  1.839637e+001  4.000000e+000  2.476625e+001
      vertex  1.873375e+001  4.000000e+000  2.510363e+001
    endloop
  endfacet
  facet normal  0.000000e+000  1.000000e+000  0.000000e+000
    outer loop
      vertex  2.220634e+001  4.000000e+000  2.414590e+001
      vertex  1.873375e+001  4.000000e+000  2.510363e+001
      vertex  2.242613e+001  4.000000e+000  2.506139e+001
    endloop
  endfacet
  facet normal  0.000000e+000 -1.000000e+000  0.000000e+000
    outer loop
      vertex  1.743861e+001 -4.000000e+000  2.007387e+001
      vertex  1.750000e+001 -4.000000e+000  2.447500e+001
      vertex  1.650000e+001 -4.000000e+000  2.000000e+001
    endloop
  endfacet
  facet normal  0.000000e+000 -1.000000e+000  0.000000e+000
    outer loop
      vertex  1.750000e+001 -4.000000e+000  2.447500e+001
      vertex  1.580541e+001 -4.000000e+000  1.993923e+001
      vertex  1.650000e+001 -4.000000e+000  2.000000e+001
    endloop
  endfacet
  facet normal  0.000000e+000 -1.000000e+000  0.000000e+000
    outer loop
      vertex  2.250000e+001 -4.000000e+000  2.600000e+001
      vertex  1.895036e+001 -4.000000e+000  2.647125e+001
      vertex  1.902500e+001 -4.000000e+000  2.600000e+001
    endloop
  endfacet
  facet normal  0.000000e+000 -1.000000e+000  0.000000e+000
    outer loop
      vertex  1.450000e+001 -4.000000e+000  1.946410e+001
      vertex  1.750000e+001 -4.000000e+000  2.447500e+001
      vertex  1.392885e+001 -4.000000e+000  1.906418e+001
    endloop
  endfacet
  facet normal  0.000000e+000 -1.000000e+000  0.000000e+000
    outer loop
      vertex  1.513192e+001 -4.000000e+000  1.975877e+001
      vertex  1.750000e+001 -4.000000e+000  2.447500e+001
      vertex  1.450000e+001 -4.000000e+000  1.946410e+001
    endloop
  endfacet
  facet normal  0.000000e+000 -1.000000e+000  0.000000e+000
    outer loop
      vertex  1.580541e+001 -4.000000e+000  1.993923e+001
      vertex  1.750000e+001 -4.000000e+000  2.447500e+001
      vertex  1.513192e+001 -4.000000e+000  1.975877e+001
    endloop
  endfacet
  facet normal  0.000000e+000 -1.000000e+000  0.000000e+000
    outer loop
      vertex  1.250000e+001 -4.000000e+000  1.800000e+001
      vertex  1.303590e+001 -4.000000e+000  1.800000e+001
      vertex  1.343582e+001 -4.000000e+000  1.857115e+001
    endloop
  endfacet
  facet normal  -0.000000e+000 -1.000000e+000  0.000000e+000
    outer loop
      vertex  1.250000e+001 -4.000000e+000  1.800000e+001
      vertex  1.343582e+001 -4.000000e+000  1.857115e+001
      vertex  1.392885e+001 -4.000000e+000  1.906418e+001
    endloop
  endfacet
  facet normal  -0.000000e+000 -9.999999e-001  0.000000e+000
    outer loop
      vertex  1.250000e+001 -4.000000e+000  1.800000e+001
      vertex  1.392885e+001 -4.000000e+000  1.906418e+001
      vertex  1.750000e+001 -4.000000e+000  2.447500e+001
    endloop
  endfacet
  facet normal  -0.000000e+000 -9.999999e-001  0.000000e+000
    outer loop
      vertex  1.250000e+001 -4.000000e+000  1.800000e+001
      vertex  1.750000e+001 -4.000000e+000  2.447500e+001
      vertex  1.702875e+001 -4.000000e+000  2.454964e+001
    endloop
  endfacet
  facet normal  -0.000000e+000 -1.000000e+000  0.000000e+000
    outer loop
      vertex  1.250000e+001 -4.000000e+000  1.800000e+001
      vertex  1.702875e+001 -4.000000e+000  2.454964e+001
      vertex  1.660363e+001 -4.000000e+000  2.476625e+001
    endloop
  endfacet
  facet normal  -0.000000e+000 -1.000000e+000  0.000000e+000
    outer loop
      vertex  1.250000e+001 -4.000000e+000  1.800000e+001
      vertex  1.660363e+001 -4.000000e+000  2.476625e+001
      vertex  1.626625e+001 -4.000000e+000  2.510363e+001
    endloop
  endfacet
  facet normal  -0.000000e+000 -1.000000e+000  0.000000e+000
    outer loop
      vertex  1.250000e+001 -4.000000e+000  1.800000e+001
      vertex  1.626625e+001 -4.000000e+000  2.510363e+001
      vertex  1.604964e+001 -4.000000e+000  2.552875e+001
    endloop
  endfacet
  facet normal  -0.000000e+000 -1.000000e+000  0.000000e+000
    outer loop
      vertex  1.250000e+001 -4.000000e+000  1.800000e+001
      vertex  1.604964e+001 -4.000000e+000  2.552875e+001
      vertex  1.597500e+001 -4.000000e+000  2.600000e+001
    endloop
  endfacet
  facet normal  -0.000000e+000 -1.000000e+000  0.000000e+000
    outer loop
      vertex  1.250000e+001 -4.000000e+000  1.800000e+001
      vertex  1.597500e+001 -4.000000e+000  2.600000e+001
      vertex  1.604964e+001 -4.000000e+000  2.647125e+001
    endloop
  endfacet
  facet normal  -0.000000e+000 -1.000000e+000  0.000000e+000
    outer loop
      vertex  2.220634e+001 -4.000000e+000  2.414590e+001
      vertex  2.242613e+001 -4.000000e+000  2.506139e+001
      vertex  1.873375e+001 -4.000000e+000  2.510363e+001
    endloop
  endfacet
  facet normal  0.000000e+000 -1.000000e+000  -0.000000e+000
    outer loop
      vertex  2.220634e+001 -4.000000e+000  2.414590e+001
      vertex  1.873375e+001 -4.000000e+000  2.510363e+001
      vertex  1.839637e+001 -4.000000e+000  2.476625e+001
    endloop
  endfacet
  facet normal  0.000000e+000 -1.000000e+000  -0.000000e+000
    outer loop
      vertex  2.220634e+001 -4.000000e+000  2.414590e+001
      vertex  1.839637e+001 -4.000000e+000  2.476625e+001
      vertex  1.797125e+001 -4.000000e+000  2.454964e+001
    endloop
  endfacet
  facet normal  0.000000e+000 -1.000000e+000  -0.000000e+000
    outer loop
      vertex  2.220634e+001 -4.000000e+000  2.414590e+001
      vertex  1.797125e+001 -4.000000e+000  2.454964e+001
      vertex  1.750000e+001 -4.000000e+000  2.447500e+001
    endloop
  endfacet
  facet normal  0.000000e+000 -1.000000e+000  -0.000000e+000
    outer loop
      vertex  2.220634e+001 -4.000000e+000  2.414590e+001
      vertex  1.750000e+001 -4.000000e+000  2.447500e+001
      vertex  1.743861e+001 -4.000000e+000  2.007387e+001
    endloop
  endfacet
  facet normal  0.000000e+000 -1.000000e+000  0.000000e+000
    outer loop
      vertex  2.220634e+001 -4.000000e+000  2.414590e+001
      vertex  1.743861e+001 -4.000000e+000  2.007387e+001
      vertex  1.835410e+001 -4.000000e+000  2.029366e+001
    endloop
  endfacet
  facet normal  0.000000e+000 -1.000000e+000  0.000000e+000
    outer loop
      vertex  2.220634e+001 -4.000000e+000  2.414590e+001
      vertex  1.835410e+001 -4.000000e+000  2.029366e+001
      vertex  1.922394e+001 -4.000000e+000  2.065396e+001
    endloop
  endfacet
  facet normal  0.000000e+000 -1.000000e+000  0.000000e+000
    outer loop
      vertex  2.220634e+001 -4.000000e+000  2.414590e+001
      vertex  1.922394e+001 -4.000000e+000  2.065396e+001
      vertex  2.002671e+001 -4.000000e+000  2.114590e+001
    endloop
  endfacet
  facet normal  0.000000e+000 -1.000000e+000  0.000000e+000
    outer loop
      vertex  2.220634e+001 -4.000000e+000  2.414590e+001
      vertex  2.002671e+001 -4.000000e+000  2.114590e+001
      vertex  2.074264e+001 -4.000000e+000  2.175736e+001
    endloop
  endfacet
  facet normal  0.000000e+000 -1.000000e+000  0.000000e+000
    outer loop
      vertex  2.220634e+001 -4.000000e+000  2.414590e+001
      vertex  2.074264e+001 -4.000000e+000  2.175736e+001
      vertex  2.135410e+001 -4.000000e+000  2.247329e+001
    endloop
  endfacet
  facet normal  0.000000e+000 -1.000000e+000  0.000000e+000
    outer loop
      vertex  2.220634e+001 -4.000000e+000  2.414590e+001
      vertex  2.135410e+001 -4.000000e+000  2.247329e+001
      vertex  2.184604e+001 -4.000000e+000  2.327606e+001
    endloop
  endfacet
  facet normal  0.000000e+000 -1.000000e+000  0.000000e+000
    outer loop
      vertex  1.743861e+001 -4.000000e+000  3.192613e+001
      vertex  1.250000e+001 -4.000000e+000  1.800000e+001
      vertex  1.604964e+001 -4.000000e+000  2.647125e+001
    endloop
  endfacet
  facet normal  0.000000e+000 -1.000000e+000  0.000000e+000
    outer loop
      vertex  1.743861e+001 -4.000000e+000  3.192613e+001
      vertex  1.604964e+001 -4.000000e+000  2.647125e+001
      vertex  1.626625e+001 -4.000000e+000  2.689637e+001
    endloop
  endfacet
  facet normal  0.000000e+000 -1.000000e+000  0.000000e+000
    outer loop
      vertex  1.743861e+001 -4.000000e+000  3.192613e+001
      vertex  1.626625e+001 -4.000000e+000  2.689637e+001
      vertex  1.660363e+001 -4.000000e+000  2.723375e+001
    endloop
  endfacet
  facet normal  0.000000e+000 -1.000000e+000  0.000000e+000
    outer loop
      vertex  1.743861e+001 -4.000000e+000  3.192613e+001
      vertex  1.660363e+001 -4.000000e+000  2.723375e+001
      vertex  1.702875e+001 -4.000000e+000  2.745036e+001
    endloop
  endfacet
  facet normal  0.000000e+000 -1.000000e+000  0.000000e+000
    outer loop
      vertex  1.743861e+001 -4.000000e+000  3.192613e+001
      vertex  1.702875e+001 -4.000000e+000  2.745036e+001
      vertex  1.750000e+001 -4.000000e+000  2.752500e+001
    endloop
  endfacet
  facet normal  0.000000e+000 -1.000000e+000  0.000000e+000
    outer loop
      vertex  1.743861e+001 -4.000000e+000  3.192613e+001
      vertex  1.750000e+001 -4.000000e+000  2.752500e+001
      vertex  1.835410e+001 -4.000000e+000  3.170634e+001
    endloop
  endfacet
  facet normal  -0.000000e+000 -1.000000e+000  0.000000e+000
    outer loop
      vertex  1.750000e+001 -4.000000e+000  2.752500e+001
      vertex  2.220634e+001 -4.000000e+000  2.785410e+001
      vertex  2.184604e+001 -4.000000e+000  2.872394e+001
    endloop
  endfacet
  facet normal  -0.000000e+000 -1.000000e+000  0.000000e+000
    outer loop
      vertex  1.750000e+001 -4.000000e+000  2.752500e+001
      vertex  2.184604e+001 -4.000000e+000  2.872394e+001
      vertex  2.135410e+001 -4.000000e+000  2.952671e+001
    endloop
  endfacet
  facet normal  -0.000000e+000 -1.000000e+000  0.000000e+000
    outer loop
      vertex  1.750000e+001 -4.000000e+000  2.752500e+001
      vertex  2.135410e+001 -4.000000e+000  2.952671e+001
      vertex  2.074264e+001 -4.000000e+000  3.024264e+001
    endloop
  endfacet
  facet normal  -0.000000e+000 -1.000000e+000  0.000000e+000
    outer loop
      vertex  1.750000e+001 -4.000000e+000  2.752500e+001
      vertex  2.074264e+001 -4.000000e+000  3.024264e+001
      vertex  2.002671e+001 -4.000000e+000  3.085410e+001
    endloop
  endfacet
  facet normal  -0.000000e+000 -1.000000e+000  0.000000e+000
    outer loop
      vertex  1.750000e+001 -4.000000e+000  2.752500e+001
      vertex  2.002671e+001 -4.000000e+000  3.085410e+001
      vertex  1.922394e+001 -4.000000e+000  3.134604e+001
    endloop
  endfacet
  facet normal  -0.000000e+000 -1.000000e+000  0.000000e+000
    outer loop
      vertex  1.750000e+001 -4.000000e+000  2.752500e+001
      vertex  1.922394e+001 -4.000000e+000  3.134604e+001
      vertex  1.835410e+001 -4.000000e+000  3.170634e+001
    endloop
  endfacet
  facet normal  0.000000e+000 -1.000000e+000  -0.000000e+000
    outer loop
      vertex  2.242613e+001 -4.000000e+000  2.693861e+001
      vertex  2.220634e+001 -4.000000e+000  2.785410e+001
      vertex  1.750000e+001 -4.000000e+000  2.752500e+001
    endloop
  endfacet
  facet normal  0.000000e+000 -1.000000e+000  0.000000e+000
    outer loop
      vertex  2.242613e+001 -4.000000e+000  2.693861e+001
      vertex  1.750000e+001 -4.000000e+000  2.752500e+001
      vertex  1.797125e+001 -4.000000e+000  2.745036e+001
    endloop
  endfacet
  facet normal  0.000000e+000 -1.000000e+000  0.000000e+000
    outer loop
      vertex  2.242613e+001 -4.000000e+000  2.693861e+001
      vertex  1.797125e+001 -4.000000e+000  2.745036e+001
      vertex  1.839637e+001 -4.000000e+000  2.723375e+001
    endloop
  endfacet
  facet normal  0.000000e+000 -1.000000e+000  0.000000e+000
    outer loop
      vertex  2.242613e+001 -4.000000e+000  2.693861e+001
      vertex  1.839637e+001 -4.000000e+000  2.723375e+001
      vertex  1.873375e+001 -4.000000e+000  2.689637e+001
    endloop
  endfacet
  facet normal  0.000000e+000 -9.999999e-001  0.000000e+000
    outer loop
      vertex  2.242613e+001 -4.000000e+000  2.693861e+001
      vertex  1.873375e+001 -4.000000e+000  2.689637e+001
      vertex  1.895036e+001 -4.000000e+000  2.647125e+001
    endloop
  endfacet
  facet normal  0.000000e+000 -9.999999e-001  0.000000e+000
    outer loop
      vertex  2.242613e+001 -4.000000e+000  2.693861e+001
      vertex  1.895036e+001 -4.000000e+000  2.647125e+001
      vertex  2.250000e+001 -4.000000e+000  2.600000e+001
    endloop
  endfacet
  facet normal  -0.000000e+000 -1.000000e+000  0.000000e+000
    outer loop
      vertex  2.242613e+001 -4.000000e+000  2.506139e+001
      vertex  2.250000e+001 -4.000000e+000  2.600000e+001
      vertex  1.902500e+001 -4.000000e+000  2.600000e+001
    endloop
  endfacet
  facet normal  0.000000e+000 -1.000000e+000  -0.000000e+000
    outer loop
      vertex  2.242613e+001 -4.000000e+000  2.506139e+001
      vertex  1.902500e+001 -4.000000e+000  2.600000e+001
      vertex  1.895036e+001 -4.000000e+000  2.552875e+001
    endloop
  endfacet
  facet normal  0.000000e+000 -9.999999e-001  -0.000000e+000
    outer loop
      vertex  2.242613e+001 -4.000000e+000  2.506139e+001
      vertex  1.895036e+001 -4.000000e+000  2.552875e+001
      vertex  1.873375e+001 -4.000000e+000  2.510363e+001
    endloop
  endfacet
  facet normal  -0.000000e+000 -1.000000e+000  0.000000e+000
    outer loop
      vertex  1.250000e+001 -4.000000e+000  1.800000e+001
      vertex  1.743861e+001 -4.000000e+000  3.192613e+001
      vertex  1.650000e+001 -4.000000e+000  3.200000e+001
    endloop
  endfacet
  facet normal  -0.000000e+000 -1.000000e+000  0.000000e+000
    outer loop
      vertex  1.250000e+001 -4.000000e+000  1.800000e+001
      vertex  1.650000e+001 -4.000000e+000  3.200000e+001
      vertex  1.637298e+001 -4.000000e+000  3.200000e+001
    endloop
  endfacet
  facet normal  -0.000000e+000 -9.999999e-001  0.000000e+000
    outer loop
      vertex  1.250000e+001 -4.000000e+000  1.800000e+001
      vertex  1.637298e+001 -4.000000e+000  3.200000e+001
      vertex  1.562422e+001 -4.000000e+000  3.207071e+001
    endloop
  endfacet
  facet normal  -0.000000e+000 -1.000000e+000  0.000000e+000
    outer loop
      vertex  1.250000e+001 -4.000000e+000  1.800000e+001
      vertex  1.562422e+001 -4.000000e+000  3.207071e+001
      vertex  1.490192e+001 -4.000000e+000  3.228033e+001
    endloop
  endfacet
  facet normal  -0.000000e+000 -1.000000e+000  0.000000e+000
    outer loop
      vertex  1.250000e+001 -4.000000e+000  1.800000e+001
      vertex  1.490192e+001 -4.000000e+000  3.228033e+001
      vertex  1.423164e+001 -4.000000e+000  3.262144e+001
    endloop
  endfacet
  facet normal  -0.000000e+000 -1.000000e+000  0.000000e+000
    outer loop
      vertex  1.250000e+001 -4.000000e+000  1.800000e+001
      vertex  1.423164e+001 -4.000000e+000  3.262144e+001
      vertex  1.363705e+001 -4.000000e+000  3.308201e+001
    endloop
  endfacet
  facet normal  -0.000000e+000 -1.000000e+000  0.000000e+000
    outer loop
      vertex  1.250000e+001 -4.000000e+000  1.800000e+001
      vertex  1.363705e+001 -4.000000e+000  3.308201e+001
      vertex  1.313919e+001 -4.000000e+000  3.364573e+001
    endloop
  endfacet
  facet normal  -0.000000e+000 -1.000000e+000  0.000000e+000
    outer loop
      vertex  1.250000e+001 -4.000000e+000  1.800000e+001
      vertex  1.313919e+001 -4.000000e+000  3.364573e+001
      vertex  1.275565e+001 -4.000000e+000  3.429269e+001
    endloop
  endfacet
  facet normal  -0.000000e+000 -1.000000e+000  0.000000e+000
    outer loop
      vertex  1.250000e+001 -4.000000e+000  1.800000e+001
      vertex  1.275565e+001 -4.000000e+000  3.429269e+001
      vertex  1.250000e+001 -4.000000e+000  3.500000e+001
    endloop
  endfacet
  facet normal  1.837496e-001 -9.829730e-001  0.000000e+000
    outer loop
      vertex -3.852204e-001  4.157190e+000  1.800000e+001
      vertex -1.142543e+000  4.015622e+000  3.500000e+001
      vertex -1.142543e+000  4.015622e+000  1.800000e+001
    endloop
  endfacet
  facet normal  3.612416e-001 -9.324722e-001  0.000000e+000
    outer loop
      vertex -1.142543e+000  4.015622e+000  1.800000e+001
      vertex -1.142543e+000  4.015622e+000  3.500000e+001
      vertex -1.860958e+000  3.737307e+000  3.500000e+001
    endloop
  endfacet
  facet normal  3.612416e-001 -9.324722e-001  0.000000e+000
    outer loop
      vertex -1.142543e+000  4.015622e+000  1.800000e+001
      vertex -1.860958e+000  3.737307e+000  3.500000e+001
      vertex -1.860958e+000  3.737307e+000  1.800000e+001
    endloop
  endfacet
  facet normal  5.264322e-001 -8.502172e-001  0.000000e+000
    outer loop
      vertex -1.860958e+000  3.737307e+000  1.800000e+001
      vertex -1.860958e+000  3.737307e+000  3.500000e+001
      vertex -2.516000e+000  3.331722e+000  3.500000e+001
    endloop
  endfacet
  facet normal  5.264322e-001 -8.502172e-001  0.000000e+000
    outer loop
      vertex -1.860958e+000  3.737307e+000  1.800000e+001
      vertex -2.516000e+000  3.331722e+000  3.500000e+001
      vertex -2.516000e+000  3.331722e+000  1.800000e+001
    endloop
  endfacet
  facet normal  6.736957e-001 -7.390089e-001  0.000000e+000
    outer loop
      vertex -2.516000e+000  3.331722e+000  1.800000e+001
      vertex -2.516000e+000  3.331722e+000  3.500000e+001
      vertex -3.085362e+000  2.812679e+000  3.500000e+001
    endloop
  endfacet
  facet normal  6.736957e-001 -7.390089e-001  0.000000e+000
    outer loop
      vertex -2.516000e+000  3.331722e+000  1.800000e+001
      vertex -3.085362e+000  2.812679e+000  3.500000e+001
      vertex -3.085362e+000  2.812679e+000  1.800000e+001
    endloop
  endfacet
  facet normal  7.980171e-001 -6.026347e-001  0.000000e+000
    outer loop
      vertex -3.085362e+000  2.812679e+000  1.800000e+001
      vertex -3.085362e+000  2.812679e+000  3.500000e+001
      vertex -3.549657e+000  2.197854e+000  3.500000e+001
    endloop
  endfacet
  facet normal  7.980171e-001 -6.026347e-001  0.000000e+000
    outer loop
      vertex -3.085362e+000  2.812679e+000  1.800000e+001
      vertex -3.549657e+000  2.197854e+000  3.500000e+001
      vertex -3.549657e+000  2.197854e+000  1.800000e+001
    endloop
  endfacet
  facet normal  8.951632e-001 -4.457383e-001  0.000000e+000
    outer loop
      vertex -3.549657e+000  2.197854e+000  1.800000e+001
      vertex -3.549657e+000  2.197854e+000  3.500000e+001
      vertex -3.893072e+000  1.508184e+000  3.500000e+001
    endloop
  endfacet
  facet normal  8.951632e-001 -4.457383e-001  0.000000e+000
    outer loop
      vertex -3.549657e+000  2.197854e+000  1.800000e+001
      vertex -3.893072e+000  1.508184e+000  3.500000e+001
      vertex -3.893072e+000  1.508184e+000  1.800000e+001
    endloop
  endfacet
  facet normal  9.618256e-001 -2.736630e-001  0.000000e+000
    outer loop
      vertex -3.893072e+000  1.508184e+000  1.800000e+001
      vertex -3.893072e+000  1.508184e+000  3.500000e+001
      vertex -4.103913e+000  7.671542e-001  3.500000e+001
    endloop
  endfacet
  facet normal  9.618256e-001 -2.736630e-001  0.000000e+000
    outer loop
      vertex -3.893072e+000  1.508184e+000  1.800000e+001
      vertex -4.103913e+000  7.671542e-001  3.500000e+001
      vertex -4.103913e+000  7.671542e-001  1.800000e+001
    endloop
  endfacet
  facet normal  9.957341e-001 -9.226842e-002  0.000000e+000
    outer loop
      vertex -4.103913e+000  7.671542e-001  1.800000e+001
      vertex -4.103913e+000  7.671542e-001  3.500000e+001
      vertex -4.175000e+000  5.112732e-016  3.500000e+001
    endloop
  endfacet
  facet normal  9.957341e-001 -9.226842e-002  0.000000e+000
    outer loop
      vertex -4.103913e+000  7.671542e-001  1.800000e+001
      vertex -4.175000e+000  5.112732e-016  3.500000e+001
      vertex -4.175000e+000  5.112732e-016  1.800000e+001
    endloop
  endfacet
  facet normal  1.837496e-001 -9.829730e-001  0.000000e+000
    outer loop
      vertex -1.142543e+000  4.015622e+000  3.500000e+001
      vertex -3.852204e-001  4.157190e+000  1.800000e+001
      vertex -3.852204e-001  4.157190e+000  3.500000e+001
    endloop
  endfacet
  facet normal  0.000000e+000 -9.999999e-001  0.000000e+000
    outer loop
      vertex -3.852204e-001  4.157190e+000  3.500000e+001
      vertex -3.852204e-001  4.157190e+000  1.800000e+001
      vertex  3.852204e-001  4.157190e+000  1.800000e+001
    endloop
  endfacet
  facet normal  0.000000e+000 -9.999999e-001  0.000000e+000
    outer loop
      vertex -3.852204e-001  4.157190e+000  3.500000e+001
      vertex  3.852204e-001  4.157190e+000  1.800000e+001
      vertex  3.852204e-001  4.157190e+000  3.500000e+001
    endloop
  endfacet
  facet normal -1.837496e-001 -9.829730e-001  -0.000000e+000
    outer loop
      vertex  3.852204e-001  4.157190e+000  3.500000e+001
      vertex  3.852204e-001  4.157190e+000  1.800000e+001
      vertex  1.142543e+000  4.015622e+000  1.800000e+001
    endloop
  endfacet
  facet normal -1.837496e-001 -9.829730e-001  0.000000e+000
    outer loop
      vertex  3.852204e-001  4.157190e+000  3.500000e+001
      vertex  1.142543e+000  4.015622e+000  1.800000e+001
      vertex  1.142543e+000  4.015622e+000  3.500000e+001
    endloop
  endfacet
  facet normal -3.612416e-001 -9.324722e-001  -0.000000e+000
    outer loop
      vertex  1.142543e+000  4.015622e+000  3.500000e+001
      vertex  1.142543e+000  4.015622e+000  1.800000e+001
      vertex  1.860958e+000  3.737307e+000  1.800000e+001
    endloop
  endfacet
  facet normal -3.612416e-001 -9.324722e-001  0.000000e+000
    outer loop
      vertex  1.142543e+000  4.015622e+000  3.500000e+001
      vertex  1.860958e+000  3.737307e+000  1.800000e+001
      vertex  1.860958e+000  3.737307e+000  3.500000e+001
    endloop
  endfacet
  facet normal -5.264322e-001 -8.502172e-001  -0.000000e+000
    outer loop
      vertex  1.860958e+000  3.737307e+000  3.500000e+001
      vertex  1.860958e+000  3.737307e+000  1.800000e+001
      vertex  2.516000e+000  3.331722e+000  1.800000e+001
    endloop
  endfacet
  facet normal -5.264322e-001 -8.502172e-001  0.000000e+000
    outer loop
      vertex  1.860958e+000  3.737307e+000  3.500000e+001
      vertex  2.516000e+000  3.331722e+000  1.800000e+001
      vertex  2.516000e+000  3.331722e+000  3.500000e+001
    endloop
  endfacet
  facet normal -6.736957e-001 -7.390089e-001  -0.000000e+000
    outer loop
      vertex  2.516000e+000  3.331722e+000  3.500000e+001
      vertex  2.516000e+000  3.331722e+000  1.800000e+001
      vertex  3.085362e+000  2.812679e+000  1.800000e+001
    endloop
  endfacet
  facet normal -6.736957e-001 -7.390089e-001  0.000000e+000
    outer loop
      vertex  2.516000e+000  3.331722e+000  3.500000e+001
      vertex  3.085362e+000  2.812679e+000  1.800000e+001
      vertex  3.085362e+000  2.812679e+000  3.500000e+001
    endloop
  endfacet
  facet normal -7.980171e-001 -6.026347e-001  -0.000000e+000
    outer loop
      vertex  3.085362e+000  2.812679e+000  3.500000e+001
      vertex  3.085362e+000  2.812679e+000  1.800000e+001
      vertex  3.549657e+000  2.197854e+000  1.800000e+001
    endloop
  endfacet
  facet normal -7.980171e-001 -6.026347e-001  0.000000e+000
    outer loop
      vertex  3.085362e+000  2.812679e+000  3.500000e+001
      vertex  3.549657e+000  2.197854e+000  1.800000e+001
      vertex  3.549657e+000  2.197854e+000  3.500000e+001
    endloop
  endfacet
  facet normal -8.951632e-001 -4.457383e-001  -0.000000e+000
    outer loop
      vertex  3.549657e+000  2.197854e+000  3.500000e+001
      vertex  3.549657e+000  2.197854e+000  1.800000e+001
      vertex  3.893072e+000  1.508184e+000  1.800000e+001
    endloop
  endfacet
  facet normal -8.951632e-001 -4.457383e-001  0.000000e+000
    outer loop
      vertex  3.549657e+000  2.197854e+000  3.500000e+001
      vertex  3.893072e+000  1.508184e+000  1.800000e+001
      vertex  3.893072e+000  1.508184e+000  3.500000e+001
    endloop
  endfacet
  facet normal -9.618256e-001 -2.736630e-001  -0.000000e+000
    outer loop
      vertex  3.893072e+000  1.508184e+000  3.500000e+001
      vertex  3.893072e+000  1.508184e+000  1.800000e+001
      vertex  4.103913e+000  7.671542e-001  1.800000e+001
    endloop
  endfacet
  facet normal -9.618256e-001 -2.736630e-001  0.000000e+000
    outer loop
      vertex  3.893072e+000  1.508184e+000  3.500000e+001
      vertex  4.103913e+000  7.671542e-001  1.800000e+001
      vertex  4.103913e+000  7.671542e-001  3.500000e+001
    endloop
  endfacet
  facet normal -9.957341e-001 -9.226842e-002  -0.000000e+000
    outer loop
      vertex  4.103913e+000  7.671542e-001  3.500000e+001
      vertex  4.103913e+000  7.671542e-001  1.800000e+001
      vertex  4.175000e+000 -1.022546e-015  1.800000e+001
    endloop
  endfacet
  facet normal -9.957342e-001 -9.226843e-002  5.549926e-018
    outer loop
      vertex  4.103913e+000  7.671542e-001  3.500000e+001
      vertex  4.175000e+000 -1.022546e-015  1.800000e+001
      vertex  4.175000e+000  0.000000e+000  3.500000e+001
    endloop
  endfacet
  facet normal  0.000000e+000 -5.735757e-001 -8.191526e-001
    outer loop
      vertex  4.000000e+000 -1.450000e+001  1.946410e+001
      vertex -4.000000e+000 -1.392885e+001  1.906418e+001
      vertex  4.000000e+000 -1.392885e+001  1.906418e+001
    endloop
  endfacet
  facet normal  -0.000000e+000 -7.071081e-001 -7.071055e-001
    outer loop
      vertex  4.000000e+000 -1.392885e+001  1.906418e+001
      vertex -4.000000e+000 -1.392885e+001  1.906418e+001
      vertex -4.000000e+000 -1.343582e+001  1.857115e+001
    endloop
  endfacet
  facet normal  0.000000e+000 -7.071081e-001 -7.071055e-001
    outer loop
      vertex  4.000000e+000 -1.392885e+001  1.906418e+001
      vertex -4.000000e+000 -1.343582e+001  1.857115e+001
      vertex  4.000000e+000 -1.343582e+001  1.857115e+001
    endloop
  endfacet
  facet normal  -0.000000e+000 -8.191515e-001 -5.735773e-001
    outer loop
      vertex  4.000000e+000 -1.343582e+001  1.857115e+001
      vertex -4.000000e+000 -1.343582e+001  1.857115e+001
      vertex -4.000000e+000 -1.303590e+001  1.800000e+001
    endloop
  endfacet
  facet normal  0.000000e+000 -8.191515e-001 -5.735773e-001
    outer loop
      vertex  4.000000e+000 -1.343582e+001  1.857115e+001
      vertex -4.000000e+000 -1.303590e+001  1.800000e+001
      vertex  4.000000e+000 -1.303590e+001  1.800000e+001
    endloop
  endfacet
  facet normal  -0.000000e+000 -5.735757e-001 -8.191526e-001
    outer loop
      vertex -4.000000e+000 -1.392885e+001  1.906418e+001
      vertex  4.000000e+000 -1.450000e+001  1.946410e+001
      vertex -4.000000e+000 -1.450000e+001  1.946410e+001
    endloop
  endfacet
  facet normal  0.000000e+000 -4.226172e-001 -9.063082e-001
    outer loop
      vertex -4.000000e+000 -1.450000e+001  1.946410e+001
      vertex  4.000000e+000 -1.450000e+001  1.946410e+001
      vertex  4.000000e+000 -1.513192e+001  1.975877e+001
    endloop
  endfacet
  facet normal  -0.000000e+000 -4.226172e-001 -9.063082e-001
    outer loop
      vertex -4.000000e+000 -1.450000e+001  1.946410e+001
      vertex  4.000000e+000 -1.513192e+001  1.975877e+001
      vertex -4.000000e+000 -1.513192e+001  1.975877e+001
    endloop
  endfacet
  facet normal  0.000000e+000 -2.588210e-001 -9.659253e-001
    outer loop
      vertex -4.000000e+000 -1.513192e+001  1.975877e+001
      vertex  4.000000e+000 -1.513192e+001  1.975877e+001
      vertex  4.000000e+000 -1.580541e+001  1.993923e+001
    endloop
  endfacet
  facet normal  -0.000000e+000 -2.588210e-001 -9.659253e-001
    outer loop
      vertex -4.000000e+000 -1.513192e+001  1.975877e+001
      vertex  4.000000e+000 -1.580541e+001  1.993923e+001
      vertex -4.000000e+000 -1.580541e+001  1.993923e+001
    endloop
  endfacet
  facet normal  0.000000e+000 -8.715454e-002 -9.961947e-001
    outer loop
      vertex -4.000000e+000 -1.580541e+001  1.993923e+001
      vertex  4.000000e+000 -1.580541e+001  1.993923e+001
      vertex  4.000000e+000 -1.650000e+001  2.000000e+001
    endloop
  endfacet
  facet normal  -0.000000e+000 -8.715454e-002 -9.961947e-001
    outer loop
      vertex -4.000000e+000 -1.580541e+001  1.993923e+001
      vertex  4.000000e+000 -1.650000e+001  2.000000e+001
      vertex -4.000000e+000 -1.650000e+001  2.000000e+001
    endloop
  endfacet
  facet normal  1.000000e+000  0.000000e+000  0.000000e+000
    outer loop
      vertex  1.250000e+001 -5.500000e+000  1.800000e+001
      vertex  1.250000e+001 -4.000000e+000  1.800000e+001
      vertex  1.250000e+001 -5.500000e+000  3.500000e+001
    endloop
  endfacet
  facet normal  1.000000e+000  -0.000000e+000  0.000000e+000
    outer loop
      vertex  1.250000e+001 -5.500000e+000  3.500000e+001
      vertex  1.250000e+001 -4.000000e+000  1.800000e+001
      vertex  1.250000e+001 -4.000000e+000  3.500000e+001
    endloop
  endfacet
  facet normal  1.000000e+000  0.000000e+000  0.000000e+000
    outer loop
      vertex  1.250000e+001  4.000000e+000  1.800000e+001
      vertex  1.250000e+001  5.500000e+000  1.800000e+001
      vertex  1.250000e+001  4.000000e+000  3.500000e+001
    endloop
  endfacet
  facet normal  1.000000e+000  -0.000000e+000  0.000000e+000
    outer loop
      vertex  1.250000e+001  4.000000e+000  3.500000e+001
      vertex  1.250000e+001  5.500000e+000  1.800000e+001
      vertex  1.250000e+001  5.500000e+000  3.500000e+001
    endloop
  endfacet
  facet normal  0.000000e+000  1.000000e+000  0.000000e+000
    outer loop
      vertex  4.000000e+000  1.250000e+001  3.500000e+001
      vertex  5.500000e+000  1.250000e+001  3.500000e+001
      vertex  4.000000e+000  1.250000e+001  1.800000e+001
    endloop
  endfacet
  facet normal  0.000000e+000  1.000000e+000  0.000000e+000
    outer loop
      vertex  4.000000e+000  1.250000e+001  1.800000e+001
      vertex  5.500000e+000  1.250000e+001  3.500000e+001
      vertex  5.500000e+000  1.250000e+001  1.800000e+001
    endloop
  endfacet
  facet normal  0.000000e+000  1.000000e+000  0.000000e+000
    outer loop
      vertex -5.500000e+000  1.250000e+001  3.500000e+001
      vertex -4.000000e+000  1.250000e+001  3.500000e+001
      vertex -5.500000e+000  1.250000e+001  1.800000e+001
    endloop
  endfacet
  facet normal  0.000000e+000  1.000000e+000  0.000000e+000
    outer loop
      vertex -5.500000e+000  1.250000e+001  1.800000e+001
      vertex -4.000000e+000  1.250000e+001  3.500000e+001
      vertex -4.000000e+000  1.250000e+001  1.800000e+001
    endloop
  endfacet
  facet normal -1.000000e+000  -0.000000e+000  0.000000e+000
    outer loop
      vertex -1.250000e+001  4.000000e+000  3.500000e+001
      vertex -1.250000e+001  5.500000e+000  3.500000e+001
      vertex -1.250000e+001  4.000000e+000  1.800000e+001
    endloop
  endfacet
  facet normal -1.000000e+000  0.000000e+000  0.000000e+000
    outer loop
      vertex -1.250000e+001  4.000000e+000  1.800000e+001
      vertex -1.250000e+001  5.500000e+000  3.500000e+001
      vertex -1.250000e+001  5.500000e+000  1.800000e+001
    endloop
  endfacet
  facet normal -1.837496e-001  9.829730e-001  0.000000e+000
    outer loop
      vertex  3.852204e-001 -4.157190e+000  1.800000e+001
      vertex  1.142543e+000 -4.015622e+000  3.500000e+001
      vertex  1.142543e+000 -4.015622e+000  1.800000e+001
    endloop
  endfacet
  facet normal -3.612416e-001  9.324722e-001  0.000000e+000
    outer loop
      vertex  1.142543e+000 -4.015622e+000  1.800000e+001
      vertex  1.142543e+000 -4.015622e+000  3.500000e+001
      vertex  1.860958e+000 -3.737307e+000  3.500000e+001
    endloop
  endfacet
  facet normal -3.612416e-001  9.324722e-001  0.000000e+000
    outer loop
      vertex  1.142543e+000 -4.015622e+000  1.800000e+001
      vertex  1.860958e+000 -3.737307e+000  3.500000e+001
      vertex  1.860958e+000 -3.737307e+000  1.800000e+001
    endloop
  endfacet
  facet normal -5.264322e-001  8.502172e-001  0.000000e+000
    outer loop
      vertex  1.860958e+000 -3.737307e+000  1.800000e+001
      vertex  1.860958e+000 -3.737307e+000  3.500000e+001
      vertex  2.516000e+000 -3.331722e+000  3.500000e+001
    endloop
  endfacet
  facet normal -5.264322e-001  8.502172e-001  0.000000e+000
    outer loop
      vertex  1.860958e+000 -3.737307e+000  1.800000e+001
      vertex  2.516000e+000 -3.331722e+000  3.500000e+001
      vertex  2.516000e+000 -3.331722e+000  1.800000e+001
    endloop
  endfacet
  facet normal -6.736957e-001  7.390089e-001  0.000000e+000
    outer loop
      vertex  2.516000e+000 -3.331722e+000  1.800000e+001
      vertex  2.516000e+000 -3.331722e+000  3.500000e+001
      vertex  3.085362e+000 -2.812679e+000  3.500000e+001
    endloop
  endfacet
  facet normal -6.736957e-001  7.390089e-001  0.000000e+000
    outer loop
      vertex  2.516000e+000 -3.331722e+000  1.800000e+001
      vertex  3.085362e+000 -2.812679e+000  3.500000e+001
      vertex  3.085362e+000 -2.812679e+000  1.800000e+001
    endloop
  endfacet
  facet normal -7.980171e-001  6.026347e-001  0.000000e+000
    outer loop
      vertex  3.085362e+000 -2.812679e+000  1.800000e+001
      vertex  3.085362e+000 -2.812679e+000  3.500000e+001
      vertex  3.549657e+000 -2.197854e+000  3.500000e+001
    endloop
  endfacet
  facet normal -7.980171e-001  6.026347e-001  0.000000e+000
    outer loop
      vertex  3.085362e+000 -2.812679e+000  1.800000e+001
      vertex  3.549657e+000 -2.197854e+000  3.500000e+001
      vertex  3.549657e+000 -2.197854e+000  1.800000e+001
    endloop
  endfacet
  facet normal -8.951632e-001  4.457383e-001  0.000000e+000
    outer loop
      vertex  3.549657e+000 -2.197854e+000  1.800000e+001
      vertex  3.549657e+000 -2.197854e+000  3.500000e+001
      vertex  3.893072e+000 -1.508184e+000  3.500000e+001
    endloop
  endfacet
  facet normal -8.951632e-001  4.457383e-001  0.000000e+000
    outer loop
      vertex  3.549657e+000 -2.197854e+000  1.800000e+001
      vertex  3.893072e+000 -1.508184e+000  3.500000e+001
      vertex  3.893072e+000 -1.508184e+000  1.800000e+001
    endloop
  endfacet
  facet normal -9.618256e-001  2.736630e-001  0.000000e+000
    outer loop
      vertex  3.893072e+000 -1.508184e+000  1.800000e+001
      vertex  3.893072e+000 -1.508184e+000  3.500000e+001
      vertex  4.103913e+000 -7.671542e-001  3.500000e+001
    endloop
  endfacet
  facet normal -9.618256e-001  2.736630e-001  0.000000e+000
    outer loop
      vertex  3.893072e+000 -1.508184e+000  1.800000e+001
      vertex  4.103913e+000 -7.671542e-001  3.500000e+001
      vertex  4.103913e+000 -7.671542e-001  1.800000e+001
    endloop
  endfacet
  facet normal -9.957341e-001  9.226842e-002  0.000000e+000
    outer loop
      vertex  4.103913e+000 -7.671542e-001  1.800000e+001
      vertex  4.103913e+000 -7.671542e-001  3.500000e+001
      vertex  4.175000e+000  0.000000e+000  3.500000e+001
    endloop
  endfacet
  facet normal -9.957342e-001  9.226843e-002 -5.549926e-018
    outer loop
      vertex  4.103913e+000 -7.671542e-001  1.800000e+001
      vertex  4.175000e+000  0.000000e+000  3.500000e+001
      vertex  4.175000e+000 -1.022546e-015  1.800000e+001
    endloop
  endfacet
  facet normal -1.837496e-001  9.829730e-001  0.000000e+000
    outer loop
      vertex  1.142543e+000 -4.015622e+000  3.500000e+001
      vertex  3.852204e-001 -4.157190e+000  1.800000e+001
      vertex  3.852204e-001 -4.157190e+000  3.500000e+001
    endloop
  endfacet
  facet normal  0.000000e+000  9.999999e-001  0.000000e+000
    outer loop
      vertex  3.852204e-001 -4.157190e+000  3.500000e+001
      vertex  3.852204e-001 -4.157190e+000  1.800000e+001
      vertex -3.852204e-001 -4.157190e+000  1.800000e+001
    endloop
  endfacet
  facet normal  0.000000e+000  9.999999e-001  0.000000e+000
    outer loop
      vertex  3.852204e-001 -4.157190e+000  3.500000e+001
      vertex -3.852204e-001 -4.157190e+000  1.800000e+001
      vertex -3.852204e-001 -4.157190e+000  3.500000e+001
    endloop
  endfacet
  facet normal  1.837496e-001  9.829730e-001  0.000000e+000
    outer loop
      vertex -3.852204e-001 -4.157190e+000  3.500000e+001
      vertex -3.852204e-001 -4.157190e+000  1.800000e+001
      vertex -1.142543e+000 -4.015622e+000  1.800000e+001
    endloop
  endfacet
  facet normal  1.837496e-001  9.829730e-001  -0.000000e+000
    outer loop
      vertex -3.852204e-001 -4.157190e+000  3.500000e+001
      vertex -1.142543e+000 -4.015622e+000  1.800000e+001
      vertex -1.142543e+000 -4.015622e+000  3.500000e+001
    endloop
  endfacet
  facet normal  3.612416e-001  9.324722e-001  0.000000e+000
    outer loop
      vertex -1.142543e+000 -4.015622e+000  3.500000e+001
      vertex -1.142543e+000 -4.015622e+000  1.800000e+001
      vertex -1.860958e+000 -3.737307e+000  1.800000e+001
    endloop
  endfacet
  facet normal  3.612416e-001  9.324722e-001  -0.000000e+000
    outer loop
      vertex -1.142543e+000 -4.015622e+000  3.500000e+001
      vertex -1.860958e+000 -3.737307e+000  1.800000e+001
      vertex -1.860958e+000 -3.737307e+000  3.500000e+001
    endloop
  endfacet
  facet normal  5.264322e-001  8.502172e-001  0.000000e+000
    outer loop
      vertex -1.860958e+000 -3.737307e+000  3.500000e+001
      vertex -1.860958e+000 -3.737307e+000  1.800000e+001
      vertex -2.516000e+000 -3.331722e+000  1.800000e+001
    endloop
  endfacet
  facet normal  5.264322e-001  8.502172e-001  -0.000000e+000
    outer loop
      vertex -1.860958e+000 -3.737307e+000  3.500000e+001
      vertex -2.516000e+000 -3.331722e+000  1.800000e+001
      vertex -2.516000e+000 -3.331722e+000  3.500000e+001
    endloop
  endfacet
  facet normal  6.736957e-001  7.390089e-001  0.000000e+000
    outer loop
      vertex -2.516000e+000 -3.331722e+000  3.500000e+001
      vertex -2.516000e+000 -3.331722e+000  1.800000e+001
      vertex -3.085362e+000 -2.812679e+000  1.800000e+001
    endloop
  endfacet
  facet normal  6.736957e-001  7.390089e-001  -0.000000e+000
    outer loop
      vertex -2.516000e+000 -3.331722e+000  3.500000e+001
      vertex -3.085362e+000 -2.812679e+000  1.800000e+001
      vertex -3.085362e+000 -2.812679e+000  3.500000e+001
    endloop
  endfacet
  facet normal  7.980171e-001  6.026347e-001  0.000000e+000
    outer loop
      vertex -3.085362e+000 -2.812679e+000  3.500000e+001
      vertex -3.085362e+000 -2.812679e+000  1.800000e+001
      vertex -3.549657e+000 -2.197854e+000  1.800000e+001
    endloop
  endfacet
  facet normal  7.980171e-001  6.026347e-001  -0.000000e+000
    outer loop
      vertex -3.085362e+000 -2.812679e+000  3.500000e+001
      vertex -3.549657e+000 -2.197854e+000  1.800000e+001
      vertex -3.549657e+000 -2.197854e+000  3.500000e+001
    endloop
  endfacet
  facet normal  8.951632e-001  4.457383e-001  0.000000e+000
    outer loop
      vertex -3.549657e+000 -2.197854e+000  3.500000e+001
      vertex -3.549657e+000 -2.197854e+000  1.800000e+001
      vertex -3.893072e+000 -1.508184e+000  1.800000e+001
    endloop
  endfacet
  facet normal  8.951632e-001  4.457383e-001  -0.000000e+000
    outer loop
      vertex -3.549657e+000 -2.197854e+000  3.500000e+001
      vertex -3.893072e+000 -1.508184e+000  1.800000e+001
      vertex -3.893072e+000 -1.508184e+000  3.500000e+001
    endloop
  endfacet
  facet normal  9.618256e-001  2.736630e-001  0.000000e+000
    outer loop
      vertex -3.893072e+000 -1.508184e+000  3.500000e+001
      vertex -3.893072e+000 -1.508184e+000  1.800000e+001
      vertex -4.103913e+000 -7.671542e-001  1.800000e+001
    endloop
  endfacet
  facet normal  9.618256e-001  2.736630e-001  -0.000000e+000
    outer loop
      vertex -3.893072e+000 -1.508184e+000  3.500000e+001
      vertex -4.103913e+000 -7.671542e-001  1.800000e+001
      vertex -4.103913e+000 -7.671542e-001  3.500000e+001
    endloop
  endfacet
  facet normal  9.957341e-001  9.226842e-002  0.000000e+000
    outer loop
      vertex -4.103913e+000 -7.671542e-001  3.500000e+001
      vertex -4.103913e+000 -7.671542e-001  1.800000e+001
      vertex -4.175000e+000  5.112732e-016  1.800000e+001
    endloop
  endfacet
  facet normal  9.957341e-001  9.226842e-002  -0.000000e+000
    outer loop
      vertex -4.103913e+000 -7.671542e-001  3.500000e+001
      vertex -4.175000e+000  5.112732e-016  1.800000e+001
      vertex -4.175000e+000  5.112732e-016  3.500000e+001
    endloop
  endfacet
  facet normal -9.969174e-001  -0.000000e+000 -7.845888e-002
    outer loop
      vertex -2.250000e+001 -4.000000e+000  2.600000e+001
      vertex -2.250000e+001  4.000000e+000  2.600000e+001
      vertex -2.242613e+001 -4.000000e+000  2.506139e+001
    endloop
  endfacet
  facet normal -9.969174e-001  0.000000e+000 -7.845888e-002
    outer loop
      vertex -2.242613e+001 -4.000000e+000  2.506139e+001
      vertex -2.250000e+001  4.000000e+000  2.600000e+001
      vertex -2.242613e+001  4.000000e+000  2.506139e+001
    endloop
  endfacet
  facet normal -9.723698e-001  -0.000000e+000 -2.334459e-001
    outer loop
      vertex -2.242613e+001 -4.000000e+000  2.506139e+001
      vertex -2.242613e+001  4.000000e+000  2.506139e+001
      vertex -2.220634e+001 -4.000000e+000  2.414590e+001
    endloop
  endfacet
  facet normal -9.723698e-001  0.000000e+000 -2.334459e-001
    outer loop
      vertex -2.220634e+001 -4.000000e+000  2.414590e+001
      vertex -2.242613e+001  4.000000e+000  2.506139e+001
      vertex -2.220634e+001  4.000000e+000  2.414590e+001
    endloop
  endfacet
  facet normal -9.238797e-001  -0.000000e+000 -3.826829e-001
    outer loop
      vertex -2.220634e+001 -4.000000e+000  2.414590e+001
      vertex -2.220634e+001  4.000000e+000  2.414590e+001
      vertex -2.184604e+001 -4.000000e+000  2.327606e+001
    endloop
  endfacet
  facet normal -9.238797e-001  0.000000e+000 -3.826829e-001
    outer loop
      vertex -2.184604e+001 -4.000000e+000  2.327606e+001
      vertex -2.220634e+001  4.000000e+000  2.414590e+001
      vertex -2.184604e+001  4.000000e+000  2.327606e+001
    endloop
  endfacet
  facet normal -8.526400e-001  -0.000000e+000 -5.224988e-001
    outer loop
      vertex -2.184604e+001 -4.000000e+000  2.327606e+001
      vertex -2.184604e+001  4.000000e+000  2.327606e+001
      vertex -2.135410e+001 -4.000000e+000  2.247329e+001
    endloop
  endfacet
  facet normal -8.526400e-001  0.000000e+000 -5.224988e-001
    outer loop
      vertex -2.135410e+001 -4.000000e+000  2.247329e+001
      vertex -2.184604e+001  4.000000e+000  2.327606e+001
      vertex -2.135410e+001  4.000000e+000  2.247329e+001
    endloop
  endfacet
  facet normal -7.604068e-001  -0.000000e+000 -6.494472e-001
    outer loop
      vertex -2.135410e+001 -4.000000e+000  2.247329e+001
      vertex -2.135410e+001  4.000000e+000  2.247329e+001
      vertex -2.074264e+001 -4.000000e+000  2.175736e+001
    endloop
  endfacet
  facet normal -7.604068e-001  0.000000e+000 -6.494472e-001
    outer loop
      vertex -2.074264e+001 -4.000000e+000  2.175736e+001
      vertex -2.135410e+001  4.000000e+000  2.247329e+001
      vertex -2.074264e+001  4.000000e+000  2.175736e+001
    endloop
  endfacet
  facet normal -6.494472e-001  -0.000000e+000 -7.604068e-001
    outer loop
      vertex -2.074264e+001 -4.000000e+000  2.175736e+001
      vertex -2.074264e+001  4.000000e+000  2.175736e+001
      vertex -2.002671e+001 -4.000000e+000  2.114590e+001
    endloop
  endfacet
  facet normal -6.494472e-001  0.000000e+000 -7.604068e-001
    outer loop
      vertex -2.002671e+001 -4.000000e+000  2.114590e+001
      vertex -2.074264e+001  4.000000e+000  2.175736e+001
      vertex -2.002671e+001  4.000000e+000  2.114590e+001
    endloop
  endfacet
  facet normal -5.224988e-001  -0.000000e+000 -8.526400e-001
    outer loop
      vertex -2.002671e+001 -4.000000e+000  2.114590e+001
      vertex -2.002671e+001  4.000000e+000  2.114590e+001
      vertex -1.922394e+001 -4.000000e+000  2.065396e+001
    endloop
  endfacet
  facet normal -5.224988e-001  0.000000e+000 -8.526400e-001
    outer loop
      vertex -1.922394e+001 -4.000000e+000  2.065396e+001
      vertex -2.002671e+001  4.000000e+000  2.114590e+001
      vertex -1.922394e+001  4.000000e+000  2.065396e+001
    endloop
  endfacet
  facet normal -3.826829e-001  -0.000000e+000 -9.238797e-001
    outer loop
      vertex -1.922394e+001 -4.000000e+000  2.065396e+001
      vertex -1.922394e+001  4.000000e+000  2.065396e+001
      vertex -1.835410e+001 -4.000000e+000  2.029366e+001
    endloop
  endfacet
  facet normal -3.826829e-001  0.000000e+000 -9.238797e-001
    outer loop
      vertex -1.835410e+001 -4.000000e+000  2.029366e+001
      vertex -1.922394e+001  4.000000e+000  2.065396e+001
      vertex -1.835410e+001  4.000000e+000  2.029366e+001
    endloop
  endfacet
  facet normal -2.334459e-001  -0.000000e+000 -9.723698e-001
    outer loop
      vertex -1.835410e+001 -4.000000e+000  2.029366e+001
      vertex -1.835410e+001  4.000000e+000  2.029366e+001
      vertex -1.743861e+001 -4.000000e+000  2.007387e+001
    endloop
  endfacet
  facet normal -2.334459e-001  0.000000e+000 -9.723698e-001
    outer loop
      vertex -1.743861e+001 -4.000000e+000  2.007387e+001
      vertex -1.835410e+001  4.000000e+000  2.029366e+001
      vertex -1.743861e+001  4.000000e+000  2.007387e+001
    endloop
  endfacet
  facet normal -7.845888e-002  -0.000000e+000 -9.969174e-001
    outer loop
      vertex -1.743861e+001 -4.000000e+000  2.007387e+001
      vertex -1.743861e+001  4.000000e+000  2.007387e+001
      vertex -1.650000e+001 -4.000000e+000  2.000000e+001
    endloop
  endfacet
  facet normal -7.845888e-002  0.000000e+000 -9.969174e-001
    outer loop
      vertex -1.650000e+001 -4.000000e+000  2.000000e+001
      vertex -1.743861e+001  4.000000e+000  2.007387e+001
      vertex -1.650000e+001  4.000000e+000  2.000000e+001
    endloop
  endfacet
  facet normal  9.969174e-001  0.000000e+000 -7.845888e-002
    outer loop
      vertex  2.250000e+001  4.000000e+000  2.600000e+001
      vertex  2.250000e+001 -4.000000e+000  2.600000e+001
      vertex  2.242613e+001  4.000000e+000  2.506139e+001
    endloop
  endfacet
  facet normal  9.969174e-001  0.000000e+000 -7.845888e-002
    outer loop
      vertex  2.242613e+001  4.000000e+000  2.506139e+001
      vertex  2.250000e+001 -4.000000e+000  2.600000e+001
      vertex  2.242613e+001 -4.000000e+000  2.506139e+001
    endloop
  endfacet
  facet normal  9.723698e-001  0.000000e+000 -2.334459e-001
    outer loop
      vertex  2.242613e+001  4.000000e+000  2.506139e+001
      vertex  2.242613e+001 -4.000000e+000  2.506139e+001
      vertex  2.220634e+001  4.000000e+000  2.414590e+001
    endloop
  endfacet
  facet normal  9.723698e-001  0.000000e+000 -2.334459e-001
    outer loop
      vertex  2.220634e+001  4.000000e+000  2.414590e+001
      vertex  2.242613e+001 -4.000000e+000  2.506139e+001
      vertex  2.220634e+001 -4.000000e+000  2.414590e+001
    endloop
  endfacet
  facet normal  9.238797e-001  0.000000e+000 -3.826829e-001
    outer loop
      vertex  2.220634e+001  4.000000e+000  2.414590e+001
      vertex  2.220634e+001 -4.000000e+000  2.414590e+001
      vertex  2.184604e+001  4.000000e+000  2.327606e+001
    endloop
  endfacet
  facet normal  9.238797e-001  0.000000e+000 -3.826829e-001
    outer loop
      vertex  2.184604e+001  4.000000e+000  2.327606e+001
      vertex  2.220634e+001 -4.000000e+000  2.414590e+001
      vertex  2.184604e+001 -4.000000e+000  2.327606e+001
    endloop
  endfacet
  facet normal  8.526400e-001  0.000000e+000 -5.224988e-001
    outer loop
      vertex  2.184604e+001  4.000000e+000  2.327606e+001
      vertex  2.184604e+001 -4.000000e+000  2.327606e+001
      vertex  2.135410e+001  4.000000e+000  2.247329e+001
    endloop
  endfacet
  facet normal  8.526400e-001  0.000000e+000 -5.224988e-001
    outer loop
      vertex  2.135410e+001  4.000000e+000  2.247329e+001
      vertex  2.184604e+001 -4.000000e+000  2.327606e+001
      vertex  2.135410e+001 -4.000000e+000  2.247329e+001
    endloop
  endfacet
  facet normal  7.604068e-001  0.000000e+000 -6.494472e-001
    outer loop
      vertex  2.135410e+001  4.000000e+000  2.247329e+001
      vertex  2.135410e+001 -4.000000e+000  2.247329e+001
      vertex  2.074264e+001  4.000000e+000  2.175736e+001
    endloop
  endfacet
  facet normal  7.604068e-001  0.000000e+000 -6.494472e-001
    outer loop
      vertex  2.074264e+001  4.000000e+000  2.175736e+001
      vertex  2.135410e+001 -4.000000e+000  2.247329e+001
      vertex  2.074264e+001 -4.000000e+000  2.175736e+001
    endloop
  endfacet
  facet normal  6.494472e-001  0.000000e+000 -7.604068e-001
    outer loop
      vertex  2.074264e+001  4.000000e+000  2.175736e+001
      vertex  2.074264e+001 -4.000000e+000  2.175736e+001
      vertex  2.002671e+001  4.000000e+000  2.114590e+001
    endloop
  endfacet
  facet normal  6.494472e-001  0.000000e+000 -7.604068e-001
    outer loop
      vertex  2.002671e+001  4.000000e+000  2.114590e+001
      vertex  2.074264e+001 -4.000000e+000  2.175736e+001
      vertex  2.002671e+001 -4.000000e+000  2.114590e+001
    endloop
  endfacet
  facet normal  5.224988e-001  0.000000e+000 -8.526400e-001
    outer loop
      vertex  2.002671e+001  4.000000e+000  2.114590e+001
      vertex  2.002671e+001 -4.000000e+000  2.114590e+001
      vertex  1.922394e+001  4.000000e+000  2.065396e+001
    endloop
  endfacet
  facet normal  5.224988e-001  0.000000e+000 -8.526400e-001
    outer loop
      vertex  1.922394e+001  4.000000e+000  2.065396e+001
      vertex  2.002671e+001 -4.000000e+000  2.114590e+001
      vertex  1.922394e+001 -4.000000e+000  2.065396e+001
    endloop
  endfacet
  facet normal  3.826829e-001  0.000000e+000 -9.238797e-001
    outer loop
      vertex  1.922394e+001  4.000000e+000  2.065396e+001
      vertex  1.922394e+001 -4.000000e+000  2.065396e+001
      vertex  1.835410e+001  4.000000e+000  2.029366e+001
    endloop
  endfacet
  facet normal  3.826829e-001  0.000000e+000 -9.238797e-001
    outer loop
      vertex  1.835410e+001  4.000000e+000  2.029366e+001
      vertex  1.922394e+001 -4.000000e+000  2.065396e+001
      vertex  1.835410e+001 -4.000000e+000  2.029366e+001
    endloop
  endfacet
  facet normal  2.334459e-001  0.000000e+000 -9.723698e-001
    outer loop
      vertex  1.835410e+001  4.000000e+000  2.029366e+001
      vertex  1.835410e+001 -4.000000e+000  2.029366e+001
      vertex  1.743861e+001  4.000000e+000  2.007387e+001
    endloop
  endfacet
  facet normal  2.334459e-001  0.000000e+000 -9.723698e-001
    outer loop
      vertex  1.743861e+001  4.000000e+000  2.007387e+001
      vertex  1.835410e+001 -4.000000e+000  2.029366e+001
      vertex  1.743861e+001 -4.000000e+000  2.007387e+001
    endloop
  endfacet
  facet normal  7.845888e-002  0.000000e+000 -9.969174e-001
    outer loop
      vertex  1.743861e+001  4.000000e+000  2.007387e+001
      vertex  1.743861e+001 -4.000000e+000  2.007387e+001
      vertex  1.650000e+001  4.000000e+000  2.000000e+001
    endloop
  endfacet
  facet normal  7.845888e-002  0.000000e+000 -9.969174e-001
    outer loop
      vertex  1.650000e+001  4.000000e+000  2.000000e+001
      vertex  1.743861e+001 -4.000000e+000  2.007387e+001
      vertex  1.650000e+001 -4.000000e+000  2.000000e+001
    endloop
  endfacet
  facet normal  0.000000e+000  9.876885e-001 -1.564337e-001
    outer loop
      vertex  4.000000e+000 -1.902500e+001  2.600000e+001
      vertex -4.000000e+000 -1.895036e+001  2.647125e+001
      vertex  4.000000e+000 -1.895036e+001  2.647125e+001
    endloop
  endfacet
  facet normal  0.000000e+000  8.910067e-001 -4.539902e-001
    outer loop
      vertex  4.000000e+000 -1.895036e+001  2.647125e+001
      vertex -4.000000e+000 -1.895036e+001  2.647125e+001
      vertex -4.000000e+000 -1.873375e+001  2.689637e+001
    endloop
  endfacet
  facet normal  0.000000e+000  8.910067e-001 -4.539902e-001
    outer loop
      vertex  4.000000e+000 -1.895036e+001  2.647125e+001
      vertex -4.000000e+000 -1.873375e+001  2.689637e+001
      vertex  4.000000e+000 -1.873375e+001  2.689637e+001
    endloop
  endfacet
  facet normal  0.000000e+000  7.071068e-001 -7.071068e-001
    outer loop
      vertex  4.000000e+000 -1.873375e+001  2.689637e+001
      vertex -4.000000e+000 -1.873375e+001  2.689637e+001
      vertex -4.000000e+000 -1.839637e+001  2.723375e+001
    endloop
  endfacet
  facet normal  0.000000e+000  7.071068e-001 -7.071068e-001
    outer loop
      vertex  4.000000e+000 -1.873375e+001  2.689637e+001
      vertex -4.000000e+000 -1.839637e+001  2.723375e+001
      vertex  4.000000e+000 -1.839637e+001  2.723375e+001
    endloop
  endfacet
  facet normal  0.000000e+000  4.539902e-001 -8.910067e-001
    outer loop
      vertex  4.000000e+000 -1.839637e+001  2.723375e+001
      vertex -4.000000e+000 -1.839637e+001  2.723375e+001
      vertex -4.000000e+000 -1.797125e+001  2.745036e+001
    endloop
  endfacet
  facet normal  0.000000e+000  4.539902e-001 -8.910067e-001
    outer loop
      vertex  4.000000e+000 -1.839637e+001  2.723375e+001
      vertex -4.000000e+000 -1.797125e+001  2.745036e+001
      vertex  4.000000e+000 -1.797125e+001  2.745036e+001
    endloop
  endfacet
  facet normal  0.000000e+000  1.564337e-001 -9.876885e-001
    outer loop
      vertex  4.000000e+000 -1.797125e+001  2.745036e+001
      vertex -4.000000e+000 -1.797125e+001  2.745036e+001
      vertex -4.000000e+000 -1.750000e+001  2.752500e+001
    endloop
  endfacet
  facet normal  0.000000e+000  1.564337e-001 -9.876885e-001
    outer loop
      vertex  4.000000e+000 -1.797125e+001  2.745036e+001
      vertex -4.000000e+000 -1.750000e+001  2.752500e+001
      vertex  4.000000e+000 -1.750000e+001  2.752500e+001
    endloop
  endfacet
  facet normal  0.000000e+000  9.876885e-001 -1.564337e-001
    outer loop
      vertex -4.000000e+000 -1.895036e+001  2.647125e+001
      vertex  4.000000e+000 -1.902500e+001  2.600000e+001
      vertex -4.000000e+000 -1.902500e+001  2.600000e+001
    endloop
  endfacet
  facet normal  -0.000000e+000  9.876885e-001  1.564337e-001
    outer loop
      vertex -4.000000e+000 -1.902500e+001  2.600000e+001
      vertex  4.000000e+000 -1.902500e+001  2.600000e+001
      vertex  4.000000e+000 -1.895036e+001  2.552875e+001
    endloop
  endfacet
  facet normal  0.000000e+000  9.876885e-001  1.564337e-001
    outer loop
      vertex -4.000000e+000 -1.902500e+001  2.600000e+001
      vertex  4.000000e+000 -1.895036e+001  2.552875e+001
      vertex -4.000000e+000 -1.895036e+001  2.552875e+001
    endloop
  endfacet
  facet normal  -0.000000e+000  8.910067e-001  4.539902e-001
    outer loop
      vertex -4.000000e+000 -1.895036e+001  2.552875e+001
      vertex  4.000000e+000 -1.895036e+001  2.552875e+001
      vertex  4.000000e+000 -1.873375e+001  2.510363e+001
    endloop
  endfacet
  facet normal  0.000000e+000  8.910067e-001  4.539902e-001
    outer loop
      vertex -4.000000e+000 -1.895036e+001  2.552875e+001
      vertex  4.000000e+000 -1.873375e+001  2.510363e+001
      vertex -4.000000e+000 -1.873375e+001  2.510363e+001
    endloop
  endfacet
  facet normal  -0.000000e+000  7.071068e-001  7.071068e-001
    outer loop
      vertex -4.000000e+000 -1.873375e+001  2.510363e+001
      vertex  4.000000e+000 -1.873375e+001  2.510363e+001
      vertex  4.000000e+000 -1.839637e+001  2.476625e+001
    endloop
  endfacet
  facet normal  0.000000e+000  7.071068e-001  7.071068e-001
    outer loop
      vertex -4.000000e+000 -1.873375e+001  2.510363e+001
      vertex  4.000000e+000 -1.839637e+001  2.476625e+001
      vertex -4.000000e+000 -1.839637e+001  2.476625e+001
    endloop
  endfacet
  facet normal  -0.000000e+000  4.539902e-001  8.910067e-001
    outer loop
      vertex -4.000000e+000 -1.839637e+001  2.476625e+001
      vertex  4.000000e+000 -1.839637e+001  2.476625e+001
      vertex  4.000000e+000 -1.797125e+001  2.454964e+001
    endloop
  endfacet
  facet normal  0.000000e+000  4.539902e-001  8.910067e-001
    outer loop
      vertex -4.000000e+000 -1.839637e+001  2.476625e+001
      vertex  4.000000e+000 -1.797125e+001  2.454964e+001
      vertex -4.000000e+000 -1.797125e+001  2.454964e+001
    endloop
  endfacet
  facet normal  -0.000000e+000  1.564337e-001  9.876885e-001
    outer loop
      vertex -4.000000e+000 -1.797125e+001  2.454964e+001
      vertex  4.000000e+000 -1.797125e+001  2.454964e+001
      vertex  4.000000e+000 -1.750000e+001  2.447500e+001
    endloop
  endfacet
  facet normal  0.000000e+000  1.564337e-001  9.876885e-001
    outer loop
      vertex -4.000000e+000 -1.797125e+001  2.454964e+001
      vertex  4.000000e+000 -1.750000e+001  2.447500e+001
      vertex -4.000000e+000 -1.750000e+001  2.447500e+001
    endloop
  endfacet
  facet normal -1.564337e-001  0.000000e+000  9.876885e-001
    outer loop
      vertex  1.750000e+001  4.000000e+000  2.447500e+001
      vertex  1.797125e+001 -4.000000e+000  2.454964e+001
      vertex  1.797125e+001  4.000000e+000  2.454964e+001
    endloop
  endfacet
  facet normal -4.539902e-001  0.000000e+000  8.910067e-001
    outer loop
      vertex  1.797125e+001  4.000000e+000  2.454964e+001
      vertex  1.797125e+001 -4.000000e+000  2.454964e+001
      vertex  1.839637e+001 -4.000000e+000  2.476625e+001
    endloop
  endfacet
  facet normal -4.539902e-001  0.000000e+000  8.910067e-001
    outer loop
      vertex  1.797125e+001  4.000000e+000  2.454964e+001
      vertex  1.839637e+001 -4.000000e+000  2.476625e+001
      vertex  1.839637e+001  4.000000e+000  2.476625e+001
    endloop
  endfacet
  facet normal -7.071068e-001  0.000000e+000  7.071068e-001
    outer loop
      vertex  1.839637e+001  4.000000e+000  2.476625e+001
      vertex  1.839637e+001 -4.000000e+000  2.476625e+001
      vertex  1.873375e+001 -4.000000e+000  2.510363e+001
    endloop
  endfacet
  facet normal -7.071068e-001  0.000000e+000  7.071068e-001
    outer loop
      vertex  1.839637e+001  4.000000e+000  2.476625e+001
      vertex  1.873375e+001 -4.000000e+000  2.510363e+001
      vertex  1.873375e+001  4.000000e+000  2.510363e+001
    endloop
  endfacet
  facet normal -8.910067e-001  0.000000e+000  4.539902e-001
    outer loop
      vertex  1.873375e+001  4.000000e+000  2.510363e+001
      vertex  1.873375e+001 -4.000000e+000  2.510363e+001
      vertex  1.895036e+001 -4.000000e+000  2.552875e+001
    endloop
  endfacet
  facet normal -8.910067e-001  0.000000e+000  4.539902e-001
    outer loop
      vertex  1.873375e+001  4.000000e+000  2.510363e+001
      vertex  1.895036e+001 -4.000000e+000  2.552875e+001
      vertex  1.895036e+001  4.000000e+000  2.552875e+001
    endloop
  endfacet
  facet normal -9.876885e-001  0.000000e+000  1.564337e-001
    outer loop
      vertex  1.895036e+001  4.000000e+000  2.552875e+001
      vertex  1.895036e+001 -4.000000e+000  2.552875e+001
      vertex  1.902500e+001 -4.000000e+000  2.600000e+001
    endloop
  endfacet
  facet normal -9.876885e-001  0.000000e+000  1.564337e-001
    outer loop
      vertex  1.895036e+001  4.000000e+000  2.552875e+001
      vertex  1.902500e+001 -4.000000e+000  2.600000e+001
      vertex  1.902500e+001  4.000000e+000  2.600000e+001
    endloop
  endfacet
  facet normal -1.564337e-001  0.000000e+000  9.876885e-001
    outer loop
      vertex  1.797125e+001 -4.000000e+000  2.454964e+001
      vertex  1.750000e+001  4.000000e+000  2.447500e+001
      vertex  1.750000e+001 -4.000000e+000  2.447500e+001
    endloop
  endfacet
  facet normal  1.564337e-001  -0.000000e+000  9.876885e-001
    outer loop
      vertex  1.750000e+001 -4.000000e+000  2.447500e+001
      vertex  1.750000e+001  4.000000e+000  2.447500e+001
      vertex  1.702875e+001  4.000000e+000  2.454964e+001
    endloop
  endfacet
  facet normal  1.564337e-001  0.000000e+000  9.876885e-001
    outer loop
      vertex  1.750000e+001 -4.000000e+000  2.447500e+001
      vertex  1.702875e+001  4.000000e+000  2.454964e+001
      vertex  1.702875e+001 -4.000000e+000  2.454964e+001
    endloop
  endfacet
  facet normal  4.539902e-001  -0.000000e+000  8.910067e-001
    outer loop
      vertex  1.702875e+001 -4.000000e+000  2.454964e+001
      vertex  1.702875e+001  4.000000e+000  2.454964e+001
      vertex  1.660363e+001  4.000000e+000  2.476625e+001
    endloop
  endfacet
  facet normal  4.539902e-001  0.000000e+000  8.910067e-001
    outer loop
      vertex  1.702875e+001 -4.000000e+000  2.454964e+001
      vertex  1.660363e+001  4.000000e+000  2.476625e+001
      vertex  1.660363e+001 -4.000000e+000  2.476625e+001
    endloop
  endfacet
  facet normal  7.071068e-001  -0.000000e+000  7.071068e-001
    outer loop
      vertex  1.660363e+001 -4.000000e+000  2.476625e+001
      vertex  1.660363e+001  4.000000e+000  2.476625e+001
      vertex  1.626625e+001  4.000000e+000  2.510363e+001
    endloop
  endfacet
  facet normal  7.071068e-001  0.000000e+000  7.071068e-001
    outer loop
      vertex  1.660363e+001 -4.000000e+000  2.476625e+001
      vertex  1.626625e+001  4.000000e+000  2.510363e+001
      vertex  1.626625e+001 -4.000000e+000  2.510363e+001
    endloop
  endfacet
  facet normal  8.910067e-001  -0.000000e+000  4.539902e-001
    outer loop
      vertex  1.626625e+001 -4.000000e+000  2.510363e+001
      vertex  1.626625e+001  4.000000e+000  2.510363e+001
      vertex  1.604964e+001  4.000000e+000  2.552875e+001
    endloop
  endfacet
  facet normal  8.910067e-001  0.000000e+000  4.539902e-001
    outer loop
      vertex  1.626625e+001 -4.000000e+000  2.510363e+001
      vertex  1.604964e+001  4.000000e+000  2.552875e+001
      vertex  1.604964e+001 -4.000000e+000  2.552875e+001
    endloop
  endfacet
  facet normal  9.876885e-001  -0.000000e+000  1.564337e-001
    outer loop
      vertex  1.604964e+001 -4.000000e+000  2.552875e+001
      vertex  1.604964e+001  4.000000e+000  2.552875e+001
      vertex  1.597500e+001  4.000000e+000  2.600000e+001
    endloop
  endfacet
  facet normal  9.876885e-001  0.000000e+000  1.564337e-001
    outer loop
      vertex  1.604964e+001 -4.000000e+000  2.552875e+001
      vertex  1.597500e+001  4.000000e+000  2.600000e+001
      vertex  1.597500e+001 -4.000000e+000  2.600000e+001
    endloop
  endfacet
  facet normal  0.000000e+000  9.876885e-001  1.564337e-001
    outer loop
      vertex -4.000000e+000  1.597500e+001  2.600000e+001
      vertex  4.000000e+000  1.604964e+001  2.552875e+001
      vertex -4.000000e+000  1.604964e+001  2.552875e+001
    endloop
  endfacet
  facet normal  -0.000000e+000  8.910067e-001  4.539902e-001
    outer loop
      vertex -4.000000e+000  1.604964e+001  2.552875e+001
      vertex  4.000000e+000  1.604964e+001  2.552875e+001
      vertex  4.000000e+000  1.626625e+001  2.510363e+001
    endloop
  endfacet
  facet normal  0.000000e+000  8.910067e-001  4.539902e-001
    outer loop
      vertex -4.000000e+000  1.604964e+001  2.552875e+001
      vertex  4.000000e+000  1.626625e+001  2.510363e+001
      vertex -4.000000e+000  1.626625e+001  2.510363e+001
    endloop
  endfacet
  facet normal  -0.000000e+000  7.071068e-001  7.071068e-001
    outer loop
      vertex -4.000000e+000  1.626625e+001  2.510363e+001
      vertex  4.000000e+000  1.626625e+001  2.510363e+001
      vertex  4.000000e+000  1.660363e+001  2.476625e+001
    endloop
  endfacet
  facet normal  0.000000e+000  7.071068e-001  7.071068e-001
    outer loop
      vertex -4.000000e+000  1.626625e+001  2.510363e+001
      vertex  4.000000e+000  1.660363e+001  2.476625e+001
      vertex -4.000000e+000  1.660363e+001  2.476625e+001
    endloop
  endfacet
  facet normal  -0.000000e+000  4.539902e-001  8.910067e-001
    outer loop
      vertex -4.000000e+000  1.660363e+001  2.476625e+001
      vertex  4.000000e+000  1.660363e+001  2.476625e+001
      vertex  4.000000e+000  1.702875e+001  2.454964e+001
    endloop
  endfacet
  facet normal  0.000000e+000  4.539902e-001  8.910067e-001
    outer loop
      vertex -4.000000e+000  1.660363e+001  2.476625e+001
      vertex  4.000000e+000  1.702875e+001  2.454964e+001
      vertex -4.000000e+000  1.702875e+001  2.454964e+001
    endloop
  endfacet
  facet normal  -0.000000e+000  1.564337e-001  9.876885e-001
    outer loop
      vertex -4.000000e+000  1.702875e+001  2.454964e+001
      vertex  4.000000e+000  1.702875e+001  2.454964e+001
      vertex  4.000000e+000  1.750000e+001  2.447500e+001
    endloop
  endfacet
  facet normal  0.000000e+000  1.564337e-001  9.876885e-001
    outer loop
      vertex -4.000000e+000  1.702875e+001  2.454964e+001
      vertex  4.000000e+000  1.750000e+001  2.447500e+001
      vertex -4.000000e+000  1.750000e+001  2.447500e+001
    endloop
  endfacet
  facet normal  -0.000000e+000  9.876885e-001  1.564337e-001
    outer loop
      vertex  4.000000e+000  1.604964e+001  2.552875e+001
      vertex -4.000000e+000  1.597500e+001  2.600000e+001
      vertex  4.000000e+000  1.597500e+001  2.600000e+001
    endloop
  endfacet
  facet normal  0.000000e+000  9.876885e-001 -1.564337e-001
    outer loop
      vertex  4.000000e+000  1.597500e+001  2.600000e+001
      vertex -4.000000e+000  1.597500e+001  2.600000e+001
      vertex -4.000000e+000  1.604964e+001  2.647125e+001
    endloop
  endfacet
  facet normal  0.000000e+000  9.876885e-001 -1.564337e-001
    outer loop
      vertex  4.000000e+000  1.597500e+001  2.600000e+001
      vertex -4.000000e+000  1.604964e+001  2.647125e+001
      vertex  4.000000e+000  1.604964e+001  2.647125e+001
    endloop
  endfacet
  facet normal  0.000000e+000  8.910067e-001 -4.539902e-001
    outer loop
      vertex  4.000000e+000  1.604964e+001  2.647125e+001
      vertex -4.000000e+000  1.604964e+001  2.647125e+001
      vertex -4.000000e+000  1.626625e+001  2.689637e+001
    endloop
  endfacet
  facet normal  0.000000e+000  8.910067e-001 -4.539902e-001
    outer loop
      vertex  4.000000e+000  1.604964e+001  2.647125e+001
      vertex -4.000000e+000  1.626625e+001  2.689637e+001
      vertex  4.000000e+000  1.626625e+001  2.689637e+001
    endloop
  endfacet
  facet normal  0.000000e+000  7.071068e-001 -7.071068e-001
    outer loop
      vertex  4.000000e+000  1.626625e+001  2.689637e+001
      vertex -4.000000e+000  1.626625e+001  2.689637e+001
      vertex -4.000000e+000  1.660363e+001  2.723375e+001
    endloop
  endfacet
  facet normal  0.000000e+000  7.071068e-001 -7.071068e-001
    outer loop
      vertex  4.000000e+000  1.626625e+001  2.689637e+001
      vertex -4.000000e+000  1.660363e+001  2.723375e+001
      vertex  4.000000e+000  1.660363e+001  2.723375e+001
    endloop
  endfacet
  facet normal  0.000000e+000  4.539902e-001 -8.910067e-001
    outer loop
      vertex  4.000000e+000  1.660363e+001  2.723375e+001
      vertex -4.000000e+000  1.660363e+001  2.723375e+001
      vertex -4.000000e+000  1.702875e+001  2.745036e+001
    endloop
  endfacet
  facet normal  0.000000e+000  4.539902e-001 -8.910067e-001
    outer loop
      vertex  4.000000e+000  1.660363e+001  2.723375e+001
      vertex -4.000000e+000  1.702875e+001  2.745036e+001
      vertex  4.000000e+000  1.702875e+001  2.745036e+001
    endloop
  endfacet
  facet normal  0.000000e+000  1.564337e-001 -9.876885e-001
    outer loop
      vertex  4.000000e+000  1.702875e+001  2.745036e+001
      vertex -4.000000e+000  1.702875e+001  2.745036e+001
      vertex -4.000000e+000  1.750000e+001  2.752500e+001
    endloop
  endfacet
  facet normal  0.000000e+000  1.564337e-001 -9.876885e-001
    outer loop
      vertex  4.000000e+000  1.702875e+001  2.745036e+001
      vertex -4.000000e+000  1.750000e+001  2.752500e+001
      vertex  4.000000e+000  1.750000e+001  2.752500e+001
    endloop
  endfacet
  facet normal  1.564337e-001  0.000000e+000  9.876885e-001
    outer loop
      vertex -1.750000e+001 -4.000000e+000  2.447500e+001
      vertex -1.797125e+001  4.000000e+000  2.454964e+001
      vertex -1.797125e+001 -4.000000e+000  2.454964e+001
    endloop
  endfacet
  facet normal  4.539902e-001  -0.000000e+000  8.910067e-001
    outer loop
      vertex -1.797125e+001 -4.000000e+000  2.454964e+001
      vertex -1.797125e+001  4.000000e+000  2.454964e+001
      vertex -1.839637e+001  4.000000e+000  2.476625e+001
    endloop
  endfacet
  facet normal  4.539902e-001  0.000000e+000  8.910067e-001
    outer loop
      vertex -1.797125e+001 -4.000000e+000  2.454964e+001
      vertex -1.839637e+001  4.000000e+000  2.476625e+001
      vertex -1.839637e+001 -4.000000e+000  2.476625e+001
    endloop
  endfacet
  facet normal  7.071068e-001  -0.000000e+000  7.071068e-001
    outer loop
      vertex -1.839637e+001 -4.000000e+000  2.476625e+001
      vertex -1.839637e+001  4.000000e+000  2.476625e+001
      vertex -1.873375e+001  4.000000e+000  2.510363e+001
    endloop
  endfacet
  facet normal  7.071068e-001  0.000000e+000  7.071068e-001
    outer loop
      vertex -1.839637e+001 -4.000000e+000  2.476625e+001
      vertex -1.873375e+001  4.000000e+000  2.510363e+001
      vertex -1.873375e+001 -4.000000e+000  2.510363e+001
    endloop
  endfacet
  facet normal  8.910067e-001  -0.000000e+000  4.539902e-001
    outer loop
      vertex -1.873375e+001 -4.000000e+000  2.510363e+001
      vertex -1.873375e+001  4.000000e+000  2.510363e+001
      vertex -1.895036e+001  4.000000e+000  2.552875e+001
    endloop
  endfacet
  facet normal  8.910067e-001  0.000000e+000  4.539902e-001
    outer loop
      vertex -1.873375e+001 -4.000000e+000  2.510363e+001
      vertex -1.895036e+001  4.000000e+000  2.552875e+001
      vertex -1.895036e+001 -4.000000e+000  2.552875e+001
    endloop
  endfacet
  facet normal  9.876885e-001  -0.000000e+000  1.564337e-001
    outer loop
      vertex -1.895036e+001 -4.000000e+000  2.552875e+001
      vertex -1.895036e+001  4.000000e+000  2.552875e+001
      vertex -1.902500e+001  4.000000e+000  2.600000e+001
    endloop
  endfacet
  facet normal  9.876885e-001  0.000000e+000  1.564337e-001
    outer loop
      vertex -1.895036e+001 -4.000000e+000  2.552875e+001
      vertex -1.902500e+001  4.000000e+000  2.600000e+001
      vertex -1.902500e+001 -4.000000e+000  2.600000e+001
    endloop
  endfacet
  facet normal  1.564337e-001  -0.000000e+000  9.876885e-001
    outer loop
      vertex -1.797125e+001  4.000000e+000  2.454964e+001
      vertex -1.750000e+001 -4.000000e+000  2.447500e+001
      vertex -1.750000e+001  4.000000e+000  2.447500e+001
    endloop
  endfacet
  facet normal -1.564337e-001  0.000000e+000  9.876885e-001
    outer loop
      vertex -1.750000e+001  4.000000e+000  2.447500e+001
      vertex -1.750000e+001 -4.000000e+000  2.447500e+001
      vertex -1.702875e+001 -4.000000e+000  2.454964e+001
    endloop
  endfacet
  facet normal -1.564337e-001  0.000000e+000  9.876885e-001
    outer loop
      vertex -1.750000e+001  4.000000e+000  2.447500e+001
      vertex -1.702875e+001 -4.000000e+000  2.454964e+001
      vertex -1.702875e+001  4.000000e+000  2.454964e+001
    endloop
  endfacet
  facet normal -4.539902e-001  0.000000e+000  8.910067e-001
    outer loop
      vertex -1.702875e+001  4.000000e+000  2.454964e+001
      vertex -1.702875e+001 -4.000000e+000  2.454964e+001
      vertex -1.660363e+001 -4.000000e+000  2.476625e+001
    endloop
  endfacet
  facet normal -4.539902e-001  0.000000e+000  8.910067e-001
    outer loop
      vertex -1.702875e+001  4.000000e+000  2.454964e+001
      vertex -1.660363e+001 -4.000000e+000  2.476625e+001
      vertex -1.660363e+001  4.000000e+000  2.476625e+001
    endloop
  endfacet
  facet normal -7.071068e-001  0.000000e+000  7.071068e-001
    outer loop
      vertex -1.660363e+001  4.000000e+000  2.476625e+001
      vertex -1.660363e+001 -4.000000e+000  2.476625e+001
      vertex -1.626625e+001 -4.000000e+000  2.510363e+001
    endloop
  endfacet
  facet normal -7.071068e-001  0.000000e+000  7.071068e-001
    outer loop
      vertex -1.660363e+001  4.000000e+000  2.476625e+001
      vertex -1.626625e+001 -4.000000e+000  2.510363e+001
      vertex -1.626625e+001  4.000000e+000  2.510363e+001
    endloop
  endfacet
  facet normal -8.910067e-001  0.000000e+000  4.539902e-001
    outer loop
      vertex -1.626625e+001  4.000000e+000  2.510363e+001
      vertex -1.626625e+001 -4.000000e+000  2.510363e+001
      vertex -1.604964e+001 -4.000000e+000  2.552875e+001
    endloop
  endfacet
  facet normal -8.910067e-001  0.000000e+000  4.539902e-001
    outer loop
      vertex -1.626625e+001  4.000000e+000  2.510363e+001
      vertex -1.604964e+001 -4.000000e+000  2.552875e+001
      vertex -1.604964e+001  4.000000e+000  2.552875e+001
    endloop
  endfacet
  facet normal -9.876885e-001  0.000000e+000  1.564337e-001
    outer loop
      vertex -1.604964e+001  4.000000e+000  2.552875e+001
      vertex -1.604964e+001 -4.000000e+000  2.552875e+001
      vertex -1.597500e+001 -4.000000e+000  2.600000e+001
    endloop
  endfacet
  facet normal -9.876885e-001  0.000000e+000  1.564337e-001
    outer loop
      vertex -1.604964e+001  4.000000e+000  2.552875e+001
      vertex -1.597500e+001 -4.000000e+000  2.600000e+001
      vertex -1.597500e+001  4.000000e+000  2.600000e+001
    endloop
  endfacet
endsolid CATIA STL
