solid CATIA STL
  facet normal -2.794167e-001  7.026995e-003 -9.601442e-001
    outer loop
      vertex  5.545693e-001  2.988989e+000  3.739375e+001
      vertex  2.829477e-001  3.026804e+000  3.747308e+001
      vertex  4.305339e-001  3.926467e+000  3.743671e+001
    endloop
  endfacet
  facet normal -9.583198e-002 -2.450216e-002 -9.950959e-001
    outer loop
      vertex  4.305339e-001  3.926467e+000  3.743671e+001
      vertex  2.829477e-001  3.026804e+000  3.747308e+001
      vertex  4.592420e-015  3.040000e+000  3.750000e+001
    endloop
  endfacet
  facet normal -1.454396e-001  0.000000e+000 -9.893671e-001
    outer loop
      vertex  4.305339e-001  3.926467e+000  3.743671e+001
      vertex  4.592420e-015  3.040000e+000  3.750000e+001
      vertex  4.592420e-015  3.950000e+000  3.750000e+001
    endloop
  endfacet
  facet normal -9.085843e-001  5.571032e-003  4.176645e-001
    outer loop
      vertex  1.298269e+000  2.748836e+000  3.524874e+001
      vertex  1.417152e+000  2.689476e+000  3.550816e+001
      vertex  1.336646e+000  3.716972e+000  3.531932e+001
    endloop
  endfacet
  facet normal -9.718642e-001 -3.329324e-002  2.331769e-001
    outer loop
      vertex  1.336646e+000  3.716972e+000  3.531932e+001
      vertex  1.417152e+000  2.689476e+000  3.550816e+001
      vertex  1.483874e+000  2.653247e+000  3.578107e+001
    endloop
  endfacet
  facet normal -9.476515e-001  7.409089e-003  3.192205e-001
    outer loop
      vertex  1.336646e+000  3.716972e+000  3.531932e+001
      vertex  1.483874e+000  2.653247e+000  3.578107e+001
      vertex  1.476100e+000  3.663827e+000  3.573454e+001
    endloop
  endfacet
  facet normal -9.984958e-001 -5.168052e-003  5.458551e-002
    outer loop
      vertex  1.476100e+000  3.663827e+000  3.573454e+001
      vertex  1.483874e+000  2.653247e+000  3.578107e+001
      vertex  1.498906e+000  2.644783e+000  3.605524e+001
    endloop
  endfacet
  facet normal -9.966192e-001  3.528252e-003  8.208462e-002
    outer loop
      vertex  1.476100e+000  3.663827e+000  3.573454e+001
      vertex  1.498906e+000  2.644783e+000  3.605524e+001
      vertex  1.499821e+000  3.654181e+000  3.602296e+001
    endloop
  endfacet
  facet normal -9.914318e-001 -3.277475e-003 -1.305840e-001
    outer loop
      vertex  1.499821e+000  3.654181e+000  3.602296e+001
      vertex  1.498906e+000  2.644783e+000  3.605524e+001
      vertex  1.462196e+000  2.665255e+000  3.633345e+001
    endloop
  endfacet
  facet normal -9.939175e-001  3.254732e-003 -1.100793e-001
    outer loop
      vertex  1.499821e+000  3.654181e+000  3.602296e+001
      vertex  1.462196e+000  2.665255e+000  3.633345e+001
      vertex  1.468585e+000  3.666846e+000  3.630537e+001
    endloop
  endfacet
  facet normal -9.497212e-001 -2.717771e-003 -3.130849e-001
    outer loop
      vertex  1.468585e+000  3.666846e+000  3.630537e+001
      vertex  1.462196e+000  2.665255e+000  3.633345e+001
      vertex  1.372493e+000  2.712538e+000  3.660514e+001
    endloop
  endfacet
  facet normal -9.548506e-001  2.828448e-003 -2.970731e-001
    outer loop
      vertex  1.468585e+000  3.666846e+000  3.630537e+001
      vertex  1.372493e+000  2.712538e+000  3.660514e+001
      vertex  1.383071e+000  3.699948e+000  3.658054e+001
    endloop
  endfacet
  facet normal -8.732014e-001 -2.787034e-003 -4.873515e-001
    outer loop
      vertex  1.383071e+000  3.699948e+000  3.658054e+001
      vertex  1.372493e+000  2.712538e+000  3.660514e+001
      vertex  1.234529e+000  2.778046e+000  3.685196e+001
    endloop
  endfacet
  facet normal -8.792878e-001  1.450655e-003 -4.762888e-001
    outer loop
      vertex  1.383071e+000  3.699948e+000  3.658054e+001
      vertex  1.234529e+000  2.778046e+000  3.685196e+001
      vertex  1.241891e+000  3.749694e+000  3.684133e+001
    endloop
  endfacet
  facet normal -7.628111e-001 -1.295583e-003 -6.466201e-001
    outer loop
      vertex  1.241891e+000  3.749694e+000  3.684133e+001
      vertex  1.234529e+000  2.778046e+000  3.685196e+001
      vertex  1.041160e+000  2.856149e+000  3.707992e+001
    endloop
  endfacet
  facet normal -7.683477e-001  1.707750e-003 -6.400304e-001
    outer loop
      vertex  1.241891e+000  3.749694e+000  3.684133e+001
      vertex  1.041160e+000  2.856149e+000  3.707992e+001
      vertex  1.053124e+000  3.807024e+000  3.706810e+001
    endloop
  endfacet
  facet normal -6.213471e-001 -1.926510e-003 -7.835331e-001
    outer loop
      vertex  1.053124e+000  3.807024e+000  3.706810e+001
      vertex  1.041160e+000  2.856149e+000  3.707992e+001
      vertex  8.142965e-001  2.928911e+000  3.725965e+001
    endloop
  endfacet
  facet normal -6.285225e-001  1.277729e-003 -7.777904e-001
    outer loop
      vertex  1.053124e+000  3.807024e+000  3.706810e+001
      vertex  8.142965e-001  2.928911e+000  3.725965e+001
      vertex  8.233855e-001  3.863229e+000  3.725384e+001
    endloop
  endfacet
  facet normal -4.589791e-001 -1.059652e-003 -8.884465e-001
    outer loop
      vertex  8.233855e-001  3.863229e+000  3.725384e+001
      vertex  8.142965e-001  2.928911e+000  3.725965e+001
      vertex  5.545693e-001  2.988989e+000  3.739375e+001
    endloop
  endfacet
  facet normal -4.239018e-001 -1.458923e-002 -9.055907e-001
    outer loop
      vertex  8.233855e-001  3.863229e+000  3.725384e+001
      vertex  5.545693e-001  2.988989e+000  3.739375e+001
      vertex  4.305339e-001  3.926467e+000  3.743671e+001
    endloop
  endfacet
  facet normal -6.503003e-001  7.974231e-003  7.596355e-001
    outer loop
      vertex  8.586322e-001  3.855548e+000  3.477004e+001
      vertex  1.128580e+000  2.822748e+000  3.501198e+001
      vertex  1.085541e+000  3.797907e+000  3.496490e+001
    endloop
  endfacet
  facet normal -8.139457e-001 -7.878322e-003  5.808876e-001
    outer loop
      vertex  1.085541e+000  3.797907e+000  3.496490e+001
      vertex  1.128580e+000  2.822748e+000  3.501198e+001
      vertex  1.298269e+000  2.748836e+000  3.524874e+001
    endloop
  endfacet
  facet normal -8.169622e-001 -9.647211e-003  5.766106e-001
    outer loop
      vertex  1.085541e+000  3.797907e+000  3.496490e+001
      vertex  1.298269e+000  2.748836e+000  3.524874e+001
      vertex  1.336646e+000  3.716972e+000  3.531932e+001
    endloop
  endfacet
  facet normal -6.872415e-001 -9.474454e-003  7.263672e-001
    outer loop
      vertex  1.128580e+000  2.822748e+000  3.501198e+001
      vertex  8.586322e-001  3.855548e+000  3.477004e+001
      vertex  9.172964e-001  2.898304e+000  3.481306e+001
    endloop
  endfacet
  facet normal -4.889770e-001  9.231933e-003  8.722479e-001
    outer loop
      vertex  9.172964e-001  2.898304e+000  3.481306e+001
      vertex  8.586322e-001  3.855548e+000  3.477004e+001
      vertex  6.055945e-001  3.903301e+000  3.462769e+001
    endloop
  endfacet
  facet normal -5.300733e-001 -8.002621e-003  8.479142e-001
    outer loop
      vertex  9.172964e-001  2.898304e+000  3.481306e+001
      vertex  6.055945e-001  3.903301e+000  3.462769e+001
      vertex  6.617349e-001  2.967104e+000  3.465395e+001
    endloop
  endfacet
  facet normal -3.121361e-001  7.929957e-003  9.500043e-001
    outer loop
      vertex  6.617349e-001  2.967104e+000  3.465395e+001
      vertex  6.055945e-001  3.903301e+000  3.462769e+001
      vertex  3.281479e-001  3.936346e+000  3.453625e+001
    endloop
  endfacet
  facet normal -3.560302e-001 -9.068346e-003  9.344305e-001
    outer loop
      vertex  6.617349e-001  2.967104e+000  3.465395e+001
      vertex  3.281479e-001  3.936346e+000  3.453625e+001
      vertex  3.960616e-001  3.014089e+000  3.455318e+001
    endloop
  endfacet
  facet normal -1.093793e-001  1.018699e-002  9.939479e-001
    outer loop
      vertex  3.960616e-001  3.014089e+000  3.455318e+001
      vertex  3.281479e-001  3.936346e+000  3.453625e+001
      vertex  4.041347e-015  3.950000e+000  3.450000e+001
    endloop
  endfacet
  facet normal -1.330701e-001 -5.372257e-017  9.911066e-001
    outer loop
      vertex  3.960616e-001  3.014089e+000  3.455318e+001
      vertex  4.041347e-015  3.950000e+000  3.450000e+001
      vertex  4.408729e-015  3.040000e+000  3.450000e+001
    endloop
  endfacet
  facet normal -7.881955e-001 -1.216870e-002  6.153045e-001
    outer loop
      vertex  1.245601e+000 -3.748463e+000  3.516438e+001
      vertex  1.304781e+000 -2.745751e+000  3.526002e+001
      vertex  1.041743e+000 -2.855936e+000  3.492089e+001
    endloop
  endfacet
  facet normal -7.412645e-001  1.376438e-002  6.710719e-001
    outer loop
      vertex  1.041743e+000 -2.855936e+000  3.492089e+001
      vertex  9.488556e-001 -3.834341e+000  3.483836e+001
      vertex  1.245601e+000 -3.748463e+000  3.516438e+001
    endloop
  endfacet
  facet normal -8.833891e-001  7.443989e-003  4.685810e-001
    outer loop
      vertex  1.245601e+000 -3.748463e+000  3.516438e+001
      vertex  1.389217e+000 -3.697645e+000  3.543432e+001
      vertex  1.304781e+000 -2.745751e+000  3.526002e+001
    endloop
  endfacet
  facet normal -9.553251e-001 -3.091701e-002  2.939354e-001
    outer loop
      vertex  1.304781e+000 -2.745751e+000  3.526002e+001
      vertex  1.389217e+000 -3.697645e+000  3.543432e+001
      vertex  1.469115e+000 -3.666634e+000  3.569726e+001
    endloop
  endfacet
  facet normal -9.326265e-001  4.886274e-003  3.608099e-001
    outer loop
      vertex  1.304781e+000 -2.745751e+000  3.526002e+001
      vertex  1.469115e+000 -3.666634e+000  3.569726e+001
      vertex  1.462387e+000 -2.665150e+000  3.566631e+001
    endloop
  endfacet
  facet normal -9.947659e-001 -3.526379e-003  1.021202e-001
    outer loop
      vertex  1.462387e+000 -2.665150e+000  3.566631e+001
      vertex  1.469115e+000 -3.666634e+000  3.569726e+001
      vertex  1.499992e+000 -3.654110e+000  3.599848e+001
    endloop
  endfacet
  facet normal -9.914131e-001  6.174040e-003  1.306215e-001
    outer loop
      vertex  1.462387e+000 -2.665150e+000  3.566631e+001
      vertex  1.499992e+000 -3.654110e+000  3.599848e+001
      vertex  1.498900e+000 -2.644787e+000  3.594248e+001
    endloop
  endfacet
  facet normal -9.959367e-001 -6.063259e-003 -8.985174e-002
    outer loop
      vertex  1.498900e+000 -2.644787e+000  3.594248e+001
      vertex  1.499992e+000 -3.654110e+000  3.599848e+001
      vertex  1.475592e+000 -3.664032e+000  3.626960e+001
    endloop
  endfacet
  facet normal -9.984741e-001  5.188263e-003 -5.497550e-002
    outer loop
      vertex  1.498900e+000 -2.644787e+000  3.594248e+001
      vertex  1.475592e+000 -3.664032e+000  3.626960e+001
      vertex  1.483468e+000 -2.653474e+000  3.622194e+001
    endloop
  endfacet
  facet normal -9.601166e-001 -5.702711e-003 -2.795418e-001
    outer loop
      vertex  1.483468e+000 -2.653474e+000  3.622194e+001
      vertex  1.475592e+000 -3.664032e+000  3.626960e+001
      vertex  1.390413e+000 -3.697195e+000  3.656284e+001
    endloop
  endfacet
  facet normal -9.711198e-001  8.704978e-003 -2.384339e-001
    outer loop
      vertex  1.483468e+000 -2.653474e+000  3.622194e+001
      vertex  1.390413e+000 -3.697195e+000  3.656284e+001
      vertex  1.416418e+000 -2.689862e+000  3.649370e+001
    endloop
  endfacet
  facet normal -8.860814e-001 -8.934616e-003 -4.634435e-001
    outer loop
      vertex  1.416418e+000 -2.689862e+000  3.649370e+001
      vertex  1.390413e+000 -3.697195e+000  3.656284e+001
      vertex  1.257947e+000 -3.744339e+000  3.681702e+001
    endloop
  endfacet
  facet normal -9.088749e-001  8.738078e-003 -4.169775e-001
    outer loop
      vertex  1.416418e+000 -2.689862e+000  3.649370e+001
      vertex  1.257947e+000 -3.744339e+000  3.681702e+001
      vertex  1.295537e+000 -2.750124e+000  3.675592e+001
    endloop
  endfacet
  facet normal -7.820373e-001 -8.729248e-003 -6.231706e-001
    outer loop
      vertex  1.295537e+000 -2.750124e+000  3.675592e+001
      vertex  1.257947e+000 -3.744339e+000  3.681702e+001
      vertex  1.080749e+000 -3.799274e+000  3.704016e+001
    endloop
  endfacet
  facet normal -8.129729e-001  8.694118e-003 -5.822366e-001
    outer loop
      vertex  1.295537e+000 -2.750124e+000  3.675592e+001
      vertex  1.080749e+000 -3.799274e+000  3.704016e+001
      vertex  1.128366e+000 -2.822834e+000  3.698825e+001
    endloop
  endfacet
  facet normal -6.415693e-001 -9.486691e-003 -7.670064e-001
    outer loop
      vertex  1.128366e+000 -2.822834e+000  3.698825e+001
      vertex  1.080749e+000 -3.799274e+000  3.704016e+001
      vertex  8.373744e-001 -3.860221e+000  3.724448e+001
    endloop
  endfacet
  facet normal -6.842843e-001  1.185319e-002 -7.291190e-001
    outer loop
      vertex  1.128366e+000 -2.822834e+000  3.698825e+001
      vertex  8.373744e-001 -3.860221e+000  3.724448e+001
      vertex  9.069181e-001 -2.901568e+000  3.719480e+001
    endloop
  endfacet
  facet normal -4.767653e-001 -1.096659e-002 -8.789623e-001
    outer loop
      vertex  9.069181e-001 -2.901568e+000  3.719480e+001
      vertex  8.373744e-001 -3.860221e+000  3.724448e+001
      vertex  5.910885e-001 -3.905524e+000  3.737864e+001
    endloop
  endfacet
  facet normal -5.300201e-001  1.147314e-002 -8.479075e-001
    outer loop
      vertex  9.069181e-001 -2.901568e+000  3.719480e+001
      vertex  5.910885e-001 -3.905524e+000  3.737864e+001
      vertex  6.699355e-001 -2.965263e+000  3.734208e+001
    endloop
  endfacet
  facet normal -3.038304e-001 -1.156771e-002 -9.526559e-001
    outer loop
      vertex  6.699355e-001 -2.965263e+000  3.734208e+001
      vertex  5.910885e-001 -3.905524e+000  3.737864e+001
      vertex  3.222148e-001 -3.936836e+000  3.746477e+001
    endloop
  endfacet
  facet normal -3.614269e-001  1.161291e-002 -9.323281e-001
    outer loop
      vertex  6.699355e-001 -2.965263e+000  3.734208e+001
      vertex  3.222148e-001 -3.936836e+000  3.746477e+001
      vertex  4.066700e-001 -3.012676e+000  3.744354e+001
    endloop
  endfacet
  facet normal -1.081534e-001 -1.295053e-002 -9.940498e-001
    outer loop
      vertex  4.066700e-001 -3.012676e+000  3.744354e+001
      vertex  3.222148e-001 -3.936836e+000  3.746477e+001
      vertex  4.592420e-015 -3.950000e+000  3.750000e+001
    endloop
  endfacet
  facet normal -1.375100e-001  0.000000e+000 -9.905003e-001
    outer loop
      vertex  4.066700e-001 -3.012676e+000  3.744354e+001
      vertex  4.592420e-015 -3.950000e+000  3.750000e+001
      vertex  4.592420e-015 -3.040000e+000  3.750000e+001
    endloop
  endfacet
  facet normal -6.204537e-001 -7.248973e-003  7.842096e-001
    outer loop
      vertex  1.041743e+000 -2.855936e+000  3.492089e+001
      vertex  8.146285e-001 -2.928819e+000  3.474053e+001
      vertex  9.488556e-001 -3.834341e+000  3.483836e+001
    endloop
  endfacet
  facet normal -4.638318e-001  2.691180e-002  8.855144e-001
    outer loop
      vertex  9.488556e-001 -3.834341e+000  3.483836e+001
      vertex  8.146285e-001 -2.928819e+000  3.474053e+001
      vertex  5.560533e-001 -2.988713e+000  3.460691e+001
    endloop
  endfacet
  facet normal -5.110489e-001 -2.127751e-003  8.595490e-001
    outer loop
      vertex  9.488556e-001 -3.834341e+000  3.483836e+001
      vertex  5.560533e-001 -2.988713e+000  3.460691e+001
      vertex  5.679754e-001 -3.908952e+000  3.461172e+001
    endloop
  endfacet
  facet normal -2.813170e-001  1.371583e-003  9.596139e-001
    outer loop
      vertex  5.679754e-001 -3.908952e+000  3.461172e+001
      vertex  5.560533e-001 -2.988713e+000  3.460691e+001
      vertex  2.830867e-001 -3.026791e+000  3.452694e+001
    endloop
  endfacet
  facet normal -2.872325e-001 -7.072991e-004  9.578606e-001
    outer loop
      vertex  5.679754e-001 -3.908952e+000  3.461172e+001
      vertex  2.830867e-001 -3.026791e+000  3.452694e+001
      vertex  2.895446e-001 -3.939373e+000  3.452820e+001
    endloop
  endfacet
  facet normal -9.476772e-002  7.067621e-004  9.954991e-001
    outer loop
      vertex  2.895446e-001 -3.939373e+000  3.452820e+001
      vertex  2.830867e-001 -3.026791e+000  3.452694e+001
      vertex  4.041347e-015 -3.040000e+000  3.450000e+001
    endloop
  endfacet
  facet normal -9.694267e-002 -3.913734e-017  9.952900e-001
    outer loop
      vertex  2.895446e-001 -3.939373e+000  3.452820e+001
      vertex  4.041347e-015 -3.040000e+000  3.450000e+001
      vertex  4.408729e-015 -3.950000e+000  3.450000e+001
    endloop
  endfacet
  facet normal  0.000000e+000  0.000000e+000 -9.999999e-001
    outer loop
      vertex -1.319007e+000  2.738945e+000 -5.500000e+001
      vertex -2.793072e+000  2.793072e+000 -5.500000e+001
      vertex -6.764637e-001  2.963781e+000 -5.500000e+001
    endloop
  endfacet
  facet normal  0.000000e+000  0.000000e+000 -9.999999e-001
    outer loop
      vertex  2.793072e+000  2.793072e+000 -5.500000e+001
      vertex  1.319007e+000  2.738945e+000 -5.500000e+001
      vertex  6.764637e-001  2.963781e+000 -5.500000e+001
    endloop
  endfacet
  facet normal  -0.000000e+000  0.000000e+000 -1.000000e+000
    outer loop
      vertex -8.611557e-016  3.040000e+000 -5.500000e+001
      vertex -6.764637e-001  2.963781e+000 -5.500000e+001
      vertex -2.793072e+000  2.793072e+000 -5.500000e+001
    endloop
  endfacet
  facet normal  0.000000e+000  0.000000e+000 -1.000000e+000
    outer loop
      vertex -8.611557e-016  3.040000e+000 -5.500000e+001
      vertex -2.793072e+000  2.793072e+000 -5.500000e+001
      vertex -2.194502e+000  3.284305e+000 -5.500000e+001
    endloop
  endfacet
  facet normal  0.000000e+000  0.000000e+000 -1.000000e+000
    outer loop
      vertex -8.611557e-016  3.040000e+000 -5.500000e+001
      vertex -2.194502e+000  3.284305e+000 -5.500000e+001
      vertex -1.511600e+000  3.649324e+000 -5.500000e+001
    endloop
  endfacet
  facet normal  0.000000e+000  0.000000e+000 -9.999999e-001
    outer loop
      vertex -8.611557e-016  3.040000e+000 -5.500000e+001
      vertex -1.511600e+000  3.649324e+000 -5.500000e+001
      vertex -7.706068e-001  3.874102e+000 -5.500000e+001
    endloop
  endfacet
  facet normal  0.000000e+000  0.000000e+000 -9.999999e-001
    outer loop
      vertex -8.611557e-016  3.040000e+000 -5.500000e+001
      vertex -7.706068e-001  3.874102e+000 -5.500000e+001
      vertex -2.418597e-016  3.950000e+000 -5.500000e+001
    endloop
  endfacet
  facet normal  0.000000e+000  -0.000000e+000 -9.999999e-001
    outer loop
      vertex -8.611557e-016  3.040000e+000 -5.500000e+001
      vertex -2.418597e-016  3.950000e+000 -5.500000e+001
      vertex  7.706068e-001  3.874102e+000 -5.500000e+001
    endloop
  endfacet
  facet normal  0.000000e+000  -0.000000e+000 -9.999999e-001
    outer loop
      vertex -8.611557e-016  3.040000e+000 -5.500000e+001
      vertex  7.706068e-001  3.874102e+000 -5.500000e+001
      vertex  1.511600e+000  3.649324e+000 -5.500000e+001
    endloop
  endfacet
  facet normal  0.000000e+000  -0.000000e+000 -1.000000e+000
    outer loop
      vertex -8.611557e-016  3.040000e+000 -5.500000e+001
      vertex  1.511600e+000  3.649324e+000 -5.500000e+001
      vertex  2.194502e+000  3.284305e+000 -5.500000e+001
    endloop
  endfacet
  facet normal  0.000000e+000  -0.000000e+000 -1.000000e+000
    outer loop
      vertex -8.611557e-016  3.040000e+000 -5.500000e+001
      vertex  2.194502e+000  3.284305e+000 -5.500000e+001
      vertex  2.793072e+000  2.793072e+000 -5.500000e+001
    endloop
  endfacet
  facet normal  0.000000e+000  0.000000e+000 -1.000000e+000
    outer loop
      vertex -8.611557e-016  3.040000e+000 -5.500000e+001
      vertex  2.793072e+000  2.793072e+000 -5.500000e+001
      vertex  6.764637e-001  2.963781e+000 -5.500000e+001
    endloop
  endfacet
  facet normal  0.000000e+000  0.000000e+000 -1.000000e+000
    outer loop
      vertex  7.255793e-016 -3.950000e+000 -5.500000e+001
      vertex -7.706068e-001 -3.874102e+000 -5.500000e+001
      vertex -1.511600e+000 -3.649324e+000 -5.500000e+001
    endloop
  endfacet
  facet normal  0.000000e+000  0.000000e+000 -1.000000e+000
    outer loop
      vertex  7.255793e-016 -3.950000e+000 -5.500000e+001
      vertex -1.511600e+000 -3.649324e+000 -5.500000e+001
      vertex -2.194502e+000 -3.284305e+000 -5.500000e+001
    endloop
  endfacet
  facet normal  0.000000e+000  0.000000e+000 -1.000000e+000
    outer loop
      vertex  7.255793e-016 -3.950000e+000 -5.500000e+001
      vertex -2.194502e+000 -3.284305e+000 -5.500000e+001
      vertex  5.584205e-016 -3.040000e+000 -5.500000e+001
    endloop
  endfacet
  facet normal  0.000000e+000  0.000000e+000 -1.000000e+000
    outer loop
      vertex  7.255793e-016 -3.950000e+000 -5.500000e+001
      vertex  5.584205e-016 -3.040000e+000 -5.500000e+001
      vertex  2.194502e+000 -3.284305e+000 -5.500000e+001
    endloop
  endfacet
  facet normal  0.000000e+000  0.000000e+000 -1.000000e+000
    outer loop
      vertex  7.255793e-016 -3.950000e+000 -5.500000e+001
      vertex  2.194502e+000 -3.284305e+000 -5.500000e+001
      vertex  1.511600e+000 -3.649324e+000 -5.500000e+001
    endloop
  endfacet
  facet normal  0.000000e+000  0.000000e+000 -1.000000e+000
    outer loop
      vertex  7.255793e-016 -3.950000e+000 -5.500000e+001
      vertex  1.511600e+000 -3.649324e+000 -5.500000e+001
      vertex  7.706068e-001 -3.874102e+000 -5.500000e+001
    endloop
  endfacet
  facet normal  0.000000e+000  0.000000e+000 -1.000000e+000
    outer loop
      vertex -2.738945e+000  1.319007e+000 -5.500000e+001
      vertex -3.649324e+000  1.511600e+000 -5.500000e+001
      vertex -2.376768e+000  1.895409e+000 -5.500000e+001
    endloop
  endfacet
  facet normal  -0.000000e+000  0.000000e+000 -9.999999e-001
    outer loop
      vertex -2.376768e+000  1.895409e+000 -5.500000e+001
      vertex -3.649324e+000  1.511600e+000 -5.500000e+001
      vertex -3.284305e+000  2.194502e+000 -5.500000e+001
    endloop
  endfacet
  facet normal  0.000000e+000  0.000000e+000 -1.000000e+000
    outer loop
      vertex -2.376768e+000  1.895409e+000 -5.500000e+001
      vertex -3.284305e+000  2.194502e+000 -5.500000e+001
      vertex -1.895409e+000  2.376768e+000 -5.500000e+001
    endloop
  endfacet
  facet normal  -0.000000e+000  0.000000e+000 -1.000000e+000
    outer loop
      vertex -1.895409e+000  2.376768e+000 -5.500000e+001
      vertex -3.284305e+000  2.194502e+000 -5.500000e+001
      vertex -2.793072e+000  2.793072e+000 -5.500000e+001
    endloop
  endfacet
  facet normal  0.000000e+000  0.000000e+000 -9.999999e-001
    outer loop
      vertex -1.895409e+000  2.376768e+000 -5.500000e+001
      vertex -2.793072e+000  2.793072e+000 -5.500000e+001
      vertex -1.319007e+000  2.738945e+000 -5.500000e+001
    endloop
  endfacet
  facet normal  0.000000e+000  0.000000e+000 -1.000000e+000
    outer loop
      vertex -1.895409e+000 -2.376768e+000 -5.500000e+001
      vertex -3.284305e+000 -2.194502e+000 -5.500000e+001
      vertex -2.376768e+000 -1.895409e+000 -5.500000e+001
    endloop
  endfacet
  facet normal  -0.000000e+000  0.000000e+000 -9.999999e-001
    outer loop
      vertex -2.376768e+000 -1.895409e+000 -5.500000e+001
      vertex -3.284305e+000 -2.194502e+000 -5.500000e+001
      vertex -3.649324e+000 -1.511600e+000 -5.500000e+001
    endloop
  endfacet
  facet normal  0.000000e+000  0.000000e+000 -1.000000e+000
    outer loop
      vertex -2.376768e+000 -1.895409e+000 -5.500000e+001
      vertex -3.649324e+000 -1.511600e+000 -5.500000e+001
      vertex -2.738945e+000 -1.319007e+000 -5.500000e+001
    endloop
  endfacet
  facet normal  -0.000000e+000  0.000000e+000 -1.000000e+000
    outer loop
      vertex -2.738945e+000 -1.319007e+000 -5.500000e+001
      vertex -3.649324e+000 -1.511600e+000 -5.500000e+001
      vertex -3.874102e+000 -7.706068e-001 -5.500000e+001
    endloop
  endfacet
  facet normal  0.000000e+000  0.000000e+000 -1.000000e+000
    outer loop
      vertex -2.738945e+000 -1.319007e+000 -5.500000e+001
      vertex -3.874102e+000 -7.706068e-001 -5.500000e+001
      vertex -2.963781e+000 -6.764637e-001 -5.500000e+001
    endloop
  endfacet
  facet normal  -0.000000e+000  0.000000e+000 -9.999999e-001
    outer loop
      vertex -2.963781e+000 -6.764637e-001 -5.500000e+001
      vertex -3.874102e+000 -7.706068e-001 -5.500000e+001
      vertex -3.950000e+000  0.000000e+000 -5.500000e+001
    endloop
  endfacet
  facet normal  0.000000e+000  0.000000e+000 -1.000000e+000
    outer loop
      vertex -2.963781e+000 -6.764637e-001 -5.500000e+001
      vertex -3.950000e+000  0.000000e+000 -5.500000e+001
      vertex -3.040000e+000  0.000000e+000 -5.500000e+001
    endloop
  endfacet
  facet normal  0.000000e+000  0.000000e+000 -9.999999e-001
    outer loop
      vertex -3.040000e+000  0.000000e+000 -5.500000e+001
      vertex -3.950000e+000  0.000000e+000 -5.500000e+001
      vertex -3.874102e+000  7.706068e-001 -5.500000e+001
    endloop
  endfacet
  facet normal  0.000000e+000  0.000000e+000 -1.000000e+000
    outer loop
      vertex -3.040000e+000  0.000000e+000 -5.500000e+001
      vertex -3.874102e+000  7.706068e-001 -5.500000e+001
      vertex -2.963781e+000  6.764637e-001 -5.500000e+001
    endloop
  endfacet
  facet normal  0.000000e+000  0.000000e+000 -1.000000e+000
    outer loop
      vertex -2.963781e+000  6.764637e-001 -5.500000e+001
      vertex -3.874102e+000  7.706068e-001 -5.500000e+001
      vertex -3.649324e+000  1.511600e+000 -5.500000e+001
    endloop
  endfacet
  facet normal  0.000000e+000  0.000000e+000 -1.000000e+000
    outer loop
      vertex -2.963781e+000  6.764637e-001 -5.500000e+001
      vertex -3.649324e+000  1.511600e+000 -5.500000e+001
      vertex -2.738945e+000  1.319007e+000 -5.500000e+001
    endloop
  endfacet
  facet normal  0.000000e+000  0.000000e+000 -9.999999e-001
    outer loop
      vertex  5.584205e-016 -3.040000e+000 -5.500000e+001
      vertex -2.194502e+000 -3.284305e+000 -5.500000e+001
      vertex -6.764637e-001 -2.963781e+000 -5.500000e+001
    endloop
  endfacet
  facet normal  -0.000000e+000  0.000000e+000 -9.999999e-001
    outer loop
      vertex -6.764637e-001 -2.963781e+000 -5.500000e+001
      vertex -2.194502e+000 -3.284305e+000 -5.500000e+001
      vertex -2.793072e+000 -2.793072e+000 -5.500000e+001
    endloop
  endfacet
  facet normal  0.000000e+000  0.000000e+000 -9.999999e-001
    outer loop
      vertex -6.764637e-001 -2.963781e+000 -5.500000e+001
      vertex -2.793072e+000 -2.793072e+000 -5.500000e+001
      vertex -1.319007e+000 -2.738945e+000 -5.500000e+001
    endloop
  endfacet
  facet normal  -0.000000e+000  0.000000e+000 -1.000000e+000
    outer loop
      vertex -1.319007e+000 -2.738945e+000 -5.500000e+001
      vertex -2.793072e+000 -2.793072e+000 -5.500000e+001
      vertex -3.284305e+000 -2.194502e+000 -5.500000e+001
    endloop
  endfacet
  facet normal  0.000000e+000  0.000000e+000 -1.000000e+000
    outer loop
      vertex -1.319007e+000 -2.738945e+000 -5.500000e+001
      vertex -3.284305e+000 -2.194502e+000 -5.500000e+001
      vertex -1.895409e+000 -2.376768e+000 -5.500000e+001
    endloop
  endfacet
  facet normal  0.000000e+000  0.000000e+000 -1.000000e+000
    outer loop
      vertex  2.738945e+000  1.319007e+000 -5.500000e+001
      vertex  2.376768e+000  1.895409e+000 -5.500000e+001
      vertex  3.649324e+000  1.511600e+000 -5.500000e+001
    endloop
  endfacet
  facet normal  0.000000e+000  0.000000e+000 -1.000000e+000
    outer loop
      vertex  3.649324e+000  1.511600e+000 -5.500000e+001
      vertex  2.376768e+000  1.895409e+000 -5.500000e+001
      vertex  1.895409e+000  2.376768e+000 -5.500000e+001
    endloop
  endfacet
  facet normal  0.000000e+000  0.000000e+000 -1.000000e+000
    outer loop
      vertex  3.649324e+000  1.511600e+000 -5.500000e+001
      vertex  1.895409e+000  2.376768e+000 -5.500000e+001
      vertex  3.284305e+000  2.194502e+000 -5.500000e+001
    endloop
  endfacet
  facet normal  0.000000e+000  0.000000e+000 -1.000000e+000
    outer loop
      vertex  3.284305e+000  2.194502e+000 -5.500000e+001
      vertex  1.895409e+000  2.376768e+000 -5.500000e+001
      vertex  1.319007e+000  2.738945e+000 -5.500000e+001
    endloop
  endfacet
  facet normal  0.000000e+000  0.000000e+000 -1.000000e+000
    outer loop
      vertex  3.284305e+000  2.194502e+000 -5.500000e+001
      vertex  1.319007e+000  2.738945e+000 -5.500000e+001
      vertex  2.793072e+000  2.793072e+000 -5.500000e+001
    endloop
  endfacet
  facet normal  0.000000e+000  -0.000000e+000 -1.000000e+000
    outer loop
      vertex  1.895409e+000 -2.376768e+000 -5.500000e+001
      vertex  2.376768e+000 -1.895409e+000 -5.500000e+001
      vertex  3.284305e+000 -2.194502e+000 -5.500000e+001
    endloop
  endfacet
  facet normal  0.000000e+000  0.000000e+000 -1.000000e+000
    outer loop
      vertex  3.284305e+000 -2.194502e+000 -5.500000e+001
      vertex  2.376768e+000 -1.895409e+000 -5.500000e+001
      vertex  2.738945e+000 -1.319007e+000 -5.500000e+001
    endloop
  endfacet
  facet normal  0.000000e+000  0.000000e+000 -1.000000e+000
    outer loop
      vertex  3.284305e+000 -2.194502e+000 -5.500000e+001
      vertex  2.738945e+000 -1.319007e+000 -5.500000e+001
      vertex  3.649324e+000 -1.511600e+000 -5.500000e+001
    endloop
  endfacet
  facet normal  0.000000e+000  0.000000e+000 -1.000000e+000
    outer loop
      vertex  3.649324e+000 -1.511600e+000 -5.500000e+001
      vertex  2.738945e+000 -1.319007e+000 -5.500000e+001
      vertex  2.963781e+000 -6.764637e-001 -5.500000e+001
    endloop
  endfacet
  facet normal  0.000000e+000  0.000000e+000 -1.000000e+000
    outer loop
      vertex  3.649324e+000 -1.511600e+000 -5.500000e+001
      vertex  2.963781e+000 -6.764637e-001 -5.500000e+001
      vertex  3.874102e+000 -7.706068e-001 -5.500000e+001
    endloop
  endfacet
  facet normal  0.000000e+000  0.000000e+000 -1.000000e+000
    outer loop
      vertex  3.874102e+000 -7.706068e-001 -5.500000e+001
      vertex  2.963781e+000 -6.764637e-001 -5.500000e+001
      vertex  3.040000e+000  1.722311e-015 -5.500000e+001
    endloop
  endfacet
  facet normal  0.000000e+000  0.000000e+000 -9.999999e-001
    outer loop
      vertex  3.874102e+000 -7.706068e-001 -5.500000e+001
      vertex  3.040000e+000  1.722311e-015 -5.500000e+001
      vertex  3.950000e+000  4.837195e-016 -5.500000e+001
    endloop
  endfacet
  facet normal  0.000000e+000  0.000000e+000 -1.000000e+000
    outer loop
      vertex  3.950000e+000  4.837195e-016 -5.500000e+001
      vertex  3.040000e+000  1.722311e-015 -5.500000e+001
      vertex  2.963781e+000  6.764637e-001 -5.500000e+001
    endloop
  endfacet
  facet normal  0.000000e+000  0.000000e+000 -9.999999e-001
    outer loop
      vertex  3.950000e+000  4.837195e-016 -5.500000e+001
      vertex  2.963781e+000  6.764637e-001 -5.500000e+001
      vertex  3.874102e+000  7.706068e-001 -5.500000e+001
    endloop
  endfacet
  facet normal  -0.000000e+000  0.000000e+000 -1.000000e+000
    outer loop
      vertex  3.874102e+000  7.706068e-001 -5.500000e+001
      vertex  2.963781e+000  6.764637e-001 -5.500000e+001
      vertex  2.738945e+000  1.319007e+000 -5.500000e+001
    endloop
  endfacet
  facet normal  0.000000e+000  0.000000e+000 -1.000000e+000
    outer loop
      vertex  3.874102e+000  7.706068e-001 -5.500000e+001
      vertex  2.738945e+000  1.319007e+000 -5.500000e+001
      vertex  3.649324e+000  1.511600e+000 -5.500000e+001
    endloop
  endfacet
  facet normal  0.000000e+000  -0.000000e+000 -1.000000e+000
    outer loop
      vertex  5.584205e-016 -3.040000e+000 -5.500000e+001
      vertex  6.764637e-001 -2.963781e+000 -5.500000e+001
      vertex  2.194502e+000 -3.284305e+000 -5.500000e+001
    endloop
  endfacet
  facet normal  0.000000e+000  0.000000e+000 -1.000000e+000
    outer loop
      vertex  2.194502e+000 -3.284305e+000 -5.500000e+001
      vertex  6.764637e-001 -2.963781e+000 -5.500000e+001
      vertex  1.319007e+000 -2.738945e+000 -5.500000e+001
    endloop
  endfacet
  facet normal  0.000000e+000  0.000000e+000 -1.000000e+000
    outer loop
      vertex  2.194502e+000 -3.284305e+000 -5.500000e+001
      vertex  1.319007e+000 -2.738945e+000 -5.500000e+001
      vertex  2.793072e+000 -2.793072e+000 -5.500000e+001
    endloop
  endfacet
  facet normal  0.000000e+000  0.000000e+000 -9.999999e-001
    outer loop
      vertex  2.793072e+000 -2.793072e+000 -5.500000e+001
      vertex  1.319007e+000 -2.738945e+000 -5.500000e+001
      vertex  1.895409e+000 -2.376768e+000 -5.500000e+001
    endloop
  endfacet
  facet normal  0.000000e+000  0.000000e+000 -1.000000e+000
    outer loop
      vertex  2.793072e+000 -2.793072e+000 -5.500000e+001
      vertex  1.895409e+000 -2.376768e+000 -5.500000e+001
      vertex  3.284305e+000 -2.194502e+000 -5.500000e+001
    endloop
  endfacet
  facet normal  -0.000000e+000  0.000000e+000  9.999999e-001
    outer loop
      vertex -6.764637e-001  2.963781e+000  5.500000e+001
      vertex -2.793072e+000  2.793072e+000  5.500000e+001
      vertex -1.319007e+000  2.738945e+000  5.500000e+001
    endloop
  endfacet
  facet normal  0.000000e+000  -0.000000e+000  9.999999e-001
    outer loop
      vertex  6.764637e-001  2.963781e+000  5.500000e+001
      vertex  1.319007e+000  2.738945e+000  5.500000e+001
      vertex  2.793072e+000  2.793072e+000  5.500000e+001
    endloop
  endfacet
  facet normal  -0.000000e+000  -0.000000e+000  1.000000e+000
    outer loop
      vertex -8.611557e-016  3.040000e+000  5.500000e+001
      vertex  6.764637e-001  2.963781e+000  5.500000e+001
      vertex  2.793072e+000  2.793072e+000  5.500000e+001
    endloop
  endfacet
  facet normal  0.000000e+000  0.000000e+000  1.000000e+000
    outer loop
      vertex -8.611557e-016  3.040000e+000  5.500000e+001
      vertex  2.793072e+000  2.793072e+000  5.500000e+001
      vertex  2.194502e+000  3.284305e+000  5.500000e+001
    endloop
  endfacet
  facet normal  0.000000e+000  0.000000e+000  1.000000e+000
    outer loop
      vertex -8.611557e-016  3.040000e+000  5.500000e+001
      vertex  2.194502e+000  3.284305e+000  5.500000e+001
      vertex  1.511600e+000  3.649324e+000  5.500000e+001
    endloop
  endfacet
  facet normal  0.000000e+000  0.000000e+000  9.999999e-001
    outer loop
      vertex -8.611557e-016  3.040000e+000  5.500000e+001
      vertex  1.511600e+000  3.649324e+000  5.500000e+001
      vertex  7.706068e-001  3.874102e+000  5.500000e+001
    endloop
  endfacet
  facet normal  0.000000e+000  0.000000e+000  9.999999e-001
    outer loop
      vertex -8.611557e-016  3.040000e+000  5.500000e+001
      vertex  7.706068e-001  3.874102e+000  5.500000e+001
      vertex -2.418597e-016  3.950000e+000  5.500000e+001
    endloop
  endfacet
  facet normal  0.000000e+000  0.000000e+000  9.999999e-001
    outer loop
      vertex -8.611557e-016  3.040000e+000  5.500000e+001
      vertex -2.418597e-016  3.950000e+000  5.500000e+001
      vertex -7.706068e-001  3.874102e+000  5.500000e+001
    endloop
  endfacet
  facet normal  0.000000e+000  0.000000e+000  9.999999e-001
    outer loop
      vertex -8.611557e-016  3.040000e+000  5.500000e+001
      vertex -7.706068e-001  3.874102e+000  5.500000e+001
      vertex -1.511600e+000  3.649324e+000  5.500000e+001
    endloop
  endfacet
  facet normal  0.000000e+000  0.000000e+000  1.000000e+000
    outer loop
      vertex -8.611557e-016  3.040000e+000  5.500000e+001
      vertex -1.511600e+000  3.649324e+000  5.500000e+001
      vertex -2.194502e+000  3.284305e+000  5.500000e+001
    endloop
  endfacet
  facet normal  0.000000e+000  0.000000e+000  1.000000e+000
    outer loop
      vertex -8.611557e-016  3.040000e+000  5.500000e+001
      vertex -2.194502e+000  3.284305e+000  5.500000e+001
      vertex -2.793072e+000  2.793072e+000  5.500000e+001
    endloop
  endfacet
  facet normal  0.000000e+000  0.000000e+000  1.000000e+000
    outer loop
      vertex -8.611557e-016  3.040000e+000  5.500000e+001
      vertex -2.793072e+000  2.793072e+000  5.500000e+001
      vertex -6.764637e-001  2.963781e+000  5.500000e+001
    endloop
  endfacet
  facet normal  0.000000e+000  -0.000000e+000  1.000000e+000
    outer loop
      vertex  7.255793e-016 -3.950000e+000  5.500000e+001
      vertex  7.706068e-001 -3.874102e+000  5.500000e+001
      vertex  1.511600e+000 -3.649324e+000  5.500000e+001
    endloop
  endfacet
  facet normal  0.000000e+000  -0.000000e+000  1.000000e+000
    outer loop
      vertex  7.255793e-016 -3.950000e+000  5.500000e+001
      vertex  1.511600e+000 -3.649324e+000  5.500000e+001
      vertex  2.194502e+000 -3.284305e+000  5.500000e+001
    endloop
  endfacet
  facet normal  0.000000e+000  0.000000e+000  1.000000e+000
    outer loop
      vertex  7.255793e-016 -3.950000e+000  5.500000e+001
      vertex  2.194502e+000 -3.284305e+000  5.500000e+001
      vertex  5.584205e-016 -3.040000e+000  5.500000e+001
    endloop
  endfacet
  facet normal  0.000000e+000  0.000000e+000  1.000000e+000
    outer loop
      vertex  7.255793e-016 -3.950000e+000  5.500000e+001
      vertex  5.584205e-016 -3.040000e+000  5.500000e+001
      vertex -2.194502e+000 -3.284305e+000  5.500000e+001
    endloop
  endfacet
  facet normal  0.000000e+000  0.000000e+000  1.000000e+000
    outer loop
      vertex  7.255793e-016 -3.950000e+000  5.500000e+001
      vertex -2.194502e+000 -3.284305e+000  5.500000e+001
      vertex -1.511600e+000 -3.649324e+000  5.500000e+001
    endloop
  endfacet
  facet normal  0.000000e+000  0.000000e+000  1.000000e+000
    outer loop
      vertex  7.255793e-016 -3.950000e+000  5.500000e+001
      vertex -1.511600e+000 -3.649324e+000  5.500000e+001
      vertex -7.706068e-001 -3.874102e+000  5.500000e+001
    endloop
  endfacet
  facet normal  0.000000e+000  0.000000e+000  9.999999e-001
    outer loop
      vertex -1.319007e+000  2.738945e+000  5.500000e+001
      vertex -2.793072e+000  2.793072e+000  5.500000e+001
      vertex -1.895409e+000  2.376768e+000  5.500000e+001
    endloop
  endfacet
  facet normal  0.000000e+000  0.000000e+000  1.000000e+000
    outer loop
      vertex -1.895409e+000  2.376768e+000  5.500000e+001
      vertex -2.793072e+000  2.793072e+000  5.500000e+001
      vertex -3.284305e+000  2.194502e+000  5.500000e+001
    endloop
  endfacet
  facet normal  -0.000000e+000  0.000000e+000  1.000000e+000
    outer loop
      vertex -1.895409e+000  2.376768e+000  5.500000e+001
      vertex -3.284305e+000  2.194502e+000  5.500000e+001
      vertex -2.376768e+000  1.895409e+000  5.500000e+001
    endloop
  endfacet
  facet normal  0.000000e+000  0.000000e+000  9.999999e-001
    outer loop
      vertex -2.376768e+000  1.895409e+000  5.500000e+001
      vertex -3.284305e+000  2.194502e+000  5.500000e+001
      vertex -3.649324e+000  1.511600e+000  5.500000e+001
    endloop
  endfacet
  facet normal  -0.000000e+000  0.000000e+000  1.000000e+000
    outer loop
      vertex -2.376768e+000  1.895409e+000  5.500000e+001
      vertex -3.649324e+000  1.511600e+000  5.500000e+001
      vertex -2.738945e+000  1.319007e+000  5.500000e+001
    endloop
  endfacet
  facet normal  0.000000e+000  0.000000e+000  1.000000e+000
    outer loop
      vertex -2.738945e+000  1.319007e+000  5.500000e+001
      vertex -3.649324e+000  1.511600e+000  5.500000e+001
      vertex -2.963781e+000  6.764637e-001  5.500000e+001
    endloop
  endfacet
  facet normal  0.000000e+000  0.000000e+000  1.000000e+000
    outer loop
      vertex -2.963781e+000  6.764637e-001  5.500000e+001
      vertex -3.649324e+000  1.511600e+000  5.500000e+001
      vertex -3.874102e+000  7.706068e-001  5.500000e+001
    endloop
  endfacet
  facet normal  0.000000e+000  0.000000e+000  1.000000e+000
    outer loop
      vertex -2.963781e+000  6.764637e-001  5.500000e+001
      vertex -3.874102e+000  7.706068e-001  5.500000e+001
      vertex -3.040000e+000 -3.444623e-015  5.500000e+001
    endloop
  endfacet
  facet normal  0.000000e+000  0.000000e+000  9.999999e-001
    outer loop
      vertex -3.040000e+000 -3.444623e-015  5.500000e+001
      vertex -3.874102e+000  7.706068e-001  5.500000e+001
      vertex -3.950000e+000  0.000000e+000  5.500000e+001
    endloop
  endfacet
  facet normal  0.000000e+000  0.000000e+000  1.000000e+000
    outer loop
      vertex -3.040000e+000 -3.444623e-015  5.500000e+001
      vertex -3.950000e+000  0.000000e+000  5.500000e+001
      vertex -2.963781e+000 -6.764637e-001  5.500000e+001
    endloop
  endfacet
  facet normal  0.000000e+000  0.000000e+000  9.999999e-001
    outer loop
      vertex -2.963781e+000 -6.764637e-001  5.500000e+001
      vertex -3.950000e+000  0.000000e+000  5.500000e+001
      vertex -3.874102e+000 -7.706068e-001  5.500000e+001
    endloop
  endfacet
  facet normal  -0.000000e+000  0.000000e+000  1.000000e+000
    outer loop
      vertex -2.963781e+000 -6.764637e-001  5.500000e+001
      vertex -3.874102e+000 -7.706068e-001  5.500000e+001
      vertex -2.738945e+000 -1.319007e+000  5.500000e+001
    endloop
  endfacet
  facet normal  0.000000e+000  0.000000e+000  1.000000e+000
    outer loop
      vertex -2.738945e+000 -1.319007e+000  5.500000e+001
      vertex -3.874102e+000 -7.706068e-001  5.500000e+001
      vertex -3.649324e+000 -1.511600e+000  5.500000e+001
    endloop
  endfacet
  facet normal  -0.000000e+000  0.000000e+000  1.000000e+000
    outer loop
      vertex -2.738945e+000 -1.319007e+000  5.500000e+001
      vertex -3.649324e+000 -1.511600e+000  5.500000e+001
      vertex -2.376768e+000 -1.895409e+000  5.500000e+001
    endloop
  endfacet
  facet normal  0.000000e+000  0.000000e+000  9.999999e-001
    outer loop
      vertex -2.376768e+000 -1.895409e+000  5.500000e+001
      vertex -3.649324e+000 -1.511600e+000  5.500000e+001
      vertex -3.284305e+000 -2.194502e+000  5.500000e+001
    endloop
  endfacet
  facet normal  -0.000000e+000  0.000000e+000  1.000000e+000
    outer loop
      vertex -2.376768e+000 -1.895409e+000  5.500000e+001
      vertex -3.284305e+000 -2.194502e+000  5.500000e+001
      vertex -1.895409e+000 -2.376768e+000  5.500000e+001
    endloop
  endfacet
  facet normal  0.000000e+000  0.000000e+000  1.000000e+000
    outer loop
      vertex -1.895409e+000 -2.376768e+000  5.500000e+001
      vertex -3.284305e+000 -2.194502e+000  5.500000e+001
      vertex -1.319007e+000 -2.738945e+000  5.500000e+001
    endloop
  endfacet
  facet normal  0.000000e+000  0.000000e+000  1.000000e+000
    outer loop
      vertex -1.319007e+000 -2.738945e+000  5.500000e+001
      vertex -3.284305e+000 -2.194502e+000  5.500000e+001
      vertex -2.793072e+000 -2.793072e+000  5.500000e+001
    endloop
  endfacet
  facet normal  -0.000000e+000  0.000000e+000  9.999999e-001
    outer loop
      vertex -1.319007e+000 -2.738945e+000  5.500000e+001
      vertex -2.793072e+000 -2.793072e+000  5.500000e+001
      vertex -6.764637e-001 -2.963781e+000  5.500000e+001
    endloop
  endfacet
  facet normal  0.000000e+000  0.000000e+000  9.999999e-001
    outer loop
      vertex -6.764637e-001 -2.963781e+000  5.500000e+001
      vertex -2.793072e+000 -2.793072e+000  5.500000e+001
      vertex -2.194502e+000 -3.284305e+000  5.500000e+001
    endloop
  endfacet
  facet normal  0.000000e+000  0.000000e+000  9.999999e-001
    outer loop
      vertex -6.764637e-001 -2.963781e+000  5.500000e+001
      vertex -2.194502e+000 -3.284305e+000  5.500000e+001
      vertex  5.584205e-016 -3.040000e+000  5.500000e+001
    endloop
  endfacet
  facet normal  -0.000000e+000  0.000000e+000  1.000000e+000
    outer loop
      vertex  2.793072e+000  2.793072e+000  5.500000e+001
      vertex  1.319007e+000  2.738945e+000  5.500000e+001
      vertex  3.284305e+000  2.194502e+000  5.500000e+001
    endloop
  endfacet
  facet normal  0.000000e+000  0.000000e+000  1.000000e+000
    outer loop
      vertex  3.284305e+000  2.194502e+000  5.500000e+001
      vertex  1.319007e+000  2.738945e+000  5.500000e+001
      vertex  1.895409e+000  2.376768e+000  5.500000e+001
    endloop
  endfacet
  facet normal  0.000000e+000  0.000000e+000  1.000000e+000
    outer loop
      vertex  3.284305e+000  2.194502e+000  5.500000e+001
      vertex  1.895409e+000  2.376768e+000  5.500000e+001
      vertex  3.649324e+000  1.511600e+000  5.500000e+001
    endloop
  endfacet
  facet normal  0.000000e+000  0.000000e+000  1.000000e+000
    outer loop
      vertex  3.649324e+000  1.511600e+000  5.500000e+001
      vertex  1.895409e+000  2.376768e+000  5.500000e+001
      vertex  2.376768e+000  1.895409e+000  5.500000e+001
    endloop
  endfacet
  facet normal  0.000000e+000  0.000000e+000  1.000000e+000
    outer loop
      vertex  3.649324e+000  1.511600e+000  5.500000e+001
      vertex  2.376768e+000  1.895409e+000  5.500000e+001
      vertex  2.738945e+000  1.319007e+000  5.500000e+001
    endloop
  endfacet
  facet normal  -0.000000e+000  0.000000e+000  1.000000e+000
    outer loop
      vertex  3.649324e+000  1.511600e+000  5.500000e+001
      vertex  2.738945e+000  1.319007e+000  5.500000e+001
      vertex  3.874102e+000  7.706068e-001  5.500000e+001
    endloop
  endfacet
  facet normal  0.000000e+000  0.000000e+000  1.000000e+000
    outer loop
      vertex  3.874102e+000  7.706068e-001  5.500000e+001
      vertex  2.738945e+000  1.319007e+000  5.500000e+001
      vertex  2.963781e+000  6.764637e-001  5.500000e+001
    endloop
  endfacet
  facet normal  -0.000000e+000  0.000000e+000  9.999999e-001
    outer loop
      vertex  3.874102e+000  7.706068e-001  5.500000e+001
      vertex  2.963781e+000  6.764637e-001  5.500000e+001
      vertex  3.950000e+000  4.837195e-016  5.500000e+001
    endloop
  endfacet
  facet normal  0.000000e+000  0.000000e+000  1.000000e+000
    outer loop
      vertex  3.950000e+000  4.837195e-016  5.500000e+001
      vertex  2.963781e+000  6.764637e-001  5.500000e+001
      vertex  3.040000e+000  1.722311e-015  5.500000e+001
    endloop
  endfacet
  facet normal  0.000000e+000  0.000000e+000  9.999999e-001
    outer loop
      vertex  3.950000e+000  4.837195e-016  5.500000e+001
      vertex  3.040000e+000  1.722311e-015  5.500000e+001
      vertex  3.874102e+000 -7.706068e-001  5.500000e+001
    endloop
  endfacet
  facet normal  0.000000e+000  0.000000e+000  1.000000e+000
    outer loop
      vertex  3.874102e+000 -7.706068e-001  5.500000e+001
      vertex  3.040000e+000  1.722311e-015  5.500000e+001
      vertex  2.963781e+000 -6.764637e-001  5.500000e+001
    endloop
  endfacet
  facet normal  0.000000e+000  0.000000e+000  1.000000e+000
    outer loop
      vertex  3.874102e+000 -7.706068e-001  5.500000e+001
      vertex  2.963781e+000 -6.764637e-001  5.500000e+001
      vertex  3.649324e+000 -1.511600e+000  5.500000e+001
    endloop
  endfacet
  facet normal  0.000000e+000  0.000000e+000  1.000000e+000
    outer loop
      vertex  3.649324e+000 -1.511600e+000  5.500000e+001
      vertex  2.963781e+000 -6.764637e-001  5.500000e+001
      vertex  2.738945e+000 -1.319007e+000  5.500000e+001
    endloop
  endfacet
  facet normal  0.000000e+000  0.000000e+000  1.000000e+000
    outer loop
      vertex  3.649324e+000 -1.511600e+000  5.500000e+001
      vertex  2.738945e+000 -1.319007e+000  5.500000e+001
      vertex  3.284305e+000 -2.194502e+000  5.500000e+001
    endloop
  endfacet
  facet normal  0.000000e+000  0.000000e+000  1.000000e+000
    outer loop
      vertex  3.284305e+000 -2.194502e+000  5.500000e+001
      vertex  2.738945e+000 -1.319007e+000  5.500000e+001
      vertex  2.376768e+000 -1.895409e+000  5.500000e+001
    endloop
  endfacet
  facet normal  0.000000e+000  0.000000e+000  1.000000e+000
    outer loop
      vertex  3.284305e+000 -2.194502e+000  5.500000e+001
      vertex  2.376768e+000 -1.895409e+000  5.500000e+001
      vertex  1.895409e+000 -2.376768e+000  5.500000e+001
    endloop
  endfacet
  facet normal  -0.000000e+000  0.000000e+000  1.000000e+000
    outer loop
      vertex  3.284305e+000 -2.194502e+000  5.500000e+001
      vertex  1.895409e+000 -2.376768e+000  5.500000e+001
      vertex  2.793072e+000 -2.793072e+000  5.500000e+001
    endloop
  endfacet
  facet normal  0.000000e+000  0.000000e+000  9.999999e-001
    outer loop
      vertex  2.793072e+000 -2.793072e+000  5.500000e+001
      vertex  1.895409e+000 -2.376768e+000  5.500000e+001
      vertex  1.319007e+000 -2.738945e+000  5.500000e+001
    endloop
  endfacet
  facet normal  0.000000e+000  0.000000e+000  1.000000e+000
    outer loop
      vertex  2.793072e+000 -2.793072e+000  5.500000e+001
      vertex  1.319007e+000 -2.738945e+000  5.500000e+001
      vertex  2.194502e+000 -3.284305e+000  5.500000e+001
    endloop
  endfacet
  facet normal  0.000000e+000  0.000000e+000  1.000000e+000
    outer loop
      vertex  2.194502e+000 -3.284305e+000  5.500000e+001
      vertex  1.319007e+000 -2.738945e+000  5.500000e+001
      vertex  6.764637e-001 -2.963781e+000  5.500000e+001
    endloop
  endfacet
  facet normal  0.000000e+000  0.000000e+000  1.000000e+000
    outer loop
      vertex  2.194502e+000 -3.284305e+000  5.500000e+001
      vertex  6.764637e-001 -2.963781e+000  5.500000e+001
      vertex  5.584205e-016 -3.040000e+000  5.500000e+001
    endloop
  endfacet
  facet normal -9.937122e-001 -1.119644e-001  0.000000e+000
    outer loop
      vertex  2.963781e+000  6.764637e-001  5.500000e+001
      vertex  2.963781e+000  6.764637e-001  3.600000e+001
      vertex  3.040000e+000  1.722311e-015  5.500000e+001
    endloop
  endfacet
  facet normal -4.665016e-001 -8.845205e-001 -8.664485e-005
    outer loop
      vertex  1.372493e+000  2.712538e+000  3.660514e+001
      vertex  1.462196e+000  2.665255e+000  3.633345e+001
      vertex  1.319007e+000  2.738945e+000  5.500000e+001
    endloop
  endfacet
  facet normal -3.057701e-001 -9.521052e-001 -5.042505e-004
    outer loop
      vertex  8.142965e-001  2.928911e+000  3.725965e+001
      vertex  1.041160e+000  2.856149e+000  3.707992e+001
      vertex  6.764637e-001  2.963781e+000  5.500000e+001
    endloop
  endfacet
  facet normal -2.252787e-001 -9.742944e-001  1.647383e-004
    outer loop
      vertex  6.764637e-001  2.963781e+000  5.500000e+001
      vertex  5.545693e-001  2.988989e+000  3.739375e+001
      vertex  8.142965e-001  2.928911e+000  3.725965e+001
    endloop
  endfacet
  facet normal  3.977806e-001 -9.174806e-001 -5.580962e-005
    outer loop
      vertex -1.293086e+000  2.751293e+000  3.676022e+001
      vertex -1.124578e+000  2.824337e+000  3.699263e+001
      vertex -1.319007e+000  2.738945e+000  5.500000e+001
    endloop
  endfacet
  facet normal  1.381205e-001 -9.904155e-001  9.009527e-005
    outer loop
      vertex -2.829273e-001  3.026806e+000  3.452692e+001
      vertex -5.557644e-001  2.988765e+000  3.460676e+001
      vertex -6.764637e-001  2.963781e+000 -5.500000e+001
    endloop
  endfacet
  facet normal -5.320320e-001 -8.467242e-001  0.000000e+000
    outer loop
      vertex  1.319007e+000  2.738945e+000 -5.500000e+001
      vertex  1.895409e+000  2.376768e+000 -5.500000e+001
      vertex  1.895409e+000  2.376768e+000  3.600000e+001
    endloop
  endfacet
  facet normal -5.599893e-001 -8.284997e-001  2.496168e-004
    outer loop
      vertex  1.319007e+000  2.738945e+000 -5.500000e+001
      vertex  1.895409e+000  2.376768e+000  3.600000e+001
      vertex  1.498906e+000  2.644783e+000  3.605524e+001
    endloop
  endfacet
  facet normal -4.915749e-001 -8.708353e-001  7.066920e-005
    outer loop
      vertex  1.319007e+000  2.738945e+000 -5.500000e+001
      vertex  1.498906e+000  2.644783e+000  3.605524e+001
      vertex  1.483874e+000  2.653247e+000  3.578107e+001
    endloop
  endfacet
  facet normal -4.772960e-001 -8.787426e-001  3.727261e-005
    outer loop
      vertex  1.319007e+000  2.738945e+000 -5.500000e+001
      vertex  1.483874e+000  2.653247e+000  3.578107e+001
      vertex  1.417152e+000  2.689476e+000  3.550816e+001
    endloop
  endfacet
  facet normal -4.467138e-001 -8.946769e-001 -4.599540e-006
    outer loop
      vertex  1.319007e+000  2.738945e+000 -5.500000e+001
      vertex  1.417152e+000  2.689476e+000  3.550816e+001
      vertex  1.298269e+000  2.748836e+000  3.524874e+001
    endloop
  endfacet
  facet normal -3.302792e-001 -9.438833e-001  2.754828e-005
    outer loop
      vertex  6.764637e-001  2.963781e+000 -5.500000e+001
      vertex  1.319007e+000  2.738945e+000 -5.500000e+001
      vertex  1.298269e+000  2.748836e+000  3.524874e+001
    endloop
  endfacet
  facet normal -4.000105e-001 -9.165103e-001  5.731838e-004
    outer loop
      vertex  6.764637e-001  2.963781e+000 -5.500000e+001
      vertex  1.298269e+000  2.748836e+000  3.524874e+001
      vertex  1.128580e+000  2.822748e+000  3.501198e+001
    endloop
  endfacet
  facet normal -3.369032e-001 -9.415393e-001  2.169893e-004
    outer loop
      vertex  6.764637e-001  2.963781e+000 -5.500000e+001
      vertex  1.128580e+000  2.822748e+000  3.501198e+001
      vertex  9.172964e-001  2.898304e+000  3.481306e+001
    endloop
  endfacet
  facet normal -2.599517e-001 -9.656216e-001 -6.912031e-006
    outer loop
      vertex  6.764637e-001  2.963781e+000 -5.500000e+001
      vertex  9.172964e-001  2.898304e+000  3.481306e+001
      vertex  6.617349e-001  2.967104e+000  3.465395e+001
    endloop
  endfacet
  facet normal -1.741535e-001 -9.847185e-001  7.891146e-006
    outer loop
      vertex  6.764637e-001  2.963781e+000 -5.500000e+001
      vertex  6.617349e-001  2.967104e+000  3.465395e+001
      vertex  3.960616e-001  3.014089e+000  3.455318e+001
    endloop
  endfacet
  facet normal -1.119644e-001 -9.937122e-001  2.076654e-004
    outer loop
      vertex  6.764637e-001  2.963781e+000 -5.500000e+001
      vertex  3.960616e-001  3.014089e+000  3.455318e+001
      vertex -8.611557e-016  3.040000e+000 -5.500000e+001
    endloop
  endfacet
  facet normal  8.467242e-001 -5.320320e-001  0.000000e+000
    outer loop
      vertex -2.738945e+000  1.319007e+000  3.600000e+001
      vertex -2.376768e+000  1.895409e+000 -5.500000e+001
      vertex -2.376768e+000  1.895409e+000  3.600000e+001
    endloop
  endfacet
  facet normal  7.071068e-001 -7.071068e-001  0.000000e+000
    outer loop
      vertex -2.376768e+000  1.895409e+000  3.600000e+001
      vertex -2.376768e+000  1.895409e+000 -5.500000e+001
      vertex -1.895409e+000  2.376768e+000 -5.500000e+001
    endloop
  endfacet
  facet normal  7.071068e-001 -7.071068e-001  0.000000e+000
    outer loop
      vertex -2.376768e+000  1.895409e+000  3.600000e+001
      vertex -1.895409e+000  2.376768e+000 -5.500000e+001
      vertex -1.895409e+000  2.376768e+000  3.600000e+001
    endloop
  endfacet
  facet normal  8.467242e-001 -5.320320e-001  0.000000e+000
    outer loop
      vertex -2.376768e+000  1.895409e+000 -5.500000e+001
      vertex -2.738945e+000  1.319007e+000  3.600000e+001
      vertex -2.738945e+000  1.319007e+000 -5.500000e+001
    endloop
  endfacet
  facet normal  9.438833e-001 -3.302793e-001  0.000000e+000
    outer loop
      vertex -2.738945e+000  1.319007e+000 -5.500000e+001
      vertex -2.738945e+000  1.319007e+000  3.600000e+001
      vertex -2.963781e+000  6.764637e-001  3.600000e+001
    endloop
  endfacet
  facet normal  9.438833e-001 -3.302793e-001  0.000000e+000
    outer loop
      vertex -2.738945e+000  1.319007e+000 -5.500000e+001
      vertex -2.963781e+000  6.764637e-001  3.600000e+001
      vertex -2.963781e+000  6.764637e-001 -5.500000e+001
    endloop
  endfacet
  facet normal  9.937122e-001 -1.119644e-001  0.000000e+000
    outer loop
      vertex -2.963781e+000  6.764637e-001 -5.500000e+001
      vertex -2.963781e+000  6.764637e-001  3.600000e+001
      vertex -3.040000e+000 -3.444623e-015  5.500000e+001
    endloop
  endfacet
  facet normal  9.937122e-001 -1.119644e-001 -3.506137e-018
    outer loop
      vertex -2.963781e+000  6.764637e-001 -5.500000e+001
      vertex -3.040000e+000 -3.444623e-015  5.500000e+001
      vertex -3.040000e+000  0.000000e+000 -5.500000e+001
    endloop
  endfacet
  facet normal -8.467242e-001 -5.320320e-001  -0.000000e+000
    outer loop
      vertex  2.738945e+000  1.319007e+000 -5.500000e+001
      vertex  2.376768e+000  1.895409e+000  3.600000e+001
      vertex  2.376768e+000  1.895409e+000 -5.500000e+001
    endloop
  endfacet
  facet normal -7.071068e-001 -7.071068e-001  0.000000e+000
    outer loop
      vertex  2.376768e+000  1.895409e+000 -5.500000e+001
      vertex  2.376768e+000  1.895409e+000  3.600000e+001
      vertex  1.895409e+000  2.376768e+000  3.600000e+001
    endloop
  endfacet
  facet normal -7.071068e-001 -7.071068e-001  -0.000000e+000
    outer loop
      vertex  2.376768e+000  1.895409e+000 -5.500000e+001
      vertex  1.895409e+000  2.376768e+000  3.600000e+001
      vertex  1.895409e+000  2.376768e+000 -5.500000e+001
    endloop
  endfacet
  facet normal -8.467242e-001 -5.320320e-001  0.000000e+000
    outer loop
      vertex  2.376768e+000  1.895409e+000  3.600000e+001
      vertex  2.738945e+000  1.319007e+000 -5.500000e+001
      vertex  2.738945e+000  1.319007e+000  3.600000e+001
    endloop
  endfacet
  facet normal -9.438833e-001 -3.302793e-001  -0.000000e+000
    outer loop
      vertex  2.738945e+000  1.319007e+000  3.600000e+001
      vertex  2.738945e+000  1.319007e+000 -5.500000e+001
      vertex  2.963781e+000  6.764637e-001 -5.500000e+001
    endloop
  endfacet
  facet normal -9.438833e-001 -3.302793e-001  0.000000e+000
    outer loop
      vertex  2.738945e+000  1.319007e+000  3.600000e+001
      vertex  2.963781e+000  6.764637e-001 -5.500000e+001
      vertex  2.963781e+000  6.764637e-001  3.600000e+001
    endloop
  endfacet
  facet normal -9.937122e-001 -1.119644e-001  -0.000000e+000
    outer loop
      vertex  2.963781e+000  6.764637e-001  3.600000e+001
      vertex  2.963781e+000  6.764637e-001 -5.500000e+001
      vertex  3.040000e+000  1.722311e-015 -5.500000e+001
    endloop
  endfacet
  facet normal -9.937122e-001 -1.119644e-001  0.000000e+000
    outer loop
      vertex  2.963781e+000  6.764637e-001  3.600000e+001
      vertex  3.040000e+000  1.722311e-015 -5.500000e+001
      vertex  3.040000e+000  1.722311e-015  5.500000e+001
    endloop
  endfacet
  facet normal  9.937122e-001 -1.119644e-001  0.000000e+000
    outer loop
      vertex -3.040000e+000 -3.444623e-015  5.500000e+001
      vertex -2.963781e+000  6.764637e-001  3.600000e+001
      vertex -2.963781e+000  6.764637e-001  5.500000e+001
    endloop
  endfacet
  facet normal  9.438832e-001 -3.302793e-001  0.000000e+000
    outer loop
      vertex -2.963781e+000  6.764637e-001  5.500000e+001
      vertex -2.963781e+000  6.764637e-001  3.600000e+001
      vertex -2.738945e+000  1.319007e+000  3.600000e+001
    endloop
  endfacet
  facet normal  9.438832e-001 -3.302793e-001  0.000000e+000
    outer loop
      vertex -2.963781e+000  6.764637e-001  5.500000e+001
      vertex -2.738945e+000  1.319007e+000  3.600000e+001
      vertex -2.738945e+000  1.319007e+000  5.500000e+001
    endloop
  endfacet
  facet normal  8.467243e-001 -5.320320e-001  0.000000e+000
    outer loop
      vertex -2.738945e+000  1.319007e+000  5.500000e+001
      vertex -2.738945e+000  1.319007e+000  3.600000e+001
      vertex -2.376768e+000  1.895409e+000  3.600000e+001
    endloop
  endfacet
  facet normal  8.467243e-001 -5.320320e-001  0.000000e+000
    outer loop
      vertex -2.738945e+000  1.319007e+000  5.500000e+001
      vertex -2.376768e+000  1.895409e+000  3.600000e+001
      vertex -2.376768e+000  1.895409e+000  5.500000e+001
    endloop
  endfacet
  facet normal  7.071068e-001 -7.071068e-001  0.000000e+000
    outer loop
      vertex -2.376768e+000  1.895409e+000  5.500000e+001
      vertex -2.376768e+000  1.895409e+000  3.600000e+001
      vertex -1.895409e+000  2.376768e+000  3.600000e+001
    endloop
  endfacet
  facet normal  7.071068e-001 -7.071068e-001  0.000000e+000
    outer loop
      vertex -2.376768e+000  1.895409e+000  5.500000e+001
      vertex -1.895409e+000  2.376768e+000  3.600000e+001
      vertex -1.895409e+000  2.376768e+000  5.500000e+001
    endloop
  endfacet
  facet normal  5.600097e-001 -8.284861e-001  0.000000e+000
    outer loop
      vertex -1.895409e+000  2.376768e+000  5.500000e+001
      vertex -1.895409e+000  2.376768e+000  3.600000e+001
      vertex -1.498878e+000  2.644800e+000  3.594198e+001
    endloop
  endfacet
  facet normal  5.112549e-001 -8.594279e-001 -1.449585e-003
    outer loop
      vertex -1.895409e+000  2.376768e+000  5.500000e+001
      vertex -1.498878e+000  2.644800e+000  3.594198e+001
      vertex -1.483530e+000  2.653459e+000  3.622168e+001
    endloop
  endfacet
  facet normal -4.888018e-001 -8.723949e-001 -3.055758e-004
    outer loop
      vertex  1.462196e+000  2.665255e+000  3.633345e+001
      vertex  1.498906e+000  2.644783e+000  3.605524e+001
      vertex  1.319007e+000  2.738945e+000  5.500000e+001
    endloop
  endfacet
  facet normal -5.601277e-001 -8.284054e-001 -1.201530e-003
    outer loop
      vertex  1.319007e+000  2.738945e+000  5.500000e+001
      vertex  1.498906e+000  2.644783e+000  3.605524e+001
      vertex  1.895409e+000  2.376768e+000  3.600000e+001
    endloop
  endfacet
  facet normal -5.320320e-001 -8.467243e-001  0.000000e+000
    outer loop
      vertex  1.319007e+000  2.738945e+000  5.500000e+001
      vertex  1.895409e+000  2.376768e+000  3.600000e+001
      vertex  1.895409e+000  2.376768e+000  5.500000e+001
    endloop
  endfacet
  facet normal -7.071068e-001 -7.071068e-001  -0.000000e+000
    outer loop
      vertex  1.895409e+000  2.376768e+000  5.500000e+001
      vertex  1.895409e+000  2.376768e+000  3.600000e+001
      vertex  2.376768e+000  1.895409e+000  3.600000e+001
    endloop
  endfacet
  facet normal -7.071068e-001 -7.071068e-001  0.000000e+000
    outer loop
      vertex  1.895409e+000  2.376768e+000  5.500000e+001
      vertex  2.376768e+000  1.895409e+000  3.600000e+001
      vertex  2.376768e+000  1.895409e+000  5.500000e+001
    endloop
  endfacet
  facet normal -8.467243e-001 -5.320320e-001  -0.000000e+000
    outer loop
      vertex  2.376768e+000  1.895409e+000  5.500000e+001
      vertex  2.376768e+000  1.895409e+000  3.600000e+001
      vertex  2.738945e+000  1.319007e+000  3.600000e+001
    endloop
  endfacet
  facet normal -8.467243e-001 -5.320320e-001  0.000000e+000
    outer loop
      vertex  2.376768e+000  1.895409e+000  5.500000e+001
      vertex  2.738945e+000  1.319007e+000  3.600000e+001
      vertex  2.738945e+000  1.319007e+000  5.500000e+001
    endloop
  endfacet
  facet normal -9.438832e-001 -3.302793e-001  -0.000000e+000
    outer loop
      vertex  2.738945e+000  1.319007e+000  5.500000e+001
      vertex  2.738945e+000  1.319007e+000  3.600000e+001
      vertex  2.963781e+000  6.764637e-001  3.600000e+001
    endloop
  endfacet
  facet normal -9.438832e-001 -3.302793e-001  0.000000e+000
    outer loop
      vertex  2.738945e+000  1.319007e+000  5.500000e+001
      vertex  2.963781e+000  6.764637e-001  3.600000e+001
      vertex  2.963781e+000  6.764637e-001  5.500000e+001
    endloop
  endfacet
  facet normal -4.288490e-001 -9.033762e-001  4.990502e-005
    outer loop
      vertex  1.372493e+000  2.712538e+000  3.660514e+001
      vertex  1.319007e+000  2.738945e+000  5.500000e+001
      vertex  1.234529e+000  2.778046e+000  3.685196e+001
    endloop
  endfacet
  facet normal -3.302792e-001 -9.438831e-001 -4.962013e-004
    outer loop
      vertex  1.234529e+000  2.778046e+000  3.685196e+001
      vertex  1.319007e+000  2.738945e+000  5.500000e+001
      vertex  6.764637e-001  2.963781e+000  5.500000e+001
    endloop
  endfacet
  facet normal -3.766396e-001 -9.263575e-001 -2.101182e-003
    outer loop
      vertex  1.234529e+000  2.778046e+000  3.685196e+001
      vertex  6.764637e-001  2.963781e+000  5.500000e+001
      vertex  1.041160e+000  2.856149e+000  3.707992e+001
    endloop
  endfacet
  facet normal -4.658777e-002 -9.989141e-001  0.000000e+000
    outer loop
      vertex  4.592420e-015  3.040000e+000  3.750000e+001
      vertex  2.829477e-001  3.026804e+000  3.747308e+001
      vertex -8.611557e-016  3.040000e+000  5.500000e+001
    endloop
  endfacet
  facet normal -1.383158e-001 -9.903871e-001 -1.487240e-003
    outer loop
      vertex -8.611557e-016  3.040000e+000  5.500000e+001
      vertex  2.829477e-001  3.026804e+000  3.747308e+001
      vertex  5.545693e-001  2.988989e+000  3.739375e+001
    endloop
  endfacet
  facet normal -1.119644e-001 -9.937120e-001 -6.475786e-004
    outer loop
      vertex -8.611557e-016  3.040000e+000  5.500000e+001
      vertex  5.545693e-001  2.988989e+000  3.739375e+001
      vertex  6.764637e-001  2.963781e+000  5.500000e+001
    endloop
  endfacet
  facet normal  1.724067e-001 -9.850259e-001 -4.799224e-005
    outer loop
      vertex -6.583158e-001  2.967817e+000  3.734782e+001
      vertex -3.921553e-001  3.014398e+000  3.744783e+001
      vertex -6.764637e-001  2.963781e+000  5.500000e+001
    endloop
  endfacet
  facet normal  6.538772e-002 -9.978582e-001 -1.818482e-003
    outer loop
      vertex -6.764637e-001  2.963781e+000  5.500000e+001
      vertex -3.921553e-001  3.014398e+000  3.744783e+001
      vertex  4.592420e-015  3.040000e+000  3.750000e+001
    endloop
  endfacet
  facet normal  1.119644e-001 -9.937122e-001  3.489178e-017
    outer loop
      vertex -6.764637e-001  2.963781e+000  5.500000e+001
      vertex  4.592420e-015  3.040000e+000  3.750000e+001
      vertex -8.611557e-016  3.040000e+000  5.500000e+001
    endloop
  endfacet
  facet normal  2.566389e-001 -9.665074e-001  4.283987e-005
    outer loop
      vertex -6.583158e-001  2.967817e+000  3.734782e+001
      vertex -6.764637e-001  2.963781e+000  5.500000e+001
      vertex -9.007921e-001  2.903425e+000  3.719941e+001
    endloop
  endfacet
  facet normal  3.302791e-001 -9.438829e-001 -9.619080e-004
    outer loop
      vertex -9.007921e-001  2.903425e+000  3.719941e+001
      vertex -6.764637e-001  2.963781e+000  5.500000e+001
      vertex -1.319007e+000  2.738945e+000  5.500000e+001
    endloop
  endfacet
  facet normal  3.339255e-001 -9.425991e-001 -8.643754e-004
    outer loop
      vertex -9.007921e-001  2.903425e+000  3.719941e+001
      vertex -1.319007e+000  2.738945e+000  5.500000e+001
      vertex -1.124578e+000  2.824337e+000  3.699263e+001
    endloop
  endfacet
  facet normal  4.458403e-001 -8.951126e-001  2.763124e-005
    outer loop
      vertex -1.293086e+000  2.751293e+000  3.676022e+001
      vertex -1.319007e+000  2.738945e+000  5.500000e+001
      vertex -1.416037e+000  2.690045e+000  3.649481e+001
    endloop
  endfacet
  facet normal  5.320320e-001 -8.467242e-001 -5.521745e-004
    outer loop
      vertex -1.416037e+000  2.690045e+000  3.649481e+001
      vertex -1.319007e+000  2.738945e+000  5.500000e+001
      vertex -1.895409e+000  2.376768e+000  5.500000e+001
    endloop
  endfacet
  facet normal  4.836960e-001 -8.752331e-001 -2.286937e-003
    outer loop
      vertex -1.416037e+000  2.690045e+000  3.649481e+001
      vertex -1.895409e+000  2.376768e+000  5.500000e+001
      vertex -1.483530e+000  2.653459e+000  3.622168e+001
    endloop
  endfacet
  facet normal -6.528112e-002 -9.978669e-001  3.843843e-018
    outer loop
      vertex  3.960616e-001  3.014089e+000  3.455318e+001
      vertex  4.408729e-015  3.040000e+000  3.450000e+001
      vertex -8.611557e-016  3.040000e+000 -5.500000e+001
    endloop
  endfacet
  facet normal  4.658188e-002 -9.989145e-001 -2.742805e-018
    outer loop
      vertex -8.611557e-016  3.040000e+000 -5.500000e+001
      vertex  4.408729e-015  3.040000e+000  3.450000e+001
      vertex -2.829273e-001  3.026806e+000  3.452692e+001
    endloop
  endfacet
  facet normal  1.119644e-001 -9.937122e-001  2.073916e-004
    outer loop
      vertex -8.611557e-016  3.040000e+000 -5.500000e+001
      vertex -2.829273e-001  3.026806e+000  3.452692e+001
      vertex -6.764637e-001  2.963781e+000 -5.500000e+001
    endloop
  endfacet
  facet normal  2.259940e-001 -9.741287e-001 -3.281023e-005
    outer loop
      vertex -5.557644e-001  2.988765e+000  3.460676e+001
      vertex -8.153523e-001  2.928537e+000  3.474095e+001
      vertex -6.764637e-001  2.963781e+000 -5.500000e+001
    endloop
  endfacet
  facet normal  3.056960e-001 -9.521292e-001  9.918132e-005
    outer loop
      vertex -6.764637e-001  2.963781e+000 -5.500000e+001
      vertex -8.153523e-001  2.928537e+000  3.474095e+001
      vertex -1.043247e+000  2.855386e+000  3.492221e+001
    endloop
  endfacet
  facet normal  3.302793e-001 -9.438832e-001  2.093940e-004
    outer loop
      vertex -6.764637e-001  2.963781e+000 -5.500000e+001
      vertex -1.043247e+000  2.855386e+000  3.492221e+001
      vertex -1.319007e+000  2.738945e+000 -5.500000e+001
    endloop
  endfacet
  facet normal  3.867172e-001 -9.221984e-001  8.239213e-006
    outer loop
      vertex -1.043247e+000  2.855386e+000  3.492221e+001
      vertex -1.305196e+000  2.745543e+000  3.526077e+001
      vertex -1.319007e+000  2.738945e+000 -5.500000e+001
    endloop
  endfacet
  facet normal  4.552651e-001 -8.903559e-001 -4.576664e-006
    outer loop
      vertex -1.319007e+000  2.738945e+000 -5.500000e+001
      vertex -1.305196e+000  2.745543e+000  3.526077e+001
      vertex -1.462345e+000  2.665186e+000  3.566602e+001
    endloop
  endfacet
  facet normal  5.320320e-001 -8.467242e-001  1.522838e-004
    outer loop
      vertex -1.319007e+000  2.738945e+000 -5.500000e+001
      vertex -1.462345e+000  2.665186e+000  3.566602e+001
      vertex -1.895409e+000  2.376768e+000 -5.500000e+001
    endloop
  endfacet
  facet normal  4.897802e-001 -8.718458e-001  4.340128e-004
    outer loop
      vertex -1.895409e+000  2.376768e+000 -5.500000e+001
      vertex -1.462345e+000  2.665186e+000  3.566602e+001
      vertex -1.498878e+000  2.644800e+000  3.594198e+001
    endloop
  endfacet
  facet normal  5.600097e-001 -8.284861e-001  0.000000e+000
    outer loop
      vertex -1.895409e+000  2.376768e+000 -5.500000e+001
      vertex -1.498878e+000  2.644800e+000  3.594198e+001
      vertex -1.895409e+000  2.376768e+000  3.600000e+001
    endloop
  endfacet
  facet normal  9.951847e-001 -9.801718e-002  0.000000e+000
    outer loop
      vertex  3.950000e+000  4.837195e-016  5.500000e+001
      vertex  3.874102e+000 -7.706068e-001  3.600000e+001
      vertex  3.950000e+000  4.837195e-016 -5.500000e+001
    endloop
  endfacet
  facet normal  1.808622e-001 -9.835084e-001 -8.879083e-005
    outer loop
      vertex  5.910885e-001 -3.905524e+000  3.737864e+001
      vertex  8.373744e-001 -3.860221e+000  3.724448e+001
      vertex  7.706068e-001 -3.874102e+000  5.500000e+001
    endloop
  endfacet
  facet normal -4.211773e-002 -9.991126e-001  0.000000e+000
    outer loop
      vertex  4.408729e-015 -3.950000e+000  3.450000e+001
      vertex -3.315057e-001 -3.936025e+000  3.453709e+001
      vertex  7.255793e-016 -3.950000e+000 -5.500000e+001
    endloop
  endfacet
  facet normal -9.801718e-002 -9.951847e-001 -2.075774e-004
    outer loop
      vertex -7.706068e-001 -3.874102e+000 -5.500000e+001
      vertex  7.255793e-016 -3.950000e+000 -5.500000e+001
      vertex -3.315057e-001 -3.936025e+000  3.453709e+001
    endloop
  endfacet
  facet normal -1.189205e-001 -9.929038e-001 -1.034872e-004
    outer loop
      vertex -7.706068e-001 -3.874102e+000 -5.500000e+001
      vertex -3.315057e-001 -3.936025e+000  3.453709e+001
      vertex -6.076517e-001 -3.902961e+000  3.462859e+001
    endloop
  endfacet
  facet normal -1.858422e-001 -9.825796e-001  2.150838e-005
    outer loop
      vertex -7.706068e-001 -3.874102e+000 -5.500000e+001
      vertex -6.076517e-001 -3.902961e+000  3.462859e+001
      vertex -8.603219e-001 -3.855168e+000  3.477124e+001
    endloop
  endfacet
  facet normal -2.466970e-001 -9.690927e-001 -4.215286e-005
    outer loop
      vertex -7.706068e-001 -3.874102e+000 -5.500000e+001
      vertex -8.603219e-001 -3.855168e+000  3.477124e+001
      vertex -1.087168e+000 -3.797430e+000  3.496653e+001
    endloop
  endfacet
  facet normal -3.073922e-001 -9.515829e-001 -2.706407e-004
    outer loop
      vertex -7.706068e-001 -3.874102e+000 -5.500000e+001
      vertex -1.087168e+000 -3.797430e+000  3.496653e+001
      vertex -1.338443e+000 -3.716361e+000  3.532282e+001
    endloop
  endfacet
  facet normal -3.570190e-001 -9.340970e-001 -6.131693e-004
    outer loop
      vertex -7.706068e-001 -3.874102e+000 -5.500000e+001
      vertex -1.338443e+000 -3.716361e+000  3.532282e+001
      vertex -1.477234e+000 -3.663588e+000  3.573966e+001
    endloop
  endfacet
  facet normal -3.961792e-001 -9.181727e-001 -9.550700e-004
    outer loop
      vertex -7.706068e-001 -3.874102e+000 -5.500000e+001
      vertex -1.477234e+000 -3.663588e+000  3.573966e+001
      vertex -1.499761e+000 -3.654166e+000  3.602679e+001
    endloop
  endfacet
  facet normal -3.770575e-001 -9.261895e-001 -7.825288e-004
    outer loop
      vertex -7.706068e-001 -3.874102e+000 -5.500000e+001
      vertex -1.499761e+000 -3.654166e+000  3.602679e+001
      vertex -1.511600e+000 -3.649324e+000  3.600000e+001
    endloop
  endfacet
  facet normal -2.902847e-001 -9.569404e-001  -0.000000e+000
    outer loop
      vertex -7.706068e-001 -3.874102e+000 -5.500000e+001
      vertex -1.511600e+000 -3.649324e+000  3.600000e+001
      vertex -1.511600e+000 -3.649324e+000 -5.500000e+001
    endloop
  endfacet
  facet normal -2.902847e-001 -9.569404e-001  -0.000000e+000
    outer loop
      vertex -7.706068e-001 -3.874102e+000  5.500000e+001
      vertex -1.511600e+000 -3.649324e+000  5.500000e+001
      vertex -1.511600e+000 -3.649324e+000  3.600000e+001
    endloop
  endfacet
  facet normal -3.866386e-001 -9.222219e-001  4.168500e-003
    outer loop
      vertex -7.706068e-001 -3.874102e+000  5.500000e+001
      vertex -1.511600e+000 -3.649324e+000  3.600000e+001
      vertex -1.499761e+000 -3.654166e+000  3.602679e+001
    endloop
  endfacet
  facet normal -4.190848e-001 -9.079300e-001  5.581102e-003
    outer loop
      vertex -7.706068e-001 -3.874102e+000  5.500000e+001
      vertex -1.499761e+000 -3.654166e+000  3.602679e+001
      vertex -1.468079e+000 -3.667063e+000  3.630780e+001
    endloop
  endfacet
  facet normal -3.705326e-001 -9.288127e-001  3.538145e-003
    outer loop
      vertex -7.706068e-001 -3.874102e+000  5.500000e+001
      vertex -1.468079e+000 -3.667063e+000  3.630780e+001
      vertex -1.382223e+000 -3.700266e+000  3.658263e+001
    endloop
  endfacet
  facet normal -3.358393e-001 -9.419165e-001  2.262342e-003
    outer loop
      vertex -7.706068e-001 -3.874102e+000  5.500000e+001
      vertex -1.382223e+000 -3.700266e+000  3.658263e+001
      vertex -1.240754e+000 -3.750082e+000  3.684293e+001
    endloop
  endfacet
  facet normal -2.913041e-001 -9.566301e-001  1.008677e-003
    outer loop
      vertex -7.706068e-001 -3.874102e+000  5.500000e+001
      vertex -1.240754e+000 -3.750082e+000  3.684293e+001
      vertex -1.051923e+000 -3.807344e+000  3.706932e+001
    endloop
  endfacet
  facet normal -2.374493e-001 -9.714000e-001  1.087526e-004
    outer loop
      vertex -7.706068e-001 -3.874102e+000  5.500000e+001
      vertex -1.051923e+000 -3.807344e+000  3.706932e+001
      vertex -8.222306e-001 -3.863470e+000  3.725457e+001
    endloop
  endfacet
  facet normal -1.583503e-001 -9.873830e-001 -1.309337e-004
    outer loop
      vertex -7.706068e-001 -3.874102e+000  5.500000e+001
      vertex -8.222306e-001 -3.863470e+000  3.725457e+001
      vertex -4.298763e-001 -3.926417e+000  3.743708e+001
    endloop
  endfacet
  facet normal -5.505548e-002 -9.984815e-001  1.906103e-003
    outer loop
      vertex -7.706068e-001 -3.874102e+000  5.500000e+001
      vertex -4.298763e-001 -3.926417e+000  3.743708e+001
      vertex  4.592420e-015 -3.950000e+000  3.750000e+001
    endloop
  endfacet
  facet normal -9.801717e-002 -9.951847e-001 -2.165810e-017
    outer loop
      vertex -7.706068e-001 -3.874102e+000  5.500000e+001
      vertex  4.592420e-015 -3.950000e+000  3.750000e+001
      vertex  7.255793e-016 -3.950000e+000  5.500000e+001
    endloop
  endfacet
  facet normal  2.902847e-001 -9.569403e-001  3.434511e-004
    outer loop
      vertex  1.511600e+000 -3.649324e+000  5.500000e+001
      vertex  7.706068e-001 -3.874102e+000  5.500000e+001
      vertex  8.373744e-001 -3.860221e+000  3.724448e+001
    endloop
  endfacet
  facet normal  2.446803e-001 -9.696013e-001  2.225556e-003
    outer loop
      vertex  1.511600e+000 -3.649324e+000  5.500000e+001
      vertex  8.373744e-001 -3.860221e+000  3.724448e+001
      vertex  1.080749e+000 -3.799274e+000  3.704016e+001
    endloop
  endfacet
  facet normal  2.970888e-001 -9.548495e-001  8.451299e-004
    outer loop
      vertex  1.511600e+000 -3.649324e+000  5.500000e+001
      vertex  1.080749e+000 -3.799274e+000  3.704016e+001
      vertex  1.257947e+000 -3.744339e+000  3.681702e+001
    endloop
  endfacet
  facet normal  3.356965e-001 -9.419702e-001  2.392514e-004
    outer loop
      vertex  1.511600e+000 -3.649324e+000  5.500000e+001
      vertex  1.257947e+000 -3.744339e+000  3.681702e+001
      vertex  1.390413e+000 -3.697195e+000  3.656284e+001
    endloop
  endfacet
  facet normal  3.629119e-001 -9.318234e-001  3.401964e-005
    outer loop
      vertex  1.511600e+000 -3.649324e+000  5.500000e+001
      vertex  1.390413e+000 -3.697195e+000  3.656284e+001
      vertex  1.475592e+000 -3.664032e+000  3.626960e+001
    endloop
  endfacet
  facet normal  3.766858e-001 -9.263411e-001  3.236163e-006
    outer loop
      vertex  1.511600e+000 -3.649324e+000  5.500000e+001
      vertex  1.475592e+000 -3.664032e+000  3.626960e+001
      vertex  1.499992e+000 -3.654110e+000  3.599848e+001
    endloop
  endfacet
  facet normal  3.812183e-001 -9.244851e-001  0.000000e+000
    outer loop
      vertex  1.511600e+000 -3.649324e+000  5.500000e+001
      vertex  1.499992e+000 -3.654110e+000  3.599848e+001
      vertex  1.511600e+000 -3.649324e+000  3.600000e+001
    endloop
  endfacet
  facet normal  1.922057e-001 -9.813547e-001  5.297076e-005
    outer loop
      vertex  7.706068e-001 -3.874102e+000 -5.500000e+001
      vertex  9.488556e-001 -3.834341e+000  3.483836e+001
      vertex  5.679754e-001 -3.908952e+000  3.461172e+001
    endloop
  endfacet
  facet normal  1.086567e-001 -9.940794e-001 -1.408999e-004
    outer loop
      vertex  7.706068e-001 -3.874102e+000 -5.500000e+001
      vertex  5.679754e-001 -3.908952e+000  3.461172e+001
      vertex  2.895446e-001 -3.939373e+000  3.452820e+001
    endloop
  endfacet
  facet normal  3.672790e-002 -9.993252e-001 -5.312201e-004
    outer loop
      vertex  7.706068e-001 -3.874102e+000 -5.500000e+001
      vertex  2.895446e-001 -3.939373e+000  3.452820e+001
      vertex  4.408729e-015 -3.950000e+000  3.450000e+001
    endloop
  endfacet
  facet normal  9.801717e-002 -9.951847e-001 -4.033652e-018
    outer loop
      vertex  7.706068e-001 -3.874102e+000 -5.500000e+001
      vertex  4.408729e-015 -3.950000e+000  3.450000e+001
      vertex  7.255793e-016 -3.950000e+000 -5.500000e+001
    endloop
  endfacet
  facet normal  3.812182e-001 -9.244850e-001  0.000000e+000
    outer loop
      vertex  1.511600e+000 -3.649324e+000 -5.500000e+001
      vertex  1.511600e+000 -3.649324e+000  3.600000e+001
      vertex  1.499992e+000 -3.654110e+000  3.599848e+001
    endloop
  endfacet
  facet normal  3.758454e-001 -9.266824e-001 -8.008835e-007
    outer loop
      vertex  1.511600e+000 -3.649324e+000 -5.500000e+001
      vertex  1.499992e+000 -3.654110e+000  3.599848e+001
      vertex  1.469115e+000 -3.666634e+000  3.569726e+001
    endloop
  endfacet
  facet normal  3.618591e-001 -9.322327e-001 -8.411673e-006
    outer loop
      vertex  1.511600e+000 -3.649324e+000 -5.500000e+001
      vertex  1.469115e+000 -3.666634e+000  3.569726e+001
      vertex  1.389217e+000 -3.697645e+000  3.543432e+001
    endloop
  endfacet
  facet normal  3.336705e-001 -9.426897e-001 -5.214608e-005
    outer loop
      vertex  1.511600e+000 -3.649324e+000 -5.500000e+001
      vertex  1.389217e+000 -3.697645e+000  3.543432e+001
      vertex  1.245601e+000 -3.748463e+000  3.516438e+001
    endloop
  endfacet
  facet normal  2.782305e-001 -9.605144e-001 -2.353012e-004
    outer loop
      vertex  1.511600e+000 -3.649324e+000 -5.500000e+001
      vertex  1.245601e+000 -3.748463e+000  3.516438e+001
      vertex  9.488556e-001 -3.834341e+000  3.483836e+001
    endloop
  endfacet
  facet normal  2.902847e-001 -9.569404e-001 -1.524337e-004
    outer loop
      vertex  1.511600e+000 -3.649324e+000 -5.500000e+001
      vertex  9.488556e-001 -3.834341e+000  3.483836e+001
      vertex  7.706068e-001 -3.874102e+000 -5.500000e+001
    endloop
  endfacet
  facet normal -4.713969e-001 -8.819212e-001  -0.000000e+000
    outer loop
      vertex -1.511600e+000 -3.649324e+000 -5.500000e+001
      vertex -1.511600e+000 -3.649324e+000  3.600000e+001
      vertex -2.194502e+000 -3.284305e+000 -5.500000e+001
    endloop
  endfacet
  facet normal -4.713969e-001 -8.819212e-001  0.000000e+000
    outer loop
      vertex -2.194502e+000 -3.284305e+000 -5.500000e+001
      vertex -1.511600e+000 -3.649324e+000  3.600000e+001
      vertex -2.194502e+000 -3.284305e+000  3.600000e+001
    endloop
  endfacet
  facet normal -6.343932e-001 -7.730105e-001  -0.000000e+000
    outer loop
      vertex -2.194502e+000 -3.284305e+000 -5.500000e+001
      vertex -2.194502e+000 -3.284305e+000  3.600000e+001
      vertex -2.793072e+000 -2.793072e+000 -5.500000e+001
    endloop
  endfacet
  facet normal -6.343932e-001 -7.730105e-001  0.000000e+000
    outer loop
      vertex -2.793072e+000 -2.793072e+000 -5.500000e+001
      vertex -2.194502e+000 -3.284305e+000  3.600000e+001
      vertex -2.793072e+000 -2.793072e+000  3.600000e+001
    endloop
  endfacet
  facet normal -7.730105e-001 -6.343932e-001  -0.000000e+000
    outer loop
      vertex -2.793072e+000 -2.793072e+000 -5.500000e+001
      vertex -2.793072e+000 -2.793072e+000  3.600000e+001
      vertex -3.284305e+000 -2.194502e+000 -5.500000e+001
    endloop
  endfacet
  facet normal -7.730105e-001 -6.343932e-001  0.000000e+000
    outer loop
      vertex -3.284305e+000 -2.194502e+000 -5.500000e+001
      vertex -2.793072e+000 -2.793072e+000  3.600000e+001
      vertex -3.284305e+000 -2.194502e+000  3.600000e+001
    endloop
  endfacet
  facet normal -8.819212e-001 -4.713969e-001  -0.000000e+000
    outer loop
      vertex -3.284305e+000 -2.194502e+000 -5.500000e+001
      vertex -3.284305e+000 -2.194502e+000  3.600000e+001
      vertex -3.649324e+000 -1.511600e+000 -5.500000e+001
    endloop
  endfacet
  facet normal -8.819212e-001 -4.713969e-001  0.000000e+000
    outer loop
      vertex -3.649324e+000 -1.511600e+000 -5.500000e+001
      vertex -3.284305e+000 -2.194502e+000  3.600000e+001
      vertex -3.649324e+000 -1.511600e+000  3.600000e+001
    endloop
  endfacet
  facet normal -9.569404e-001 -2.902847e-001  -0.000000e+000
    outer loop
      vertex -3.649324e+000 -1.511600e+000 -5.500000e+001
      vertex -3.649324e+000 -1.511600e+000  3.600000e+001
      vertex -3.874102e+000 -7.706068e-001 -5.500000e+001
    endloop
  endfacet
  facet normal -9.569404e-001 -2.902847e-001  0.000000e+000
    outer loop
      vertex -3.874102e+000 -7.706068e-001 -5.500000e+001
      vertex -3.649324e+000 -1.511600e+000  3.600000e+001
      vertex -3.874102e+000 -7.706068e-001  3.600000e+001
    endloop
  endfacet
  facet normal -9.951847e-001 -9.801718e-002  -0.000000e+000
    outer loop
      vertex -3.874102e+000 -7.706068e-001 -5.500000e+001
      vertex -3.874102e+000 -7.706068e-001  3.600000e+001
      vertex -3.950000e+000  0.000000e+000 -5.500000e+001
    endloop
  endfacet
  facet normal -9.951847e-001 -9.801718e-002  0.000000e+000
    outer loop
      vertex -3.950000e+000  0.000000e+000 -5.500000e+001
      vertex -3.874102e+000 -7.706068e-001  3.600000e+001
      vertex -3.950000e+000  0.000000e+000  5.500000e+001
    endloop
  endfacet
  facet normal -4.713969e-001 -8.819212e-001  -0.000000e+000
    outer loop
      vertex -1.511600e+000 -3.649324e+000  3.600000e+001
      vertex -1.511600e+000 -3.649324e+000  5.500000e+001
      vertex -2.194502e+000 -3.284305e+000  3.600000e+001
    endloop
  endfacet
  facet normal -4.713969e-001 -8.819212e-001  0.000000e+000
    outer loop
      vertex -2.194502e+000 -3.284305e+000  3.600000e+001
      vertex -1.511600e+000 -3.649324e+000  5.500000e+001
      vertex -2.194502e+000 -3.284305e+000  5.500000e+001
    endloop
  endfacet
  facet normal -6.343933e-001 -7.730106e-001  -0.000000e+000
    outer loop
      vertex -2.194502e+000 -3.284305e+000  3.600000e+001
      vertex -2.194502e+000 -3.284305e+000  5.500000e+001
      vertex -2.793072e+000 -2.793072e+000  3.600000e+001
    endloop
  endfacet
  facet normal -6.343933e-001 -7.730106e-001  0.000000e+000
    outer loop
      vertex -2.793072e+000 -2.793072e+000  3.600000e+001
      vertex -2.194502e+000 -3.284305e+000  5.500000e+001
      vertex -2.793072e+000 -2.793072e+000  5.500000e+001
    endloop
  endfacet
  facet normal -7.730106e-001 -6.343933e-001  -0.000000e+000
    outer loop
      vertex -2.793072e+000 -2.793072e+000  3.600000e+001
      vertex -2.793072e+000 -2.793072e+000  5.500000e+001
      vertex -3.284305e+000 -2.194502e+000  3.600000e+001
    endloop
  endfacet
  facet normal -7.730106e-001 -6.343933e-001  0.000000e+000
    outer loop
      vertex -3.284305e+000 -2.194502e+000  3.600000e+001
      vertex -2.793072e+000 -2.793072e+000  5.500000e+001
      vertex -3.284305e+000 -2.194502e+000  5.500000e+001
    endloop
  endfacet
  facet normal -8.819212e-001 -4.713969e-001  -0.000000e+000
    outer loop
      vertex -3.284305e+000 -2.194502e+000  3.600000e+001
      vertex -3.284305e+000 -2.194502e+000  5.500000e+001
      vertex -3.649324e+000 -1.511600e+000  3.600000e+001
    endloop
  endfacet
  facet normal -8.819212e-001 -4.713969e-001  0.000000e+000
    outer loop
      vertex -3.649324e+000 -1.511600e+000  3.600000e+001
      vertex -3.284305e+000 -2.194502e+000  5.500000e+001
      vertex -3.649324e+000 -1.511600e+000  5.500000e+001
    endloop
  endfacet
  facet normal -9.569404e-001 -2.902847e-001  -0.000000e+000
    outer loop
      vertex -3.649324e+000 -1.511600e+000  3.600000e+001
      vertex -3.649324e+000 -1.511600e+000  5.500000e+001
      vertex -3.874102e+000 -7.706068e-001  3.600000e+001
    endloop
  endfacet
  facet normal -9.569404e-001 -2.902847e-001  0.000000e+000
    outer loop
      vertex -3.874102e+000 -7.706068e-001  3.600000e+001
      vertex -3.649324e+000 -1.511600e+000  5.500000e+001
      vertex -3.874102e+000 -7.706068e-001  5.500000e+001
    endloop
  endfacet
  facet normal -9.951847e-001 -9.801717e-002  -0.000000e+000
    outer loop
      vertex -3.874102e+000 -7.706068e-001  3.600000e+001
      vertex -3.874102e+000 -7.706068e-001  5.500000e+001
      vertex -3.950000e+000  0.000000e+000  5.500000e+001
    endloop
  endfacet
  facet normal  9.801717e-002 -9.951847e-001  2.165810e-017
    outer loop
      vertex  7.255793e-016 -3.950000e+000  5.500000e+001
      vertex  4.592420e-015 -3.950000e+000  3.750000e+001
      vertex  7.706068e-001 -3.874102e+000  5.500000e+001
    endloop
  endfacet
  facet normal  4.109615e-002 -9.991519e-001  2.523705e-003
    outer loop
      vertex  7.706068e-001 -3.874102e+000  5.500000e+001
      vertex  4.592420e-015 -3.950000e+000  3.750000e+001
      vertex  3.222148e-001 -3.936836e+000  3.746477e+001
    endloop
  endfacet
  facet normal  1.158628e-001 -9.932650e-001  5.907912e-004
    outer loop
      vertex  7.706068e-001 -3.874102e+000  5.500000e+001
      vertex  3.222148e-001 -3.936836e+000  3.746477e+001
      vertex  5.910885e-001 -3.905524e+000  3.737864e+001
    endloop
  endfacet
  facet normal  4.713969e-001 -8.819212e-001  0.000000e+000
    outer loop
      vertex  1.511600e+000 -3.649324e+000  5.500000e+001
      vertex  1.511600e+000 -3.649324e+000  3.600000e+001
      vertex  2.194502e+000 -3.284305e+000  5.500000e+001
    endloop
  endfacet
  facet normal  4.713969e-001 -8.819212e-001  0.000000e+000
    outer loop
      vertex  2.194502e+000 -3.284305e+000  5.500000e+001
      vertex  1.511600e+000 -3.649324e+000  3.600000e+001
      vertex  2.194502e+000 -3.284305e+000  3.600000e+001
    endloop
  endfacet
  facet normal  6.343933e-001 -7.730106e-001  0.000000e+000
    outer loop
      vertex  2.194502e+000 -3.284305e+000  5.500000e+001
      vertex  2.194502e+000 -3.284305e+000  3.600000e+001
      vertex  2.793072e+000 -2.793072e+000  5.500000e+001
    endloop
  endfacet
  facet normal  6.343933e-001 -7.730106e-001  0.000000e+000
    outer loop
      vertex  2.793072e+000 -2.793072e+000  5.500000e+001
      vertex  2.194502e+000 -3.284305e+000  3.600000e+001
      vertex  2.793072e+000 -2.793072e+000  3.600000e+001
    endloop
  endfacet
  facet normal  7.730106e-001 -6.343933e-001  0.000000e+000
    outer loop
      vertex  2.793072e+000 -2.793072e+000  5.500000e+001
      vertex  2.793072e+000 -2.793072e+000  3.600000e+001
      vertex  3.284305e+000 -2.194502e+000  5.500000e+001
    endloop
  endfacet
  facet normal  7.730106e-001 -6.343933e-001  0.000000e+000
    outer loop
      vertex  3.284305e+000 -2.194502e+000  5.500000e+001
      vertex  2.793072e+000 -2.793072e+000  3.600000e+001
      vertex  3.284305e+000 -2.194502e+000  3.600000e+001
    endloop
  endfacet
  facet normal  8.819212e-001 -4.713969e-001  0.000000e+000
    outer loop
      vertex  3.284305e+000 -2.194502e+000  5.500000e+001
      vertex  3.284305e+000 -2.194502e+000  3.600000e+001
      vertex  3.649324e+000 -1.511600e+000  5.500000e+001
    endloop
  endfacet
  facet normal  8.819212e-001 -4.713969e-001  0.000000e+000
    outer loop
      vertex  3.649324e+000 -1.511600e+000  5.500000e+001
      vertex  3.284305e+000 -2.194502e+000  3.600000e+001
      vertex  3.649324e+000 -1.511600e+000  3.600000e+001
    endloop
  endfacet
  facet normal  9.569404e-001 -2.902847e-001  0.000000e+000
    outer loop
      vertex  3.649324e+000 -1.511600e+000  5.500000e+001
      vertex  3.649324e+000 -1.511600e+000  3.600000e+001
      vertex  3.874102e+000 -7.706068e-001  5.500000e+001
    endloop
  endfacet
  facet normal  9.569404e-001 -2.902847e-001  0.000000e+000
    outer loop
      vertex  3.874102e+000 -7.706068e-001  5.500000e+001
      vertex  3.649324e+000 -1.511600e+000  3.600000e+001
      vertex  3.874102e+000 -7.706068e-001  3.600000e+001
    endloop
  endfacet
  facet normal  9.951847e-001 -9.801717e-002  0.000000e+000
    outer loop
      vertex  3.874102e+000 -7.706068e-001  5.500000e+001
      vertex  3.874102e+000 -7.706068e-001  3.600000e+001
      vertex  3.950000e+000  4.837195e-016  5.500000e+001
    endloop
  endfacet
  facet normal  4.713969e-001 -8.819212e-001  0.000000e+000
    outer loop
      vertex  1.511600e+000 -3.649324e+000  3.600000e+001
      vertex  1.511600e+000 -3.649324e+000 -5.500000e+001
      vertex  2.194502e+000 -3.284305e+000  3.600000e+001
    endloop
  endfacet
  facet normal  4.713969e-001 -8.819212e-001  0.000000e+000
    outer loop
      vertex  2.194502e+000 -3.284305e+000  3.600000e+001
      vertex  1.511600e+000 -3.649324e+000 -5.500000e+001
      vertex  2.194502e+000 -3.284305e+000 -5.500000e+001
    endloop
  endfacet
  facet normal  6.343932e-001 -7.730105e-001  0.000000e+000
    outer loop
      vertex  2.194502e+000 -3.284305e+000  3.600000e+001
      vertex  2.194502e+000 -3.284305e+000 -5.500000e+001
      vertex  2.793072e+000 -2.793072e+000  3.600000e+001
    endloop
  endfacet
  facet normal  6.343932e-001 -7.730105e-001  0.000000e+000
    outer loop
      vertex  2.793072e+000 -2.793072e+000  3.600000e+001
      vertex  2.194502e+000 -3.284305e+000 -5.500000e+001
      vertex  2.793072e+000 -2.793072e+000 -5.500000e+001
    endloop
  endfacet
  facet normal  7.730105e-001 -6.343932e-001  0.000000e+000
    outer loop
      vertex  2.793072e+000 -2.793072e+000  3.600000e+001
      vertex  2.793072e+000 -2.793072e+000 -5.500000e+001
      vertex  3.284305e+000 -2.194502e+000  3.600000e+001
    endloop
  endfacet
  facet normal  7.730105e-001 -6.343932e-001  0.000000e+000
    outer loop
      vertex  3.284305e+000 -2.194502e+000  3.600000e+001
      vertex  2.793072e+000 -2.793072e+000 -5.500000e+001
      vertex  3.284305e+000 -2.194502e+000 -5.500000e+001
    endloop
  endfacet
  facet normal  8.819212e-001 -4.713969e-001  0.000000e+000
    outer loop
      vertex  3.284305e+000 -2.194502e+000  3.600000e+001
      vertex  3.284305e+000 -2.194502e+000 -5.500000e+001
      vertex  3.649324e+000 -1.511600e+000  3.600000e+001
    endloop
  endfacet
  facet normal  8.819212e-001 -4.713969e-001  0.000000e+000
    outer loop
      vertex  3.649324e+000 -1.511600e+000  3.600000e+001
      vertex  3.284305e+000 -2.194502e+000 -5.500000e+001
      vertex  3.649324e+000 -1.511600e+000 -5.500000e+001
    endloop
  endfacet
  facet normal  9.569404e-001 -2.902847e-001  0.000000e+000
    outer loop
      vertex  3.649324e+000 -1.511600e+000  3.600000e+001
      vertex  3.649324e+000 -1.511600e+000 -5.500000e+001
      vertex  3.874102e+000 -7.706068e-001  3.600000e+001
    endloop
  endfacet
  facet normal  9.569404e-001 -2.902847e-001  0.000000e+000
    outer loop
      vertex  3.874102e+000 -7.706068e-001  3.600000e+001
      vertex  3.649324e+000 -1.511600e+000 -5.500000e+001
      vertex  3.874102e+000 -7.706068e-001 -5.500000e+001
    endloop
  endfacet
  facet normal  9.951847e-001 -9.801718e-002  0.000000e+000
    outer loop
      vertex  3.874102e+000 -7.706068e-001  3.600000e+001
      vertex  3.874102e+000 -7.706068e-001 -5.500000e+001
      vertex  3.950000e+000  4.837195e-016 -5.500000e+001
    endloop
  endfacet
  facet normal -1.856517e-001  9.826156e-001 -9.898681e-005
    outer loop
      vertex -6.110595e-001  3.902470e+000  3.736989e+001
      vertex -8.542354e-001  3.856512e+000  3.723300e+001
      vertex -7.706068e-001  3.874102e+000  5.500000e+001
    endloop
  endfacet
  facet normal -1.085556e-001  9.940903e-001 -1.413509e-004
    outer loop
      vertex -2.893522e-001  3.939385e+000  3.452817e+001
      vertex -7.706068e-001  3.874102e+000 -5.500000e+001
      vertex -5.676244e-001  3.909010e+000  3.461155e+001
    endloop
  endfacet
  facet normal -1.917893e-001  9.814361e-001  5.211429e-005
    outer loop
      vertex -5.676244e-001  3.909010e+000  3.461155e+001
      vertex -7.706068e-001  3.874102e+000 -5.500000e+001
      vertex -9.454986e-001  3.835155e+000  3.483551e+001
    endloop
  endfacet
  facet normal  9.801718e-002  9.951847e-001 -2.074651e-004
    outer loop
      vertex  7.706068e-001  3.874102e+000 -5.500000e+001
      vertex -2.418597e-016  3.950000e+000 -5.500000e+001
      vertex  3.281479e-001  3.936346e+000  3.453625e+001
    endloop
  endfacet
  facet normal  1.183035e-001  9.929774e-001 -1.056824e-004
    outer loop
      vertex  7.706068e-001  3.874102e+000 -5.500000e+001
      vertex  3.281479e-001  3.936346e+000  3.453625e+001
      vertex  6.055945e-001  3.903301e+000  3.462769e+001
    endloop
  endfacet
  facet normal  1.854316e-001  9.826571e-001  2.126835e-005
    outer loop
      vertex  7.706068e-001  3.874102e+000 -5.500000e+001
      vertex  6.055945e-001  3.903301e+000  3.462769e+001
      vertex  8.586322e-001  3.855548e+000  3.477004e+001
    endloop
  endfacet
  facet normal  2.462397e-001  9.692089e-001 -4.113751e-005
    outer loop
      vertex  7.706068e-001  3.874102e+000 -5.500000e+001
      vertex  8.586322e-001  3.855548e+000  3.477004e+001
      vertex  1.085541e+000  3.797907e+000  3.496490e+001
    endloop
  endfacet
  facet normal  3.071211e-001  9.516705e-001 -2.691150e-004
    outer loop
      vertex  7.706068e-001  3.874102e+000 -5.500000e+001
      vertex  1.085541e+000  3.797907e+000  3.496490e+001
      vertex  1.336646e+000  3.716972e+000  3.531932e+001
    endloop
  endfacet
  facet normal  3.577115e-001  9.338319e-001 -6.172039e-004
    outer loop
      vertex  7.706068e-001  3.874102e+000 -5.500000e+001
      vertex  1.336646e+000  3.716972e+000  3.531932e+001
      vertex  1.476100e+000  3.663827e+000  3.573454e+001
    endloop
  endfacet
  facet normal  3.856574e-001  9.226418e-001 -8.604254e-004
    outer loop
      vertex  7.706068e-001  3.874102e+000 -5.500000e+001
      vertex  1.476100e+000  3.663827e+000  3.573454e+001
      vertex  1.499821e+000  3.654181e+000  3.602296e+001
    endloop
  endfacet
  facet normal  3.798474e-001  9.250489e-001 -8.080643e-004
    outer loop
      vertex  7.706068e-001  3.874102e+000 -5.500000e+001
      vertex  1.499821e+000  3.654181e+000  3.602296e+001
      vertex  1.511600e+000  3.649324e+000  3.600000e+001
    endloop
  endfacet
  facet normal  2.902847e-001  9.569404e-001  0.000000e+000
    outer loop
      vertex  7.706068e-001  3.874102e+000 -5.500000e+001
      vertex  1.511600e+000  3.649324e+000  3.600000e+001
      vertex  1.511600e+000  3.649324e+000 -5.500000e+001
    endloop
  endfacet
  facet normal  2.902847e-001  9.569404e-001  0.000000e+000
    outer loop
      vertex  7.706068e-001  3.874102e+000  5.500000e+001
      vertex  1.511600e+000  3.649324e+000  5.500000e+001
      vertex  1.511600e+000  3.649324e+000  3.600000e+001
    endloop
  endfacet
  facet normal  3.882439e-001  9.215469e-001  4.239092e-003
    outer loop
      vertex  7.706068e-001  3.874102e+000  5.500000e+001
      vertex  1.511600e+000  3.649324e+000  3.600000e+001
      vertex  1.499821e+000  3.654181e+000  3.602296e+001
    endloop
  endfacet
  facet normal  4.184737e-001  9.082118e-001  5.555243e-003
    outer loop
      vertex  7.706068e-001  3.874102e+000  5.500000e+001
      vertex  1.499821e+000  3.654181e+000  3.602296e+001
      vertex  1.468585e+000  3.666846e+000  3.630537e+001
    endloop
  endfacet
  facet normal  3.709132e-001  9.286608e-001  3.552829e-003
    outer loop
      vertex  7.706068e-001  3.874102e+000  5.500000e+001
      vertex  1.468585e+000  3.666846e+000  3.630537e+001
      vertex  1.383071e+000  3.699948e+000  3.658054e+001
    endloop
  endfacet
  facet normal  3.360577e-001  9.418387e-001  2.269256e-003
    outer loop
      vertex  7.706068e-001  3.874102e+000  5.500000e+001
      vertex  1.383071e+000  3.699948e+000  3.658054e+001
      vertex  1.241891e+000  3.749694e+000  3.684133e+001
    endloop
  endfacet
  facet normal  2.917193e-001  9.565034e-001  1.018042e-003
    outer loop
      vertex  7.706068e-001  3.874102e+000  5.500000e+001
      vertex  1.241891e+000  3.749694e+000  3.684133e+001
      vertex  1.053124e+000  3.807024e+000  3.706810e+001
    endloop
  endfacet
  facet normal  2.377244e-001  9.713326e-001  1.118786e-004
    outer loop
      vertex  7.706068e-001  3.874102e+000  5.500000e+001
      vertex  1.053124e+000  3.807024e+000  3.706810e+001
      vertex  8.233855e-001  3.863229e+000  3.725384e+001
    endloop
  endfacet
  facet normal  1.588656e-001  9.873003e-001 -1.324384e-004
    outer loop
      vertex  7.706068e-001  3.874102e+000  5.500000e+001
      vertex  8.233855e-001  3.863229e+000  3.725384e+001
      vertex  4.305339e-001  3.926467e+000  3.743671e+001
    endloop
  endfacet
  facet normal  5.485990e-002  9.984922e-001  1.914761e-003
    outer loop
      vertex  7.706068e-001  3.874102e+000  5.500000e+001
      vertex  4.305339e-001  3.926467e+000  3.743671e+001
      vertex  4.592420e-015  3.950000e+000  3.750000e+001
    endloop
  endfacet
  facet normal  9.801717e-002  9.951847e-001  2.707671e-017
    outer loop
      vertex  7.706068e-001  3.874102e+000  5.500000e+001
      vertex  4.592420e-015  3.950000e+000  3.750000e+001
      vertex -2.418597e-016  3.950000e+000  5.500000e+001
    endloop
  endfacet
  facet normal -2.902847e-001  9.569403e-001  4.189365e-004
    outer loop
      vertex -1.511600e+000  3.649324e+000  5.500000e+001
      vertex -7.706068e-001  3.874102e+000  5.500000e+001
      vertex -8.542354e-001  3.856512e+000  3.723300e+001
    endloop
  endfacet
  facet normal -2.484435e-001  9.686441e-001  2.103509e-003
    outer loop
      vertex -1.511600e+000  3.649324e+000  5.500000e+001
      vertex -8.542354e-001  3.856512e+000  3.723300e+001
      vertex -1.094631e+000  3.795304e+000  3.702557e+001
    endloop
  endfacet
  facet normal -3.002012e-001  9.538755e-001  7.828957e-004
    outer loop
      vertex -1.511600e+000  3.649324e+000  5.500000e+001
      vertex -1.094631e+000  3.795304e+000  3.702557e+001
      vertex -1.268411e+000  3.740797e+000  3.680071e+001
    endloop
  endfacet
  facet normal -3.377253e-001  9.412447e-001  2.179932e-004
    outer loop
      vertex -1.511600e+000  3.649324e+000  5.500000e+001
      vertex -1.268411e+000  3.740797e+000  3.680071e+001
      vertex -1.397153e+000  3.694663e+000  3.654586e+001
    endloop
  endfacet
  facet normal -3.642674e-001  9.312945e-001  2.894122e-005
    outer loop
      vertex -1.511600e+000  3.649324e+000  5.500000e+001
      vertex -1.397153e+000  3.694663e+000  3.654586e+001
      vertex -1.478494e+000  3.662856e+000  3.625309e+001
    endloop
  endfacet
  facet normal -3.768320e-001  9.262816e-001  3.134520e-006
    outer loop
      vertex -1.511600e+000  3.649324e+000  5.500000e+001
      vertex -1.478494e+000  3.662856e+000  3.625309e+001
      vertex -1.499897e+000  3.654150e+000  3.598240e+001
    endloop
  endfacet
  facet normal -3.811898e-001  9.244968e-001  0.000000e+000
    outer loop
      vertex -1.511600e+000  3.649324e+000  5.500000e+001
      vertex -1.499897e+000  3.654150e+000  3.598240e+001
      vertex -1.511600e+000  3.649324e+000  3.600000e+001
    endloop
  endfacet
  facet normal -3.811898e-001  9.244969e-001  0.000000e+000
    outer loop
      vertex -1.511600e+000  3.649324e+000 -5.500000e+001
      vertex -1.511600e+000  3.649324e+000  3.600000e+001
      vertex -1.499897e+000  3.654150e+000  3.598240e+001
    endloop
  endfacet
  facet normal -3.755046e-001  9.268206e-001 -8.545190e-007
    outer loop
      vertex -1.511600e+000  3.649324e+000 -5.500000e+001
      vertex -1.499897e+000  3.654150e+000  3.598240e+001
      vertex -1.466015e+000  3.667876e+000  3.568251e+001
    endloop
  endfacet
  facet normal -3.606956e-001  9.326836e-001 -9.498204e-006
    outer loop
      vertex -1.511600e+000  3.649324e+000 -5.500000e+001
      vertex -1.466015e+000  3.667876e+000  3.568251e+001
      vertex -1.383792e+000  3.699672e+000  3.542110e+001
    endloop
  endfacet
  facet normal -3.321110e-001  9.432403e-001 -5.577996e-005
    outer loop
      vertex -1.511600e+000  3.649324e+000 -5.500000e+001
      vertex -1.383792e+000  3.699672e+000  3.542110e+001
      vertex -1.238211e+000  3.750915e+000  3.515334e+001
    endloop
  endfacet
  facet normal -2.768106e-001  9.609245e-001 -2.434054e-004
    outer loop
      vertex -1.511600e+000  3.649324e+000 -5.500000e+001
      vertex -1.238211e+000  3.750915e+000  3.515334e+001
      vertex -9.454986e-001  3.835155e+000  3.483551e+001
    endloop
  endfacet
  facet normal -2.902847e-001  9.569404e-001 -1.502564e-004
    outer loop
      vertex -1.511600e+000  3.649324e+000 -5.500000e+001
      vertex -9.454986e-001  3.835155e+000  3.483551e+001
      vertex -7.706068e-001  3.874102e+000 -5.500000e+001
    endloop
  endfacet
  facet normal -4.713969e-001  8.819212e-001  0.000000e+000
    outer loop
      vertex -1.511600e+000  3.649324e+000  3.600000e+001
      vertex -1.511600e+000  3.649324e+000 -5.500000e+001
      vertex -2.194502e+000  3.284305e+000  3.600000e+001
    endloop
  endfacet
  facet normal -4.713969e-001  8.819212e-001  0.000000e+000
    outer loop
      vertex -2.194502e+000  3.284305e+000  3.600000e+001
      vertex -1.511600e+000  3.649324e+000 -5.500000e+001
      vertex -2.194502e+000  3.284305e+000 -5.500000e+001
    endloop
  endfacet
  facet normal -6.343932e-001  7.730105e-001  0.000000e+000
    outer loop
      vertex -2.194502e+000  3.284305e+000  3.600000e+001
      vertex -2.194502e+000  3.284305e+000 -5.500000e+001
      vertex -2.793072e+000  2.793072e+000  3.600000e+001
    endloop
  endfacet
  facet normal -6.343932e-001  7.730105e-001  0.000000e+000
    outer loop
      vertex -2.793072e+000  2.793072e+000  3.600000e+001
      vertex -2.194502e+000  3.284305e+000 -5.500000e+001
      vertex -2.793072e+000  2.793072e+000 -5.500000e+001
    endloop
  endfacet
  facet normal -7.730105e-001  6.343932e-001  0.000000e+000
    outer loop
      vertex -2.793072e+000  2.793072e+000  3.600000e+001
      vertex -2.793072e+000  2.793072e+000 -5.500000e+001
      vertex -3.284305e+000  2.194502e+000  3.600000e+001
    endloop
  endfacet
  facet normal -7.730105e-001  6.343932e-001  0.000000e+000
    outer loop
      vertex -3.284305e+000  2.194502e+000  3.600000e+001
      vertex -2.793072e+000  2.793072e+000 -5.500000e+001
      vertex -3.284305e+000  2.194502e+000 -5.500000e+001
    endloop
  endfacet
  facet normal -8.819212e-001  4.713969e-001  0.000000e+000
    outer loop
      vertex -3.284305e+000  2.194502e+000  3.600000e+001
      vertex -3.284305e+000  2.194502e+000 -5.500000e+001
      vertex -3.649324e+000  1.511600e+000  3.600000e+001
    endloop
  endfacet
  facet normal -8.819212e-001  4.713969e-001  0.000000e+000
    outer loop
      vertex -3.649324e+000  1.511600e+000  3.600000e+001
      vertex -3.284305e+000  2.194502e+000 -5.500000e+001
      vertex -3.649324e+000  1.511600e+000 -5.500000e+001
    endloop
  endfacet
  facet normal -9.569404e-001  2.902847e-001  0.000000e+000
    outer loop
      vertex -3.649324e+000  1.511600e+000  3.600000e+001
      vertex -3.649324e+000  1.511600e+000 -5.500000e+001
      vertex -3.874102e+000  7.706068e-001  3.600000e+001
    endloop
  endfacet
  facet normal -9.569404e-001  2.902847e-001  0.000000e+000
    outer loop
      vertex -3.874102e+000  7.706068e-001  3.600000e+001
      vertex -3.649324e+000  1.511600e+000 -5.500000e+001
      vertex -3.874102e+000  7.706068e-001 -5.500000e+001
    endloop
  endfacet
  facet normal -9.951847e-001  9.801718e-002  0.000000e+000
    outer loop
      vertex -3.874102e+000  7.706068e-001  3.600000e+001
      vertex -3.874102e+000  7.706068e-001 -5.500000e+001
      vertex -3.950000e+000  0.000000e+000  5.500000e+001
    endloop
  endfacet
  facet normal -9.951847e-001  9.801718e-002  0.000000e+000
    outer loop
      vertex -3.950000e+000  0.000000e+000  5.500000e+001
      vertex -3.874102e+000  7.706068e-001 -5.500000e+001
      vertex -3.950000e+000  0.000000e+000 -5.500000e+001
    endloop
  endfacet
  facet normal  4.713969e-001  8.819212e-001  0.000000e+000
    outer loop
      vertex  1.511600e+000  3.649324e+000 -5.500000e+001
      vertex  1.511600e+000  3.649324e+000  3.600000e+001
      vertex  2.194502e+000  3.284305e+000 -5.500000e+001
    endloop
  endfacet
  facet normal  4.713969e-001  8.819212e-001  -0.000000e+000
    outer loop
      vertex  2.194502e+000  3.284305e+000 -5.500000e+001
      vertex  1.511600e+000  3.649324e+000  3.600000e+001
      vertex  2.194502e+000  3.284305e+000  3.600000e+001
    endloop
  endfacet
  facet normal  6.343932e-001  7.730105e-001  0.000000e+000
    outer loop
      vertex  2.194502e+000  3.284305e+000 -5.500000e+001
      vertex  2.194502e+000  3.284305e+000  3.600000e+001
      vertex  2.793072e+000  2.793072e+000 -5.500000e+001
    endloop
  endfacet
  facet normal  6.343932e-001  7.730105e-001  -0.000000e+000
    outer loop
      vertex  2.793072e+000  2.793072e+000 -5.500000e+001
      vertex  2.194502e+000  3.284305e+000  3.600000e+001
      vertex  2.793072e+000  2.793072e+000  3.600000e+001
    endloop
  endfacet
  facet normal  7.730105e-001  6.343932e-001  0.000000e+000
    outer loop
      vertex  2.793072e+000  2.793072e+000 -5.500000e+001
      vertex  2.793072e+000  2.793072e+000  3.600000e+001
      vertex  3.284305e+000  2.194502e+000 -5.500000e+001
    endloop
  endfacet
  facet normal  7.730105e-001  6.343932e-001  -0.000000e+000
    outer loop
      vertex  3.284305e+000  2.194502e+000 -5.500000e+001
      vertex  2.793072e+000  2.793072e+000  3.600000e+001
      vertex  3.284305e+000  2.194502e+000  3.600000e+001
    endloop
  endfacet
  facet normal  8.819212e-001  4.713969e-001  0.000000e+000
    outer loop
      vertex  3.284305e+000  2.194502e+000 -5.500000e+001
      vertex  3.284305e+000  2.194502e+000  3.600000e+001
      vertex  3.649324e+000  1.511600e+000 -5.500000e+001
    endloop
  endfacet
  facet normal  8.819212e-001  4.713969e-001  -0.000000e+000
    outer loop
      vertex  3.649324e+000  1.511600e+000 -5.500000e+001
      vertex  3.284305e+000  2.194502e+000  3.600000e+001
      vertex  3.649324e+000  1.511600e+000  3.600000e+001
    endloop
  endfacet
  facet normal  9.569404e-001  2.902847e-001  0.000000e+000
    outer loop
      vertex  3.649324e+000  1.511600e+000 -5.500000e+001
      vertex  3.649324e+000  1.511600e+000  3.600000e+001
      vertex  3.874102e+000  7.706068e-001 -5.500000e+001
    endloop
  endfacet
  facet normal  9.569404e-001  2.902847e-001  -0.000000e+000
    outer loop
      vertex  3.874102e+000  7.706068e-001 -5.500000e+001
      vertex  3.649324e+000  1.511600e+000  3.600000e+001
      vertex  3.874102e+000  7.706068e-001  3.600000e+001
    endloop
  endfacet
  facet normal  9.951847e-001  9.801718e-002  0.000000e+000
    outer loop
      vertex  3.874102e+000  7.706068e-001 -5.500000e+001
      vertex  3.874102e+000  7.706068e-001  3.600000e+001
      vertex  3.950000e+000  4.837195e-016 -5.500000e+001
    endloop
  endfacet
  facet normal  9.951847e-001  9.801718e-002  -0.000000e+000
    outer loop
      vertex  3.950000e+000  4.837195e-016 -5.500000e+001
      vertex  3.874102e+000  7.706068e-001  3.600000e+001
      vertex  3.950000e+000  4.837195e-016  5.500000e+001
    endloop
  endfacet
  facet normal  4.713969e-001  8.819212e-001  0.000000e+000
    outer loop
      vertex  1.511600e+000  3.649324e+000  3.600000e+001
      vertex  1.511600e+000  3.649324e+000  5.500000e+001
      vertex  2.194502e+000  3.284305e+000  3.600000e+001
    endloop
  endfacet
  facet normal  4.713969e-001  8.819212e-001  -0.000000e+000
    outer loop
      vertex  2.194502e+000  3.284305e+000  3.600000e+001
      vertex  1.511600e+000  3.649324e+000  5.500000e+001
      vertex  2.194502e+000  3.284305e+000  5.500000e+001
    endloop
  endfacet
  facet normal  6.343933e-001  7.730106e-001  0.000000e+000
    outer loop
      vertex  2.194502e+000  3.284305e+000  3.600000e+001
      vertex  2.194502e+000  3.284305e+000  5.500000e+001
      vertex  2.793072e+000  2.793072e+000  3.600000e+001
    endloop
  endfacet
  facet normal  6.343933e-001  7.730106e-001  -0.000000e+000
    outer loop
      vertex  2.793072e+000  2.793072e+000  3.600000e+001
      vertex  2.194502e+000  3.284305e+000  5.500000e+001
      vertex  2.793072e+000  2.793072e+000  5.500000e+001
    endloop
  endfacet
  facet normal  7.730106e-001  6.343933e-001  0.000000e+000
    outer loop
      vertex  2.793072e+000  2.793072e+000  3.600000e+001
      vertex  2.793072e+000  2.793072e+000  5.500000e+001
      vertex  3.284305e+000  2.194502e+000  3.600000e+001
    endloop
  endfacet
  facet normal  7.730106e-001  6.343933e-001  -0.000000e+000
    outer loop
      vertex  3.284305e+000  2.194502e+000  3.600000e+001
      vertex  2.793072e+000  2.793072e+000  5.500000e+001
      vertex  3.284305e+000  2.194502e+000  5.500000e+001
    endloop
  endfacet
  facet normal  8.819212e-001  4.713969e-001  0.000000e+000
    outer loop
      vertex  3.284305e+000  2.194502e+000  3.600000e+001
      vertex  3.284305e+000  2.194502e+000  5.500000e+001
      vertex  3.649324e+000  1.511600e+000  3.600000e+001
    endloop
  endfacet
  facet normal  8.819212e-001  4.713969e-001  -0.000000e+000
    outer loop
      vertex  3.649324e+000  1.511600e+000  3.600000e+001
      vertex  3.284305e+000  2.194502e+000  5.500000e+001
      vertex  3.649324e+000  1.511600e+000  5.500000e+001
    endloop
  endfacet
  facet normal  9.569404e-001  2.902847e-001  0.000000e+000
    outer loop
      vertex  3.649324e+000  1.511600e+000  3.600000e+001
      vertex  3.649324e+000  1.511600e+000  5.500000e+001
      vertex  3.874102e+000  7.706068e-001  3.600000e+001
    endloop
  endfacet
  facet normal  9.569404e-001  2.902847e-001  -0.000000e+000
    outer loop
      vertex  3.874102e+000  7.706068e-001  3.600000e+001
      vertex  3.649324e+000  1.511600e+000  5.500000e+001
      vertex  3.874102e+000  7.706068e-001  5.500000e+001
    endloop
  endfacet
  facet normal  9.951847e-001  9.801717e-002  0.000000e+000
    outer loop
      vertex  3.874102e+000  7.706068e-001  3.600000e+001
      vertex  3.874102e+000  7.706068e-001  5.500000e+001
      vertex  3.950000e+000  4.837195e-016  5.500000e+001
    endloop
  endfacet
  facet normal -9.801717e-002  9.951847e-001 -2.707671e-017
    outer loop
      vertex -2.418597e-016  3.950000e+000  5.500000e+001
      vertex  4.592420e-015  3.950000e+000  3.750000e+001
      vertex -7.706068e-001  3.874102e+000  5.500000e+001
    endloop
  endfacet
  facet normal -4.448911e-002  9.990070e-001  2.373668e-003
    outer loop
      vertex -7.706068e-001  3.874102e+000  5.500000e+001
      vertex  4.592420e-015  3.950000e+000  3.750000e+001
      vertex -3.452684e-001  3.934720e+000  3.745972e+001
    endloop
  endfacet
  facet normal -1.206197e-001  9.926987e-001  5.057575e-004
    outer loop
      vertex -7.706068e-001  3.874102e+000  5.500000e+001
      vertex -3.452684e-001  3.934720e+000  3.745972e+001
      vertex -6.110595e-001  3.902470e+000  3.736989e+001
    endloop
  endfacet
  facet normal -4.713969e-001  8.819212e-001  0.000000e+000
    outer loop
      vertex -1.511600e+000  3.649324e+000  5.500000e+001
      vertex -1.511600e+000  3.649324e+000  3.600000e+001
      vertex -2.194502e+000  3.284305e+000  5.500000e+001
    endloop
  endfacet
  facet normal -4.713969e-001  8.819212e-001  0.000000e+000
    outer loop
      vertex -2.194502e+000  3.284305e+000  5.500000e+001
      vertex -1.511600e+000  3.649324e+000  3.600000e+001
      vertex -2.194502e+000  3.284305e+000  3.600000e+001
    endloop
  endfacet
  facet normal -6.343933e-001  7.730106e-001  0.000000e+000
    outer loop
      vertex -2.194502e+000  3.284305e+000  5.500000e+001
      vertex -2.194502e+000  3.284305e+000  3.600000e+001
      vertex -2.793072e+000  2.793072e+000  5.500000e+001
    endloop
  endfacet
  facet normal -6.343933e-001  7.730106e-001  0.000000e+000
    outer loop
      vertex -2.793072e+000  2.793072e+000  5.500000e+001
      vertex -2.194502e+000  3.284305e+000  3.600000e+001
      vertex -2.793072e+000  2.793072e+000  3.600000e+001
    endloop
  endfacet
  facet normal -7.730106e-001  6.343933e-001  0.000000e+000
    outer loop
      vertex -2.793072e+000  2.793072e+000  5.500000e+001
      vertex -2.793072e+000  2.793072e+000  3.600000e+001
      vertex -3.284305e+000  2.194502e+000  5.500000e+001
    endloop
  endfacet
  facet normal -7.730106e-001  6.343933e-001  0.000000e+000
    outer loop
      vertex -3.284305e+000  2.194502e+000  5.500000e+001
      vertex -2.793072e+000  2.793072e+000  3.600000e+001
      vertex -3.284305e+000  2.194502e+000  3.600000e+001
    endloop
  endfacet
  facet normal -8.819212e-001  4.713969e-001  0.000000e+000
    outer loop
      vertex -3.284305e+000  2.194502e+000  5.500000e+001
      vertex -3.284305e+000  2.194502e+000  3.600000e+001
      vertex -3.649324e+000  1.511600e+000  5.500000e+001
    endloop
  endfacet
  facet normal -8.819212e-001  4.713969e-001  0.000000e+000
    outer loop
      vertex -3.649324e+000  1.511600e+000  5.500000e+001
      vertex -3.284305e+000  2.194502e+000  3.600000e+001
      vertex -3.649324e+000  1.511600e+000  3.600000e+001
    endloop
  endfacet
  facet normal -9.569404e-001  2.902847e-001  0.000000e+000
    outer loop
      vertex -3.649324e+000  1.511600e+000  5.500000e+001
      vertex -3.649324e+000  1.511600e+000  3.600000e+001
      vertex -3.874102e+000  7.706068e-001  5.500000e+001
    endloop
  endfacet
  facet normal -9.569404e-001  2.902847e-001  0.000000e+000
    outer loop
      vertex -3.874102e+000  7.706068e-001  5.500000e+001
      vertex -3.649324e+000  1.511600e+000  3.600000e+001
      vertex -3.874102e+000  7.706068e-001  3.600000e+001
    endloop
  endfacet
  facet normal -9.951847e-001  9.801717e-002  0.000000e+000
    outer loop
      vertex -3.874102e+000  7.706068e-001  5.500000e+001
      vertex -3.874102e+000  7.706068e-001  3.600000e+001
      vertex -3.950000e+000  0.000000e+000  5.500000e+001
    endloop
  endfacet
  facet normal -9.801718e-002  9.951848e-001 -1.987974e-004
    outer loop
      vertex -7.706068e-001  3.874102e+000 -5.500000e+001
      vertex -2.893522e-001  3.939385e+000  3.452817e+001
      vertex -2.418597e-016  3.950000e+000 -5.500000e+001
    endloop
  endfacet
  facet normal -3.665946e-002  9.993278e-001  1.754414e-018
    outer loop
      vertex -2.418597e-016  3.950000e+000 -5.500000e+001
      vertex -2.893522e-001  3.939385e+000  3.452817e+001
      vertex  4.041347e-015  3.950000e+000  3.450000e+001
    endloop
  endfacet
  facet normal  4.157402e-002  9.991355e-001 -1.989610e-018
    outer loop
      vertex -2.418597e-016  3.950000e+000 -5.500000e+001
      vertex  4.041347e-015  3.950000e+000  3.450000e+001
      vertex  3.281479e-001  3.936346e+000  3.453625e+001
    endloop
  endfacet
  facet normal  9.937122e-001  1.119644e-001  -0.000000e+000
    outer loop
      vertex -2.963781e+000 -6.764637e-001  5.500000e+001
      vertex -2.963781e+000 -6.764637e-001  3.600000e+001
      vertex -3.040000e+000 -3.444623e-015  5.500000e+001
    endloop
  endfacet
  facet normal  4.643013e-001  8.856773e-001 -7.856962e-005
    outer loop
      vertex -1.371868e+000 -2.712865e+000  3.660661e+001
      vertex -1.461600e+000 -2.665848e+000  3.633723e+001
      vertex -1.319007e+000 -2.738945e+000  5.500000e+001
    endloop
  endfacet
  facet normal  3.050751e-001  9.523282e-001 -4.918313e-004
    outer loop
      vertex -8.133844e-001 -2.929080e+000  3.726032e+001
      vertex -1.040215e+000 -2.856509e+000  3.708072e+001
      vertex -6.764637e-001 -2.963781e+000  5.500000e+001
    endloop
  endfacet
  facet normal  2.253905e-001  9.742685e-001  1.661177e-004
    outer loop
      vertex -6.764637e-001 -2.963781e+000  5.500000e+001
      vertex -5.536533e-001 -2.989190e+000  3.739408e+001
      vertex -8.133844e-001 -2.929080e+000  3.726032e+001
    endloop
  endfacet
  facet normal -3.989041e-001  9.169927e-001 -4.873618e-005
    outer loop
      vertex  1.295537e+000 -2.750124e+000  3.675592e+001
      vertex  1.128366e+000 -2.822834e+000  3.698825e+001
      vertex  1.319007e+000 -2.738945e+000  5.500000e+001
    endloop
  endfacet
  facet normal  6.386288e-002  9.979587e-001  0.000000e+000
    outer loop
      vertex  5.584205e-016 -3.040000e+000 -5.500000e+001
      vertex -3.877563e-001 -3.015186e+000  3.455098e+001
      vertex  4.041347e-015 -3.040000e+000  3.450000e+001
    endloop
  endfacet
  facet normal  5.320320e-001  8.467242e-001  -0.000000e+000
    outer loop
      vertex -1.319007e+000 -2.738945e+000 -5.500000e+001
      vertex -1.895409e+000 -2.376768e+000 -5.500000e+001
      vertex -1.895409e+000 -2.376768e+000  3.600000e+001
    endloop
  endfacet
  facet normal  5.600457e-001  8.284617e-001  2.501253e-004
    outer loop
      vertex -1.319007e+000 -2.738945e+000 -5.500000e+001
      vertex -1.895409e+000 -2.376768e+000  3.600000e+001
      vertex -1.498830e+000 -2.644876e+000  3.605924e+001
    endloop
  endfacet
  facet normal  4.901875e-001  8.716170e-001  6.758784e-005
    outer loop
      vertex -1.319007e+000 -2.738945e+000 -5.500000e+001
      vertex -1.498830e+000 -2.644876e+000  3.605924e+001
      vertex -1.484169e+000 -2.653100e+000  3.578264e+001
    endloop
  endfacet
  facet normal  4.772202e-001  8.787838e-001  3.721935e-005
    outer loop
      vertex -1.319007e+000 -2.738945e+000 -5.500000e+001
      vertex -1.484169e+000 -2.653100e+000  3.578264e+001
      vertex -1.417163e+000 -2.689475e+000  3.550842e+001
    endloop
  endfacet
  facet normal  4.466137e-001  8.947269e-001 -4.687819e-006
    outer loop
      vertex -1.319007e+000 -2.738945e+000 -5.500000e+001
      vertex -1.417163e+000 -2.689475e+000  3.550842e+001
      vertex -1.297521e+000 -2.749197e+000  3.524738e+001
    endloop
  endfacet
  facet normal  3.302793e-001  9.438833e-001  2.859267e-005
    outer loop
      vertex -6.764637e-001 -2.963781e+000 -5.500000e+001
      vertex -1.319007e+000 -2.738945e+000 -5.500000e+001
      vertex -1.297521e+000 -2.749197e+000  3.524738e+001
    endloop
  endfacet
  facet normal  3.990673e-001  9.169215e-001  5.660808e-004
    outer loop
      vertex -6.764637e-001 -2.963781e+000 -5.500000e+001
      vertex -1.297521e+000 -2.749197e+000  3.524738e+001
      vertex -1.124034e+000 -2.824555e+000  3.500675e+001
    endloop
  endfacet
  facet normal  3.350939e-001  9.421847e-001  2.088862e-004
    outer loop
      vertex -6.764637e-001 -2.963781e+000 -5.500000e+001
      vertex -1.124034e+000 -2.824555e+000  3.500675e+001
      vertex -9.102980e-001 -2.900527e+000  3.480779e+001
    endloop
  endfacet
  facet normal  2.573527e-001  9.663175e-001 -1.052726e-005
    outer loop
      vertex -6.764637e-001 -2.963781e+000 -5.500000e+001
      vertex -9.102980e-001 -2.900527e+000  3.480779e+001
      vertex -6.539538e-001 -2.968799e+000  3.465006e+001
    endloop
  endfacet
  facet normal  1.716751e-001  9.851536e-001  1.203956e-005
    outer loop
      vertex -6.764637e-001 -2.963781e+000 -5.500000e+001
      vertex -6.539538e-001 -2.968799e+000  3.465006e+001
      vertex -3.877563e-001 -3.015186e+000  3.455098e+001
    endloop
  endfacet
  facet normal  1.119644e-001  9.937122e-001  2.094565e-004
    outer loop
      vertex -6.764637e-001 -2.963781e+000 -5.500000e+001
      vertex -3.877563e-001 -3.015186e+000  3.455098e+001
      vertex  5.584205e-016 -3.040000e+000 -5.500000e+001
    endloop
  endfacet
  facet normal -1.119644e-001  9.937122e-001  4.357136e-018
    outer loop
      vertex  6.764637e-001 -2.963781e+000 -5.500000e+001
      vertex  5.584205e-016 -3.040000e+000 -5.500000e+001
      vertex  4.041347e-015 -3.040000e+000  3.450000e+001
    endloop
  endfacet
  facet normal -4.665840e-002  9.989108e-001  4.980263e-004
    outer loop
      vertex  6.764637e-001 -2.963781e+000 -5.500000e+001
      vertex  4.041347e-015 -3.040000e+000  3.450000e+001
      vertex  2.830867e-001 -3.026791e+000  3.452694e+001
    endloop
  endfacet
  facet normal -1.381844e-001  9.904065e-001  8.988037e-005
    outer loop
      vertex  6.764637e-001 -2.963781e+000 -5.500000e+001
      vertex  2.830867e-001 -3.026791e+000  3.452694e+001
      vertex  5.560533e-001 -2.988713e+000  3.460691e+001
    endloop
  endfacet
  facet normal -2.256401e-001  9.742107e-001 -3.214564e-005
    outer loop
      vertex  6.764637e-001 -2.963781e+000 -5.500000e+001
      vertex  5.560533e-001 -2.988713e+000  3.460691e+001
      vertex  8.146285e-001 -2.928819e+000  3.474053e+001
    endloop
  endfacet
  facet normal -3.056312e-001  9.521500e-001  9.960346e-005
    outer loop
      vertex  6.764637e-001 -2.963781e+000 -5.500000e+001
      vertex  8.146285e-001 -2.928819e+000  3.474053e+001
      vertex  1.041743e+000 -2.855936e+000  3.492089e+001
    endloop
  endfacet
  facet normal -3.302792e-001  9.438832e-001  2.096440e-004
    outer loop
      vertex  6.764637e-001 -2.963781e+000 -5.500000e+001
      vertex  1.041743e+000 -2.855936e+000  3.492089e+001
      vertex  1.319007e+000 -2.738945e+000 -5.500000e+001
    endloop
  endfacet
  facet normal -8.467242e-001  5.320320e-001  0.000000e+000
    outer loop
      vertex  2.738945e+000 -1.319007e+000  3.600000e+001
      vertex  2.376768e+000 -1.895409e+000 -5.500000e+001
      vertex  2.376768e+000 -1.895409e+000  3.600000e+001
    endloop
  endfacet
  facet normal -7.071068e-001  7.071068e-001  0.000000e+000
    outer loop
      vertex  2.376768e+000 -1.895409e+000  3.600000e+001
      vertex  2.376768e+000 -1.895409e+000 -5.500000e+001
      vertex  1.895409e+000 -2.376768e+000 -5.500000e+001
    endloop
  endfacet
  facet normal -7.071068e-001  7.071068e-001  0.000000e+000
    outer loop
      vertex  2.376768e+000 -1.895409e+000  3.600000e+001
      vertex  1.895409e+000 -2.376768e+000 -5.500000e+001
      vertex  1.895409e+000 -2.376768e+000  3.600000e+001
    endloop
  endfacet
  facet normal -8.467242e-001  5.320320e-001  0.000000e+000
    outer loop
      vertex  2.376768e+000 -1.895409e+000 -5.500000e+001
      vertex  2.738945e+000 -1.319007e+000  3.600000e+001
      vertex  2.738945e+000 -1.319007e+000 -5.500000e+001
    endloop
  endfacet
  facet normal -9.438833e-001  3.302793e-001  0.000000e+000
    outer loop
      vertex  2.738945e+000 -1.319007e+000 -5.500000e+001
      vertex  2.738945e+000 -1.319007e+000  3.600000e+001
      vertex  2.963781e+000 -6.764637e-001  3.600000e+001
    endloop
  endfacet
  facet normal -9.438833e-001  3.302793e-001  0.000000e+000
    outer loop
      vertex  2.738945e+000 -1.319007e+000 -5.500000e+001
      vertex  2.963781e+000 -6.764637e-001  3.600000e+001
      vertex  2.963781e+000 -6.764637e-001 -5.500000e+001
    endloop
  endfacet
  facet normal -9.937122e-001  1.119644e-001  0.000000e+000
    outer loop
      vertex  2.963781e+000 -6.764637e-001 -5.500000e+001
      vertex  2.963781e+000 -6.764637e-001  3.600000e+001
      vertex  3.040000e+000  1.722311e-015  5.500000e+001
    endloop
  endfacet
  facet normal -9.937122e-001  1.119644e-001  0.000000e+000
    outer loop
      vertex  2.963781e+000 -6.764637e-001 -5.500000e+001
      vertex  3.040000e+000  1.722311e-015  5.500000e+001
      vertex  3.040000e+000  1.722311e-015 -5.500000e+001
    endloop
  endfacet
  facet normal  8.467242e-001  5.320320e-001  0.000000e+000
    outer loop
      vertex -2.738945e+000 -1.319007e+000 -5.500000e+001
      vertex -2.376768e+000 -1.895409e+000  3.600000e+001
      vertex -2.376768e+000 -1.895409e+000 -5.500000e+001
    endloop
  endfacet
  facet normal  7.071068e-001  7.071068e-001  -0.000000e+000
    outer loop
      vertex -2.376768e+000 -1.895409e+000 -5.500000e+001
      vertex -2.376768e+000 -1.895409e+000  3.600000e+001
      vertex -1.895409e+000 -2.376768e+000  3.600000e+001
    endloop
  endfacet
  facet normal  7.071068e-001  7.071068e-001  0.000000e+000
    outer loop
      vertex -2.376768e+000 -1.895409e+000 -5.500000e+001
      vertex -1.895409e+000 -2.376768e+000  3.600000e+001
      vertex -1.895409e+000 -2.376768e+000 -5.500000e+001
    endloop
  endfacet
  facet normal  8.467242e-001  5.320320e-001  -0.000000e+000
    outer loop
      vertex -2.376768e+000 -1.895409e+000  3.600000e+001
      vertex -2.738945e+000 -1.319007e+000 -5.500000e+001
      vertex -2.738945e+000 -1.319007e+000  3.600000e+001
    endloop
  endfacet
  facet normal  9.438833e-001  3.302793e-001  0.000000e+000
    outer loop
      vertex -2.738945e+000 -1.319007e+000  3.600000e+001
      vertex -2.738945e+000 -1.319007e+000 -5.500000e+001
      vertex -2.963781e+000 -6.764637e-001 -5.500000e+001
    endloop
  endfacet
  facet normal  9.438833e-001  3.302793e-001  -0.000000e+000
    outer loop
      vertex -2.738945e+000 -1.319007e+000  3.600000e+001
      vertex -2.963781e+000 -6.764637e-001 -5.500000e+001
      vertex -2.963781e+000 -6.764637e-001  3.600000e+001
    endloop
  endfacet
  facet normal  9.937122e-001  1.119644e-001  0.000000e+000
    outer loop
      vertex -2.963781e+000 -6.764637e-001  3.600000e+001
      vertex -2.963781e+000 -6.764637e-001 -5.500000e+001
      vertex -3.040000e+000  0.000000e+000 -5.500000e+001
    endloop
  endfacet
  facet normal  9.937122e-001  1.119644e-001  3.506137e-018
    outer loop
      vertex -2.963781e+000 -6.764637e-001  3.600000e+001
      vertex -3.040000e+000  0.000000e+000 -5.500000e+001
      vertex -3.040000e+000 -3.444623e-015  5.500000e+001
    endloop
  endfacet
  facet normal -9.937122e-001  1.119644e-001  0.000000e+000
    outer loop
      vertex  3.040000e+000  1.722311e-015  5.500000e+001
      vertex  2.963781e+000 -6.764637e-001  3.600000e+001
      vertex  2.963781e+000 -6.764637e-001  5.500000e+001
    endloop
  endfacet
  facet normal -9.438832e-001  3.302793e-001  0.000000e+000
    outer loop
      vertex  2.963781e+000 -6.764637e-001  5.500000e+001
      vertex  2.963781e+000 -6.764637e-001  3.600000e+001
      vertex  2.738945e+000 -1.319007e+000  3.600000e+001
    endloop
  endfacet
  facet normal -9.438832e-001  3.302793e-001  0.000000e+000
    outer loop
      vertex  2.963781e+000 -6.764637e-001  5.500000e+001
      vertex  2.738945e+000 -1.319007e+000  3.600000e+001
      vertex  2.738945e+000 -1.319007e+000  5.500000e+001
    endloop
  endfacet
  facet normal -8.467243e-001  5.320320e-001  0.000000e+000
    outer loop
      vertex  2.738945e+000 -1.319007e+000  5.500000e+001
      vertex  2.738945e+000 -1.319007e+000  3.600000e+001
      vertex  2.376768e+000 -1.895409e+000  3.600000e+001
    endloop
  endfacet
  facet normal -8.467243e-001  5.320320e-001  0.000000e+000
    outer loop
      vertex  2.738945e+000 -1.319007e+000  5.500000e+001
      vertex  2.376768e+000 -1.895409e+000  3.600000e+001
      vertex  2.376768e+000 -1.895409e+000  5.500000e+001
    endloop
  endfacet
  facet normal -7.071068e-001  7.071068e-001  0.000000e+000
    outer loop
      vertex  2.376768e+000 -1.895409e+000  5.500000e+001
      vertex  2.376768e+000 -1.895409e+000  3.600000e+001
      vertex  1.895409e+000 -2.376768e+000  3.600000e+001
    endloop
  endfacet
  facet normal -7.071068e-001  7.071068e-001  0.000000e+000
    outer loop
      vertex  2.376768e+000 -1.895409e+000  5.500000e+001
      vertex  1.895409e+000 -2.376768e+000  3.600000e+001
      vertex  1.895409e+000 -2.376768e+000  5.500000e+001
    endloop
  endfacet
  facet normal -5.600122e-001  8.284844e-001  0.000000e+000
    outer loop
      vertex  1.895409e+000 -2.376768e+000  5.500000e+001
      vertex  1.895409e+000 -2.376768e+000  3.600000e+001
      vertex  1.498900e+000 -2.644787e+000  3.594248e+001
    endloop
  endfacet
  facet normal -5.105949e-001  8.598201e-001 -1.468870e-003
    outer loop
      vertex  1.895409e+000 -2.376768e+000  5.500000e+001
      vertex  1.498900e+000 -2.644787e+000  3.594248e+001
      vertex  1.483468e+000 -2.653474e+000  3.622194e+001
    endloop
  endfacet
  facet normal  4.928408e-001  8.701194e-001 -3.575627e-004
    outer loop
      vertex -1.461600e+000 -2.665848e+000  3.633723e+001
      vertex -1.498830e+000 -2.644876e+000  3.605924e+001
      vertex -1.319007e+000 -2.738945e+000  5.500000e+001
    endloop
  endfacet
  facet normal  5.601944e-001  8.283603e-001 -1.204413e-003
    outer loop
      vertex -1.319007e+000 -2.738945e+000  5.500000e+001
      vertex -1.498830e+000 -2.644876e+000  3.605924e+001
      vertex -1.895409e+000 -2.376768e+000  3.600000e+001
    endloop
  endfacet
  facet normal  5.320320e-001  8.467243e-001  -0.000000e+000
    outer loop
      vertex -1.319007e+000 -2.738945e+000  5.500000e+001
      vertex -1.895409e+000 -2.376768e+000  3.600000e+001
      vertex -1.895409e+000 -2.376768e+000  5.500000e+001
    endloop
  endfacet
  facet normal  7.071068e-001  7.071068e-001  0.000000e+000
    outer loop
      vertex -1.895409e+000 -2.376768e+000  5.500000e+001
      vertex -1.895409e+000 -2.376768e+000  3.600000e+001
      vertex -2.376768e+000 -1.895409e+000  3.600000e+001
    endloop
  endfacet
  facet normal  7.071068e-001  7.071068e-001  -0.000000e+000
    outer loop
      vertex -1.895409e+000 -2.376768e+000  5.500000e+001
      vertex -2.376768e+000 -1.895409e+000  3.600000e+001
      vertex -2.376768e+000 -1.895409e+000  5.500000e+001
    endloop
  endfacet
  facet normal  8.467243e-001  5.320320e-001  0.000000e+000
    outer loop
      vertex -2.376768e+000 -1.895409e+000  5.500000e+001
      vertex -2.376768e+000 -1.895409e+000  3.600000e+001
      vertex -2.738945e+000 -1.319007e+000  3.600000e+001
    endloop
  endfacet
  facet normal  8.467243e-001  5.320320e-001  -0.000000e+000
    outer loop
      vertex -2.376768e+000 -1.895409e+000  5.500000e+001
      vertex -2.738945e+000 -1.319007e+000  3.600000e+001
      vertex -2.738945e+000 -1.319007e+000  5.500000e+001
    endloop
  endfacet
  facet normal  9.438832e-001  3.302793e-001  0.000000e+000
    outer loop
      vertex -2.738945e+000 -1.319007e+000  5.500000e+001
      vertex -2.738945e+000 -1.319007e+000  3.600000e+001
      vertex -2.963781e+000 -6.764637e-001  3.600000e+001
    endloop
  endfacet
  facet normal  9.438832e-001  3.302793e-001  -0.000000e+000
    outer loop
      vertex -2.738945e+000 -1.319007e+000  5.500000e+001
      vertex -2.963781e+000 -6.764637e-001  3.600000e+001
      vertex -2.963781e+000 -6.764637e-001  5.500000e+001
    endloop
  endfacet
  facet normal  4.286636e-001  9.034641e-001  4.907039e-005
    outer loop
      vertex -1.371868e+000 -2.712865e+000  3.660661e+001
      vertex -1.319007e+000 -2.738945e+000  5.500000e+001
      vertex -1.233729e+000 -2.778421e+000  3.685318e+001
    endloop
  endfacet
  facet normal  3.302792e-001  9.438831e-001 -5.011931e-004
    outer loop
      vertex -1.233729e+000 -2.778421e+000  3.685318e+001
      vertex -1.319007e+000 -2.738945e+000  5.500000e+001
      vertex -6.764637e-001 -2.963781e+000  5.500000e+001
    endloop
  endfacet
  facet normal  3.763219e-001  9.264866e-001 -2.092801e-003
    outer loop
      vertex -1.233729e+000 -2.778421e+000  3.685318e+001
      vertex -6.764637e-001 -2.963781e+000  5.500000e+001
      vertex -1.040215e+000 -2.856509e+000  3.708072e+001
    endloop
  endfacet
  facet normal  4.652688e-002  9.989170e-001  0.000000e+000
    outer loop
      vertex  4.592420e-015 -3.040000e+000  3.750000e+001
      vertex -2.824588e-001 -3.026844e+000  3.747317e+001
      vertex  5.584205e-016 -3.040000e+000  5.500000e+001
    endloop
  endfacet
  facet normal  1.379469e-001  9.904385e-001 -1.479670e-003
    outer loop
      vertex  5.584205e-016 -3.040000e+000  5.500000e+001
      vertex -2.824588e-001 -3.026844e+000  3.747317e+001
      vertex -5.536533e-001 -2.989190e+000  3.739408e+001
    endloop
  endfacet
  facet normal  1.119644e-001  9.937121e-001 -6.531500e-004
    outer loop
      vertex  5.584205e-016 -3.040000e+000  5.500000e+001
      vertex -5.536533e-001 -2.989190e+000  3.739408e+001
      vertex -6.764637e-001 -2.963781e+000  5.500000e+001
    endloop
  endfacet
  facet normal -1.772510e-001  9.841657e-001 -1.709675e-005
    outer loop
      vertex  6.699355e-001 -2.965263e+000  3.734208e+001
      vertex  4.066700e-001 -3.012676e+000  3.744354e+001
      vertex  6.764637e-001 -2.963781e+000  5.500000e+001
    endloop
  endfacet
  facet normal -6.727825e-002  9.977328e-001 -1.744856e-003
    outer loop
      vertex  6.764637e-001 -2.963781e+000  5.500000e+001
      vertex  4.066700e-001 -3.012676e+000  3.744354e+001
      vertex  4.592420e-015 -3.040000e+000  3.750000e+001
    endloop
  endfacet
  facet normal -1.119644e-001  9.937122e-001 -2.580938e-017
    outer loop
      vertex  6.764637e-001 -2.963781e+000  5.500000e+001
      vertex  4.592420e-015 -3.040000e+000  3.750000e+001
      vertex  5.584205e-016 -3.040000e+000  5.500000e+001
    endloop
  endfacet
  facet normal -3.356913e-001  9.419717e-001 -8.341333e-004
    outer loop
      vertex  1.128366e+000 -2.822834e+000  3.698825e+001
      vertex  9.069181e-001 -2.901568e+000  3.719480e+001
      vertex  1.319007e+000 -2.738945e+000  5.500000e+001
    endloop
  endfacet
  facet normal -2.611681e-001  9.652894e-001 -2.771890e-003
    outer loop
      vertex  1.319007e+000 -2.738945e+000  5.500000e+001
      vertex  9.069181e-001 -2.901568e+000  3.719480e+001
      vertex  6.699355e-001 -2.965263e+000  3.734208e+001
    endloop
  endfacet
  facet normal -3.302793e-001  9.438832e-001  4.285977e-005
    outer loop
      vertex  1.319007e+000 -2.738945e+000  5.500000e+001
      vertex  6.699355e-001 -2.965263e+000  3.734208e+001
      vertex  6.764637e-001 -2.963781e+000  5.500000e+001
    endloop
  endfacet
  facet normal -4.461113e-001  8.949775e-001  2.548222e-005
    outer loop
      vertex  1.295537e+000 -2.750124e+000  3.675592e+001
      vertex  1.319007e+000 -2.738945e+000  5.500000e+001
      vertex  1.416418e+000 -2.689862e+000  3.649370e+001
    endloop
  endfacet
  facet normal -5.320320e-001  8.467241e-001 -5.547562e-004
    outer loop
      vertex  1.416418e+000 -2.689862e+000  3.649370e+001
      vertex  1.319007e+000 -2.738945e+000  5.500000e+001
      vertex  1.895409e+000 -2.376768e+000  5.500000e+001
    endloop
  endfacet
  facet normal -4.840957e-001  8.750122e-001 -2.274055e-003
    outer loop
      vertex  1.416418e+000 -2.689862e+000  3.649370e+001
      vertex  1.895409e+000 -2.376768e+000  5.500000e+001
      vertex  1.483468e+000 -2.653474e+000  3.622194e+001
    endloop
  endfacet
  facet normal -3.863758e-001  9.223415e-001  8.648066e-006
    outer loop
      vertex  1.041743e+000 -2.855936e+000  3.492089e+001
      vertex  1.304781e+000 -2.745751e+000  3.526002e+001
      vertex  1.319007e+000 -2.738945e+000 -5.500000e+001
    endloop
  endfacet
  facet normal -4.553101e-001  8.903330e-001 -4.630194e-006
    outer loop
      vertex  1.319007e+000 -2.738945e+000 -5.500000e+001
      vertex  1.304781e+000 -2.745751e+000  3.526002e+001
      vertex  1.462387e+000 -2.665150e+000  3.566631e+001
    endloop
  endfacet
  facet normal -5.320320e-001  8.467242e-001  1.521927e-004
    outer loop
      vertex  1.319007e+000 -2.738945e+000 -5.500000e+001
      vertex  1.462387e+000 -2.665150e+000  3.566631e+001
      vertex  1.895409e+000 -2.376768e+000 -5.500000e+001
    endloop
  endfacet
  facet normal -4.895757e-001  8.719606e-001  4.352334e-004
    outer loop
      vertex  1.895409e+000 -2.376768e+000 -5.500000e+001
      vertex  1.462387e+000 -2.665150e+000  3.566631e+001
      vertex  1.498900e+000 -2.644787e+000  3.594248e+001
    endloop
  endfacet
  facet normal -5.600122e-001  8.284843e-001  0.000000e+000
    outer loop
      vertex  1.895409e+000 -2.376768e+000 -5.500000e+001
      vertex  1.498900e+000 -2.644787e+000  3.594248e+001
      vertex  1.895409e+000 -2.376768e+000  3.600000e+001
    endloop
  endfacet
  facet normal  9.085444e-001 -5.855187e-003  4.177476e-001
    outer loop
      vertex -1.417163e+000 -2.689475e+000  3.550842e+001
      vertex -1.338443e+000 -3.716361e+000  3.532282e+001
      vertex -1.297521e+000 -2.749197e+000  3.524738e+001
    endloop
  endfacet
  facet normal  8.182653e-001  1.021153e-002  5.747500e-001
    outer loop
      vertex -1.297521e+000 -2.749197e+000  3.524738e+001
      vertex -1.338443e+000 -3.716361e+000  3.532282e+001
      vertex -1.087168e+000 -3.797430e+000  3.496653e+001
    endloop
  endfacet
  facet normal  8.121314e-001  6.653178e-003  5.834367e-001
    outer loop
      vertex -1.297521e+000 -2.749197e+000  3.524738e+001
      vertex -1.087168e+000 -3.797430e+000  3.496653e+001
      vertex -1.124034e+000 -2.824555e+000  3.500675e+001
    endloop
  endfacet
  facet normal  6.514279e-001 -6.681683e-003  7.586810e-001
    outer loop
      vertex -1.124034e+000 -2.824555e+000  3.500675e+001
      vertex -1.087168e+000 -3.797430e+000  3.496653e+001
      vertex -8.603219e-001 -3.855168e+000  3.477124e+001
    endloop
  endfacet
  facet normal  6.828038e-001  7.772635e-003  7.305604e-001
    outer loop
      vertex -1.124034e+000 -2.824555e+000  3.500675e+001
      vertex -8.603219e-001 -3.855168e+000  3.477124e+001
      vertex -9.102980e-001 -2.900527e+000  3.480779e+001
    endloop
  endfacet
  facet normal  4.905039e-001 -7.687203e-003  8.714051e-001
    outer loop
      vertex -9.102980e-001 -2.900527e+000  3.480779e+001
      vertex -8.603219e-001 -3.855168e+000  3.477124e+001
      vertex -6.076517e-001 -3.902961e+000  3.462859e+001
    endloop
  endfacet
  facet normal  5.252993e-001  6.484715e-003  8.508930e-001
    outer loop
      vertex -9.102980e-001 -2.900527e+000  3.480779e+001
      vertex -6.076517e-001 -3.902961e+000  3.462859e+001
      vertex -6.539538e-001 -2.968799e+000  3.465006e+001
    endloop
  endfacet
  facet normal  3.138579e-001 -6.260100e-003  9.494494e-001
    outer loop
      vertex -6.539538e-001 -2.968799e+000  3.465006e+001
      vertex -6.076517e-001 -3.902961e+000  3.462859e+001
      vertex -3.315057e-001 -3.936025e+000  3.453709e+001
    endloop
  endfacet
  facet normal  3.499103e-001  7.241478e-003  9.367552e-001
    outer loop
      vertex -6.539538e-001 -2.968799e+000  3.465006e+001
      vertex -3.315057e-001 -3.936025e+000  3.453709e+001
      vertex -3.877563e-001 -3.015186e+000  3.455098e+001
    endloop
  endfacet
  facet normal  1.108445e-001 -8.222895e-003  9.938038e-001
    outer loop
      vertex -3.877563e-001 -3.015186e+000  3.455098e+001
      vertex -3.315057e-001 -3.936025e+000  3.453709e+001
      vertex  4.408729e-015 -3.950000e+000  3.450000e+001
    endloop
  endfacet
  facet normal  1.303612e-001  5.262893e-017  9.914666e-001
    outer loop
      vertex -3.877563e-001 -3.015186e+000  3.455098e+001
      vertex  4.408729e-015 -3.950000e+000  3.450000e+001
      vertex  4.041347e-015 -3.040000e+000  3.450000e+001
    endloop
  endfacet
  facet normal  2.790185e-001 -7.206741e-003 -9.602587e-001
    outer loop
      vertex -2.824588e-001 -3.026844e+000  3.747317e+001
      vertex -4.298763e-001 -3.926417e+000  3.743708e+001
      vertex -5.536533e-001 -2.989190e+000  3.739408e+001
    endloop
  endfacet
  facet normal  4.236372e-001  1.439496e-002 -9.057176e-001
    outer loop
      vertex -5.536533e-001 -2.989190e+000  3.739408e+001
      vertex -4.298763e-001 -3.926417e+000  3.743708e+001
      vertex -8.222306e-001 -3.863470e+000  3.725457e+001
    endloop
  endfacet
  facet normal  4.580702e-001  1.135846e-003 -8.889153e-001
    outer loop
      vertex -5.536533e-001 -2.989190e+000  3.739408e+001
      vertex -8.222306e-001 -3.863470e+000  3.725457e+001
      vertex -8.133844e-001 -2.929080e+000  3.726032e+001
    endloop
  endfacet
  facet normal  6.275936e-001 -1.148632e-003 -7.785401e-001
    outer loop
      vertex -8.133844e-001 -2.929080e+000  3.726032e+001
      vertex -8.222306e-001 -3.863470e+000  3.725457e+001
      vertex -1.051923e+000 -3.807344e+000  3.706932e+001
    endloop
  endfacet
  facet normal  6.210986e-001  1.744130e-003 -7.837304e-001
    outer loop
      vertex -8.133844e-001 -2.929080e+000  3.726032e+001
      vertex -1.051923e+000 -3.807344e+000  3.706932e+001
      vertex -1.040215e+000 -2.856509e+000  3.708072e+001
    endloop
  endfacet
  facet normal  7.677173e-001 -1.774241e-003 -6.407862e-001
    outer loop
      vertex -1.040215e+000 -2.856509e+000  3.708072e+001
      vertex -1.051923e+000 -3.807344e+000  3.706932e+001
      vertex -1.240754e+000 -3.750082e+000  3.684293e+001
    endloop
  endfacet
  facet normal  7.619929e-001  1.319443e-003 -6.475841e-001
    outer loop
      vertex -1.040215e+000 -2.856509e+000  3.708072e+001
      vertex -1.240754e+000 -3.750082e+000  3.684293e+001
      vertex -1.233729e+000 -2.778421e+000  3.685318e+001
    endloop
  endfacet
  facet normal  8.785157e-001 -1.314371e-003 -4.777117e-001
    outer loop
      vertex -1.233729e+000 -2.778421e+000  3.685318e+001
      vertex -1.240754e+000 -3.750082e+000  3.684293e+001
      vertex -1.382223e+000 -3.700266e+000  3.658263e+001
    endloop
  endfacet
  facet normal  8.727138e-001  2.705611e-003 -4.882248e-001
    outer loop
      vertex -1.233729e+000 -2.778421e+000  3.685318e+001
      vertex -1.382223e+000 -3.700266e+000  3.658263e+001
      vertex -1.371868e+000 -2.712865e+000  3.660661e+001
    endloop
  endfacet
  facet normal  9.544086e-001 -2.759651e-003 -2.984905e-001
    outer loop
      vertex -1.371868e+000 -2.712865e+000  3.660661e+001
      vertex -1.382223e+000 -3.700266e+000  3.658263e+001
      vertex -1.468079e+000 -3.667063e+000  3.630780e+001
    endloop
  endfacet
  facet normal  9.489076e-001  3.133642e-003 -3.155385e-001
    outer loop
      vertex -1.371868e+000 -2.712865e+000  3.660661e+001
      vertex -1.468079e+000 -3.667063e+000  3.630780e+001
      vertex -1.461600e+000 -2.665848e+000  3.633723e+001
    endloop
  endfacet
  facet normal  9.936838e-001 -3.133211e-003 -1.121724e-001
    outer loop
      vertex -1.461600e+000 -2.665848e+000  3.633723e+001
      vertex -1.468079e+000 -3.667063e+000  3.630780e+001
      vertex -1.499761e+000 -3.654166e+000  3.602679e+001
    endloop
  endfacet
  facet normal  9.911787e-001  3.345639e-003 -1.324905e-001
    outer loop
      vertex -1.461600e+000 -2.665848e+000  3.633723e+001
      vertex -1.499761e+000 -3.654166e+000  3.602679e+001
      vertex -1.498830e+000 -2.644876e+000  3.605924e+001
    endloop
  endfacet
  facet normal  9.969220e-001 -3.437956e-003  7.832390e-002
    outer loop
      vertex -1.498830e+000 -2.644876e+000  3.605924e+001
      vertex -1.499761e+000 -3.654166e+000  3.602679e+001
      vertex -1.477234e+000 -3.663588e+000  3.573966e+001
    endloop
  endfacet
  facet normal  9.985948e-001  4.606843e-003  5.279318e-002
    outer loop
      vertex -1.498830e+000 -2.644876e+000  3.605924e+001
      vertex -1.477234e+000 -3.663588e+000  3.573966e+001
      vertex -1.484169e+000 -2.653100e+000  3.578264e+001
    endloop
  endfacet
  facet normal  9.485004e-001 -6.962924e-003  3.166994e-001
    outer loop
      vertex -1.484169e+000 -2.653100e+000  3.578264e+001
      vertex -1.477234e+000 -3.663588e+000  3.573966e+001
      vertex -1.338443e+000 -3.716361e+000  3.532282e+001
    endloop
  endfacet
  facet normal  9.718931e-001  3.235849e-002  2.331884e-001
    outer loop
      vertex -1.484169e+000 -2.653100e+000  3.578264e+001
      vertex -1.338443e+000 -3.716361e+000  3.532282e+001
      vertex -1.417163e+000 -2.689475e+000  3.550842e+001
    endloop
  endfacet
  facet normal  9.457067e-002  0.000000e+000 -9.955181e-001
    outer loop
      vertex  4.592420e-015 -3.040000e+000  3.750000e+001
      vertex  4.592420e-015 -3.950000e+000  3.750000e+001
      vertex -2.824588e-001 -3.026844e+000  3.747317e+001
    endloop
  endfacet
  facet normal  1.456462e-001  1.581094e-002 -9.892104e-001
    outer loop
      vertex -2.824588e-001 -3.026844e+000  3.747317e+001
      vertex  4.592420e-015 -3.950000e+000  3.750000e+001
      vertex -4.298763e-001 -3.926417e+000  3.743708e+001
    endloop
  endfacet
  facet normal  7.373236e-001 -1.379681e-002  6.753988e-001
    outer loop
      vertex -1.043247e+000  2.855386e+000  3.492221e+001
      vertex -9.454986e-001  3.835155e+000  3.483551e+001
      vertex -1.238211e+000  3.750915e+000  3.515334e+001
    endloop
  endfacet
  facet normal  7.887775e-001  1.311274e-002  6.145391e-001
    outer loop
      vertex -1.238211e+000  3.750915e+000  3.515334e+001
      vertex -1.305196e+000  2.745543e+000  3.526077e+001
      vertex -1.043247e+000  2.855386e+000  3.492221e+001
    endloop
  endfacet
  facet normal  6.209985e-001  7.398652e-003  7.837768e-001
    outer loop
      vertex -1.043247e+000  2.855386e+000  3.492221e+001
      vertex -8.153523e-001  2.928537e+000  3.474095e+001
      vertex -9.454986e-001  3.835155e+000  3.483551e+001
    endloop
  endfacet
  facet normal  4.637795e-001 -2.578777e-002  8.855753e-001
    outer loop
      vertex -9.454986e-001  3.835155e+000  3.483551e+001
      vertex -8.153523e-001  2.928537e+000  3.474095e+001
      vertex -5.557644e-001  2.988765e+000  3.460676e+001
    endloop
  endfacet
  facet normal  5.095650e-001  2.090951e-003  8.604296e-001
    outer loop
      vertex -9.454986e-001  3.835155e+000  3.483551e+001
      vertex -5.557644e-001  2.988765e+000  3.460676e+001
      vertex -5.676244e-001  3.909010e+000  3.461155e+001
    endloop
  endfacet
  facet normal  2.810073e-001 -1.371138e-003  9.597047e-001
    outer loop
      vertex -5.676244e-001  3.909010e+000  3.461155e+001
      vertex -5.557644e-001  2.988765e+000  3.460676e+001
      vertex -2.829273e-001  3.026806e+000  3.452692e+001
    endloop
  endfacet
  facet normal  2.869367e-001  7.107206e-004  9.579493e-001
    outer loop
      vertex -5.676244e-001  3.909010e+000  3.461155e+001
      vertex -2.829273e-001  3.026806e+000  3.452692e+001
      vertex -2.893522e-001  3.939385e+000  3.452817e+001
    endloop
  endfacet
  facet normal  9.476674e-002 -6.935557e-004  9.954992e-001
    outer loop
      vertex -2.893522e-001  3.939385e+000  3.452817e+001
      vertex -2.829273e-001  3.026806e+000  3.452692e+001
      vertex  4.408729e-015  3.040000e+000  3.450000e+001
    endloop
  endfacet
  facet normal  9.690253e-002  3.912113e-017  9.952939e-001
    outer loop
      vertex -2.893522e-001  3.939385e+000  3.452817e+001
      vertex  4.408729e-015  3.040000e+000  3.450000e+001
      vertex  4.041347e-015  3.950000e+000  3.450000e+001
    endloop
  endfacet
  facet normal  8.791353e-001 -7.656643e-003  4.765108e-001
    outer loop
      vertex -1.238211e+000  3.750915e+000  3.515334e+001
      vertex -1.383792e+000  3.699672e+000  3.542110e+001
      vertex -1.305196e+000  2.745543e+000  3.526077e+001
    endloop
  endfacet
  facet normal  9.525971e-001  2.755479e-002  3.029843e-001
    outer loop
      vertex -1.305196e+000  2.745543e+000  3.526077e+001
      vertex -1.383792e+000  3.699672e+000  3.542110e+001
      vertex -1.466015e+000  3.667876e+000  3.568251e+001
    endloop
  endfacet
  facet normal  9.325173e-001 -2.527519e-003  3.611164e-001
    outer loop
      vertex -1.305196e+000  2.745543e+000  3.526077e+001
      vertex -1.466015e+000  3.667876e+000  3.568251e+001
      vertex -1.462345e+000  2.665186e+000  3.566602e+001
    endloop
  endfacet
  facet normal  9.936673e-001  1.788649e-003  1.123483e-001
    outer loop
      vertex -1.462345e+000  2.665186e+000  3.566602e+001
      vertex -1.466015e+000  3.667876e+000  3.568251e+001
      vertex -1.499897e+000  3.654150e+000  3.598240e+001
    endloop
  endfacet
  facet normal  9.913832e-001 -4.241085e-003  1.309254e-001
    outer loop
      vertex -1.462345e+000  2.665186e+000  3.566602e+001
      vertex -1.499897e+000  3.654150e+000  3.598240e+001
      vertex -1.498878e+000  2.644800e+000  3.594198e+001
    endloop
  endfacet
  facet normal  9.968697e-001  4.167671e-003 -7.895263e-002
    outer loop
      vertex -1.498878e+000  2.644800e+000  3.594198e+001
      vertex -1.499897e+000  3.654150e+000  3.598240e+001
      vertex -1.478494e+000  3.662856e+000  3.625309e+001
    endloop
  endfacet
  facet normal  9.984981e-001 -3.279367e-003 -5.469025e-002
    outer loop
      vertex -1.498878e+000  2.644800e+000  3.594198e+001
      vertex -1.478494e+000  3.662856e+000  3.625309e+001
      vertex -1.483530e+000  2.653459e+000  3.622168e+001
    endloop
  endfacet
  facet normal  9.633983e-001  3.536673e-003 -2.680507e-001
    outer loop
      vertex -1.483530e+000  2.653459e+000  3.622168e+001
      vertex -1.478494e+000  3.662856e+000  3.625309e+001
      vertex -1.397153e+000  3.694663e+000  3.654586e+001
    endloop
  endfacet
  facet normal  9.709726e-001 -6.101666e-003 -2.391128e-001
    outer loop
      vertex -1.483530e+000  2.653459e+000  3.622168e+001
      vertex -1.397153e+000  3.694663e+000  3.654586e+001
      vertex -1.416037e+000  2.690045e+000  3.649481e+001
    endloop
  endfacet
  facet normal  8.921053e-001  6.187496e-003 -4.517851e-001
    outer loop
      vertex -1.416037e+000  2.690045e+000  3.649481e+001
      vertex -1.397153e+000  3.694663e+000  3.654586e+001
      vertex -1.268411e+000  3.740797e+000  3.680071e+001
    endloop
  endfacet
  facet normal  9.078320e-001 -5.479623e-003 -4.192984e-001
    outer loop
      vertex -1.416037e+000  2.690045e+000  3.649481e+001
      vertex -1.268411e+000  3.740797e+000  3.680071e+001
      vertex -1.293086e+000  2.751293e+000  3.676022e+001
    endloop
  endfacet
  facet normal  7.906015e-001  5.342154e-003 -6.123077e-001
    outer loop
      vertex -1.293086e+000  2.751293e+000  3.676022e+001
      vertex -1.268411e+000  3.740797e+000  3.680071e+001
      vertex -1.094631e+000  3.795304e+000  3.702557e+001
    endloop
  endfacet
  facet normal  8.103566e-001 -5.121249e-003 -5.859147e-001
    outer loop
      vertex -1.293086e+000  2.751293e+000  3.676022e+001
      vertex -1.094631e+000  3.795304e+000  3.702557e+001
      vertex -1.124578e+000  2.824337e+000  3.699263e+001
    endloop
  endfacet
  facet normal  6.524661e-001  5.578283e-003 -7.577974e-001
    outer loop
      vertex -1.124578e+000  2.824337e+000  3.699263e+001
      vertex -1.094631e+000  3.795304e+000  3.702557e+001
      vertex -8.542354e-001  3.856512e+000  3.723300e+001
    endloop
  endfacet
  facet normal  6.800214e-001 -7.377349e-003 -7.331551e-001
    outer loop
      vertex -1.124578e+000  2.824337e+000  3.699263e+001
      vertex -8.542354e-001  3.856512e+000  3.723300e+001
      vertex -9.007921e-001  2.903425e+000  3.719941e+001
    endloop
  endfacet
  facet normal  4.895645e-001  6.817752e-003 -8.719404e-001
    outer loop
      vertex -9.007921e-001  2.903425e+000  3.719941e+001
      vertex -8.542354e-001  3.856512e+000  3.723300e+001
      vertex -6.110595e-001  3.902470e+000  3.736989e+001
    endloop
  endfacet
  facet normal  5.232633e-001 -6.332853e-003 -8.521476e-001
    outer loop
      vertex -9.007921e-001  2.903425e+000  3.719941e+001
      vertex -6.110595e-001  3.902470e+000  3.736989e+001
      vertex -6.583158e-001  2.967817e+000  3.734782e+001
    endloop
  endfacet
  facet normal  3.194914e-001  6.223280e-003 -9.475688e-001
    outer loop
      vertex -6.583158e-001  2.967817e+000  3.734782e+001
      vertex -6.110595e-001  3.902470e+000  3.736989e+001
      vertex -3.452684e-001  3.934720e+000  3.745972e+001
    endloop
  endfacet
  facet normal  3.526341e-001 -5.875725e-003 -9.357428e-001
    outer loop
      vertex -6.583158e-001  2.967817e+000  3.734782e+001
      vertex -3.452684e-001  3.934720e+000  3.745972e+001
      vertex -3.921553e-001  3.014398e+000  3.744783e+001
    endloop
  endfacet
  facet normal  1.155692e-001  6.945142e-003 -9.932752e-001
    outer loop
      vertex -3.921553e-001  3.014398e+000  3.744783e+001
      vertex -3.452684e-001  3.934720e+000  3.745972e+001
      vertex  4.592420e-015  3.950000e+000  3.750000e+001
    endloop
  endfacet
  facet normal  1.318717e-001  0.000000e+000 -9.912667e-001
    outer loop
      vertex -3.921553e-001  3.014398e+000  3.744783e+001
      vertex  4.592420e-015  3.950000e+000  3.750000e+001
      vertex  4.592420e-015  3.040000e+000  3.750000e+001
    endloop
  endfacet
endsolid CATIA STL
